link,Correlation
"=HYPERLINK(""https://stackoverflow.com/a/19256710"", ""19256710"")",0.23076923076923078
"=HYPERLINK(""https://stackoverflow.com/a/31624645"", ""31624645"")",0.3010752688172042
"=HYPERLINK(""https://stackoverflow.com/a/33427366"", ""33427366"")",0.14285714285714285
"=HYPERLINK(""https://stackoverflow.com/a/34117638"", ""34117638"")",0.15384615384615385
"=HYPERLINK(""https://stackoverflow.com/a/37228218"", ""37228218"")",0.33333333333333326
"=HYPERLINK(""https://stackoverflow.com/a/40747245"", ""40747245"")",0.35
"=HYPERLINK(""https://stackoverflow.com/a/41701996"", ""41701996"")",0.3081761006289308
"=HYPERLINK(""https://stackoverflow.com/a/41837739"", ""41837739"")",0.42708333333333326
"=HYPERLINK(""https://stackoverflow.com/a/47200688"", ""47200688"")",0.22619047619047616
"=HYPERLINK(""https://stackoverflow.com/a/47312300"", ""47312300"")",0.22107081174438692
"=HYPERLINK(""https://stackoverflow.com/a/47656801"", ""47656801"")",0.5528455284552847
"=HYPERLINK(""https://stackoverflow.com/a/47730616"", ""47730616"")",0.28070175438596484
"=HYPERLINK(""https://stackoverflow.com/a/47936581"", ""47936581"")",0.42307692307692313
"=HYPERLINK(""https://stackoverflow.com/a/48668890"", ""48668890"")",0.35598705501618133
"=HYPERLINK(""https://stackoverflow.com/a/50160838"", ""50160838"")",0.40804597701149425
"=HYPERLINK(""https://stackoverflow.com/a/50222330"", ""50222330"")",0.37943262411347517
"=HYPERLINK(""https://stackoverflow.com/a/51313052"", ""51313052"")",0.1904761904761904
"=HYPERLINK(""https://stackoverflow.com/a/51533689"", ""51533689"")",0.13953488372093026
"=HYPERLINK(""https://stackoverflow.com/a/51882371"", ""51882371"")",0.468671679197995
"=HYPERLINK(""https://stackoverflow.com/a/51957335"", ""51957335"")",0.40196078431372556
"=HYPERLINK(""https://stackoverflow.com/a/52005660"", ""52005660"")",0.250778816199377
"=HYPERLINK(""https://stackoverflow.com/a/52132509"", ""52132509"")",0.2587064676616916
"=HYPERLINK(""https://stackoverflow.com/a/52211010"", ""52211010"")",0.4061624649859944
"=HYPERLINK(""https://stackoverflow.com/a/52247638"", ""52247638"")",0.4587155963302753
"=HYPERLINK(""https://stackoverflow.com/a/53343052"", ""53343052"")",0.35519125683060115
"=HYPERLINK(""https://stackoverflow.com/a/53344170"", ""53344170"")",0.3840579710144927
"=HYPERLINK(""https://stackoverflow.com/a/53399583"", ""53399583"")",0.33333333333333337
"=HYPERLINK(""https://stackoverflow.com/a/53432034"", ""53432034"")",0.39944903581267227
"=HYPERLINK(""https://stackoverflow.com/a/53439997"", ""53439997"")",0.2144927536231884
"=HYPERLINK(""https://stackoverflow.com/a/54334643"", ""54334643"")",0.21236559139784947
"=HYPERLINK(""https://stackoverflow.com/a/54524071"", ""54524071"")",0.2466039707419018
"=HYPERLINK(""https://stackoverflow.com/a/54719256"", ""54719256"")",0.40650406504065034
"=HYPERLINK(""https://stackoverflow.com/a/54890950"", ""54890950"")",0.30833333333333335
"=HYPERLINK(""https://stackoverflow.com/a/55250517"", ""55250517"")",0.3742138364779874
"=HYPERLINK(""https://stackoverflow.com/a/55739129"", ""55739129"")",0.49333333333333335
"=HYPERLINK(""https://stackoverflow.com/a/57209947"", ""57209947"")",0.35227272727272735
"=HYPERLINK(""https://stackoverflow.com/a/57703935"", ""57703935"")",0.5083333333333334
"=HYPERLINK(""https://stackoverflow.com/a/57813126"", ""57813126"")",0.343042071197411
"=HYPERLINK(""https://stackoverflow.com/a/58139158"", ""58139158"")",0.22463768115942026
"=HYPERLINK(""https://stackoverflow.com/a/58207865"", ""58207865"")",0.125
"=HYPERLINK(""https://stackoverflow.com/a/58912193"", ""58912193"")",0.2756410256410256
"=HYPERLINK(""https://stackoverflow.com/a/59106704"", ""59106704"")",0.5285714285714287
"=HYPERLINK(""https://stackoverflow.com/a/59193782"", ""59193782"")",0.6621004566210047
"=HYPERLINK(""https://stackoverflow.com/a/60541545"", ""60541545"")",0.4275362318840579
"=HYPERLINK(""https://stackoverflow.com/a/60627761"", ""60627761"")",0.3244047619047619
"=HYPERLINK(""https://stackoverflow.com/a/60727248"", ""60727248"")",0.32069510268562407
"=HYPERLINK(""https://stackoverflow.com/a/60955252"", ""60955252"")",0.38333333333333336
"=HYPERLINK(""https://stackoverflow.com/a/61095301"", ""61095301"")",0.41568627450980394
"=HYPERLINK(""https://stackoverflow.com/a/61268554"", ""61268554"")",0.6751412429378532
"=HYPERLINK(""https://stackoverflow.com/a/61364770"", ""61364770"")",0.540453074433657
"=HYPERLINK(""https://stackoverflow.com/a/61740160"", ""61740160"")",0.3416666666666668
"=HYPERLINK(""https://stackoverflow.com/a/61918361"", ""61918361"")",0.43081761006289315
"=HYPERLINK(""https://stackoverflow.com/a/61930821"", ""61930821"")",0.47807017543859653
"=HYPERLINK(""https://stackoverflow.com/a/62021353"", ""62021353"")",0.29411764705882354
"=HYPERLINK(""https://stackoverflow.com/a/62205866"", ""62205866"")",0.570675105485232
"=HYPERLINK(""https://stackoverflow.com/a/62579474"", ""62579474"")",0.4975124378109453
"=HYPERLINK(""https://stackoverflow.com/a/62842974"", ""62842974"")",0.25049309664694286
"=HYPERLINK(""https://stackoverflow.com/a/63100545"", ""63100545"")",0.3333333333333332
"=HYPERLINK(""https://stackoverflow.com/a/64171025"", ""64171025"")",0.22522522522522523
"=HYPERLINK(""https://stackoverflow.com/a/64211142"", ""64211142"")",0.21428571428571427
"=HYPERLINK(""https://stackoverflow.com/a/64220818"", ""64220818"")",0.2948717948717949
"=HYPERLINK(""https://stackoverflow.com/a/64889334"", ""64889334"")",0.3806228373702422
"=HYPERLINK(""https://stackoverflow.com/a/64980099"", ""64980099"")",0.43971631205673767
"=HYPERLINK(""https://stackoverflow.com/a/65286750"", ""65286750"")",0.3577235772357723
"=HYPERLINK(""https://stackoverflow.com/a/66080135"", ""66080135"")",0.24999999999999994
"=HYPERLINK(""https://stackoverflow.com/a/66095196"", ""66095196"")",0.3181818181818181
"=HYPERLINK(""https://stackoverflow.com/a/66318522"", ""66318522"")",0.38831615120274915
"=HYPERLINK(""https://stackoverflow.com/a/66344099"", ""66344099"")",0.34959349593495936
"=HYPERLINK(""https://stackoverflow.com/a/66495945"", ""66495945"")",0.39880952380952384
"=HYPERLINK(""https://stackoverflow.com/a/66748193"", ""66748193"")",0.3605442176870748
"=HYPERLINK(""https://stackoverflow.com/a/67014282"", ""67014282"")",0.509433962264151
"=HYPERLINK(""https://stackoverflow.com/a/67100891"", ""67100891"")",0.41025641025641024
"=HYPERLINK(""https://stackoverflow.com/a/67614349"", ""67614349"")",0.696969696969697
"=HYPERLINK(""https://stackoverflow.com/a/67824532"", ""67824532"")",0.16666666666666669
"=HYPERLINK(""https://stackoverflow.com/a/68167939"", ""68167939"")",0.2713178294573643
"=HYPERLINK(""https://stackoverflow.com/a/68195967"", ""68195967"")",0.186046511627907
"=HYPERLINK(""https://stackoverflow.com/a/68279589"", ""68279589"")",0.45739910313901344
"=HYPERLINK(""https://stackoverflow.com/a/68578199"", ""68578199"")",0.7693798449612402
"=HYPERLINK(""https://stackoverflow.com/a/68594962"", ""68594962"")",0.3938053097345132
"=HYPERLINK(""https://stackoverflow.com/a/68766685"", ""68766685"")",0.7454068241469817
"=HYPERLINK(""https://stackoverflow.com/a/69130070"", ""69130070"")",0.38662486938349006
"=HYPERLINK(""https://stackoverflow.com/a/69180972"", ""69180972"")",0.2913907284768213
"=HYPERLINK(""https://stackoverflow.com/a/69222160"", ""69222160"")",0.38709677419354827
"=HYPERLINK(""https://stackoverflow.com/a/69248456"", ""69248456"")",0.2628205128205129
"=HYPERLINK(""https://stackoverflow.com/a/69579901"", ""69579901"")",0.49913644214162345
"=HYPERLINK(""https://stackoverflow.com/a/69618746"", ""69618746"")",0.401129943502825
"=HYPERLINK(""https://stackoverflow.com/a/69697597"", ""69697597"")",0.34051724137931033
"=HYPERLINK(""https://stackoverflow.com/a/69800440"", ""69800440"")",0.5564738292011021
"=HYPERLINK(""https://stackoverflow.com/a/69893636"", ""69893636"")",0.33333333333333337
"=HYPERLINK(""https://stackoverflow.com/a/69894435"", ""69894435"")",0.2133333333333333
"=HYPERLINK(""https://stackoverflow.com/a/69979354"", ""69979354"")",0.34313725490196084
"=HYPERLINK(""https://stackoverflow.com/a/70381318"", ""70381318"")",0.3151260504201681
"=HYPERLINK(""https://stackoverflow.com/a/70644817"", ""70644817"")",0.5390624999999999
"=HYPERLINK(""https://stackoverflow.com/a/71069421"", ""71069421"")",0.310077519379845
"=HYPERLINK(""https://stackoverflow.com/a/71164398"", ""71164398"")",0.4696969696969696
"=HYPERLINK(""https://stackoverflow.com/a/71371918"", ""71371918"")",0.30455635491606725
"=HYPERLINK(""https://stackoverflow.com/a/71611913"", ""71611913"")",0.27363184079601993
"=HYPERLINK(""https://stackoverflow.com/a/71659204"", ""71659204"")",0.20537634408602146
"=HYPERLINK(""https://stackoverflow.com/a/71750480"", ""71750480"")",0.18666666666666673
"=HYPERLINK(""https://stackoverflow.com/a/71774864"", ""71774864"")",0.19819819819819817
"=HYPERLINK(""https://stackoverflow.com/a/71774962"", ""71774962"")",0.3461538461538461
"=HYPERLINK(""https://stackoverflow.com/a/71886883"", ""71886883"")",0.41322314049586784
"=HYPERLINK(""https://stackoverflow.com/a/72035340"", ""72035340"")",0.35547355473554737
"=HYPERLINK(""https://stackoverflow.com/a/72096064"", ""72096064"")",0.38541666666666663
"=HYPERLINK(""https://stackoverflow.com/a/72120706"", ""72120706"")",0.5894736842105263
"=HYPERLINK(""https://stackoverflow.com/a/72170384"", ""72170384"")",0.711509715994021
"=HYPERLINK(""https://stackoverflow.com/a/72463879"", ""72463879"")",0.307426597582038
