link,Correlation
"=HYPERLINK(""https://stackoverflow.com/q/26310836"", ""26310836"")",0.3360881542699725
"=HYPERLINK(""https://stackoverflow.com/q/29850614"", ""29850614"")",0.3758865248226951
"=HYPERLINK(""https://stackoverflow.com/q/30748791"", ""30748791"")",0.2787878787878788
"=HYPERLINK(""https://stackoverflow.com/q/31876597"", ""31876597"")",0.3210784313725491
"=HYPERLINK(""https://stackoverflow.com/q/39071771"", ""39071771"")",0.4666666666666668
"=HYPERLINK(""https://stackoverflow.com/q/41603082"", ""41603082"")",0.44408251900108575
"=HYPERLINK(""https://stackoverflow.com/q/42367141"", ""42367141"")",0.39285714285714285
"=HYPERLINK(""https://stackoverflow.com/q/45182882"", ""45182882"")",0.4657534246575342
"=HYPERLINK(""https://stackoverflow.com/q/45726324"", ""45726324"")",0.7510460251046025
"=HYPERLINK(""https://stackoverflow.com/q/46479218"", ""46479218"")",0.2761904761904762
"=HYPERLINK(""https://stackoverflow.com/q/47310212"", ""47310212"")",0.34328358208955223
"=HYPERLINK(""https://stackoverflow.com/q/47656525"", ""47656525"")",0.475609756097561
"=HYPERLINK(""https://stackoverflow.com/q/48213625"", ""48213625"")",0.31077694235588976
"=HYPERLINK(""https://stackoverflow.com/q/48392125"", ""48392125"")",0.23809523809523808
"=HYPERLINK(""https://stackoverflow.com/q/48610337"", ""48610337"")",0.42346938775510207
"=HYPERLINK(""https://stackoverflow.com/q/49148479"", ""49148479"")",0.5154761904761905
"=HYPERLINK(""https://stackoverflow.com/q/49299079"", ""49299079"")",0.20512820512820515
"=HYPERLINK(""https://stackoverflow.com/q/49391938"", ""49391938"")",0.34375000000000006
"=HYPERLINK(""https://stackoverflow.com/q/49410417"", ""49410417"")",0.4308176100628931
"=HYPERLINK(""https://stackoverflow.com/q/49909866"", ""49909866"")",0.34365781710914456
"=HYPERLINK(""https://stackoverflow.com/q/49934963"", ""49934963"")",0.6559139784946236
"=HYPERLINK(""https://stackoverflow.com/q/49985533"", ""49985533"")",0.27168949771689505
"=HYPERLINK(""https://stackoverflow.com/q/50024278"", ""50024278"")",0.4053030303030302
"=HYPERLINK(""https://stackoverflow.com/q/50072510"", ""50072510"")",0.4069529652351739
"=HYPERLINK(""https://stackoverflow.com/q/50127250"", ""50127250"")",0.3480392156862746
"=HYPERLINK(""https://stackoverflow.com/q/50219443"", ""50219443"")",0.6904761904761906
"=HYPERLINK(""https://stackoverflow.com/q/50334323"", ""50334323"")",0.5847457627118645
"=HYPERLINK(""https://stackoverflow.com/q/50447540"", ""50447540"")",0.3469387755102041
"=HYPERLINK(""https://stackoverflow.com/q/50473170"", ""50473170"")",0.3881278538812786
"=HYPERLINK(""https://stackoverflow.com/q/50584153"", ""50584153"")",0.3069306930693069
"=HYPERLINK(""https://stackoverflow.com/q/50588334"", ""50588334"")",0.5687943262411348
"=HYPERLINK(""https://stackoverflow.com/q/50675402"", ""50675402"")",0.6119402985074628
"=HYPERLINK(""https://stackoverflow.com/q/50717812"", ""50717812"")",0.5939849624060152
"=HYPERLINK(""https://stackoverflow.com/q/50941901"", ""50941901"")",0.3897849462365592
"=HYPERLINK(""https://stackoverflow.com/q/51016017"", ""51016017"")",0.5112781954887218
"=HYPERLINK(""https://stackoverflow.com/q/51251335"", ""51251335"")",0.5482093663911847
"=HYPERLINK(""https://stackoverflow.com/q/51309523"", ""51309523"")",0.3143939393939395
"=HYPERLINK(""https://stackoverflow.com/q/51521834"", ""51521834"")",0.3398058252427184
"=HYPERLINK(""https://stackoverflow.com/q/51556466"", ""51556466"")",0.6734972677595628
"=HYPERLINK(""https://stackoverflow.com/q/51573538"", ""51573538"")",0.5159420289855072
"=HYPERLINK(""https://stackoverflow.com/q/51652464"", ""51652464"")",0.7670682730923695
"=HYPERLINK(""https://stackoverflow.com/q/51662499"", ""51662499"")",0.5234374999999999
"=HYPERLINK(""https://stackoverflow.com/q/51664903"", ""51664903"")",0.5338345864661654
"=HYPERLINK(""https://stackoverflow.com/q/51673953"", ""51673953"")",0.3647058823529412
"=HYPERLINK(""https://stackoverflow.com/q/51709706"", ""51709706"")",0.6358543417366946
"=HYPERLINK(""https://stackoverflow.com/q/51797713"", ""51797713"")",0.40579710144927533
"=HYPERLINK(""https://stackoverflow.com/q/51805268"", ""51805268"")",0.4761904761904762
"=HYPERLINK(""https://stackoverflow.com/q/51830514"", ""51830514"")",0.3821138211382114
"=HYPERLINK(""https://stackoverflow.com/q/51856869"", ""51856869"")",0.5673758865248227
"=HYPERLINK(""https://stackoverflow.com/q/51867204"", ""51867204"")",0.4776119402985075
"=HYPERLINK(""https://stackoverflow.com/q/51873458"", ""51873458"")",0.7218225419664269
"=HYPERLINK(""https://stackoverflow.com/q/51876206"", ""51876206"")",0.45074224021592435
"=HYPERLINK(""https://stackoverflow.com/q/51878538"", ""51878538"")",0.5396039603960395
"=HYPERLINK(""https://stackoverflow.com/q/52000064"", ""52000064"")",0.41869918699187
"=HYPERLINK(""https://stackoverflow.com/q/52006646"", ""52006646"")",0.21794871794871798
"=HYPERLINK(""https://stackoverflow.com/q/52080326"", ""52080326"")",0.33886583679114796
"=HYPERLINK(""https://stackoverflow.com/q/52113967"", ""52113967"")",0.63681592039801
"=HYPERLINK(""https://stackoverflow.com/q/52117135"", ""52117135"")",0.5465686274509806
"=HYPERLINK(""https://stackoverflow.com/q/52157527"", ""52157527"")",0.4670912951167729
"=HYPERLINK(""https://stackoverflow.com/q/52177719"", ""52177719"")",0.6219931271477664
"=HYPERLINK(""https://stackoverflow.com/q/52230119"", ""52230119"")",0.5354166666666668
"=HYPERLINK(""https://stackoverflow.com/q/52251778"", ""52251778"")",0.3581267217630855
"=HYPERLINK(""https://stackoverflow.com/q/52252770"", ""52252770"")",0.5570776255707763
"=HYPERLINK(""https://stackoverflow.com/q/52253475"", ""52253475"")",0.4187327823691461
"=HYPERLINK(""https://stackoverflow.com/q/52305192"", ""52305192"")",0.3663003663003664
"=HYPERLINK(""https://stackoverflow.com/q/52313021"", ""52313021"")",0.43421052631578944
"=HYPERLINK(""https://stackoverflow.com/q/52314280"", ""52314280"")",0.4218942189421893
"=HYPERLINK(""https://stackoverflow.com/q/52319164"", ""52319164"")",0.45017182130584205
"=HYPERLINK(""https://stackoverflow.com/q/52323192"", ""52323192"")",0.5915300546448089
"=HYPERLINK(""https://stackoverflow.com/q/52337158"", ""52337158"")",0.37681159420289856
"=HYPERLINK(""https://stackoverflow.com/q/52388403"", ""52388403"")",0.5260416666666666
"=HYPERLINK(""https://stackoverflow.com/q/52485638"", ""52485638"")",0.8018867924528301
"=HYPERLINK(""https://stackoverflow.com/q/52493720"", ""52493720"")",0.3002754820936639
"=HYPERLINK(""https://stackoverflow.com/q/52545026"", ""52545026"")",0.7904761904761906
"=HYPERLINK(""https://stackoverflow.com/q/52837805"", ""52837805"")",0.3620689655172413
"=HYPERLINK(""https://stackoverflow.com/q/52858958"", ""52858958"")",0.5973782771535581
"=HYPERLINK(""https://stackoverflow.com/q/52937291"", ""52937291"")",0.3952380952380952
"=HYPERLINK(""https://stackoverflow.com/q/52959941"", ""52959941"")",0.5367231638418081
"=HYPERLINK(""https://stackoverflow.com/q/53173867"", ""53173867"")",0.45179063360881544
"=HYPERLINK(""https://stackoverflow.com/q/53293276"", ""53293276"")",0.5841924398625431
"=HYPERLINK(""https://stackoverflow.com/q/53322840"", ""53322840"")",0.8033573141486812
"=HYPERLINK(""https://stackoverflow.com/q/53430654"", ""53430654"")",0.7246376811594203
"=HYPERLINK(""https://stackoverflow.com/q/53435943"", ""53435943"")",0.6724806201550387
"=HYPERLINK(""https://stackoverflow.com/q/53461678"", ""53461678"")",0.42887473460721864
"=HYPERLINK(""https://stackoverflow.com/q/53473260"", ""53473260"")",0.40178571428571447
"=HYPERLINK(""https://stackoverflow.com/q/53509089"", ""53509089"")",0.7396449704142011
"=HYPERLINK(""https://stackoverflow.com/q/53539109"", ""53539109"")",0.5745614035087718
"=HYPERLINK(""https://stackoverflow.com/q/53620190"", ""53620190"")",0.5147679324894516
"=HYPERLINK(""https://stackoverflow.com/q/53671813"", ""53671813"")",0.4409090909090909
"=HYPERLINK(""https://stackoverflow.com/q/53707183"", ""53707183"")",0.7142857142857144
"=HYPERLINK(""https://stackoverflow.com/q/53808407"", ""53808407"")",0.44812362030905084
"=HYPERLINK(""https://stackoverflow.com/q/53811355"", ""53811355"")",0.49704142011834324
"=HYPERLINK(""https://stackoverflow.com/q/53907340"", ""53907340"")",0.45625000000000004
"=HYPERLINK(""https://stackoverflow.com/q/53970229"", ""53970229"")",0.456989247311828
"=HYPERLINK(""https://stackoverflow.com/q/53975453"", ""53975453"")",0.3465783664459162
"=HYPERLINK(""https://stackoverflow.com/q/53979651"", ""53979651"")",0.3508771929824561
"=HYPERLINK(""https://stackoverflow.com/q/54034683"", ""54034683"")",0.2871148459383754
"=HYPERLINK(""https://stackoverflow.com/q/54105341"", ""54105341"")",0.3354564755838642
"=HYPERLINK(""https://stackoverflow.com/q/54114334"", ""54114334"")",0.7285714285714286
"=HYPERLINK(""https://stackoverflow.com/q/54138602"", ""54138602"")",0.6694214876033058
"=HYPERLINK(""https://stackoverflow.com/q/54237611"", ""54237611"")",0.5228215767634855
"=HYPERLINK(""https://stackoverflow.com/q/54329128"", ""54329128"")",0.6574440052700923
"=HYPERLINK(""https://stackoverflow.com/q/54401302"", ""54401302"")",0.449307075127644
"=HYPERLINK(""https://stackoverflow.com/q/54597246"", ""54597246"")",0.35491606714628304
"=HYPERLINK(""https://stackoverflow.com/q/54676145"", ""54676145"")",0.4000000000000001
"=HYPERLINK(""https://stackoverflow.com/q/54781708"", ""54781708"")",0.6666666666666666
"=HYPERLINK(""https://stackoverflow.com/q/54783521"", ""54783521"")",0.3975903614457832
"=HYPERLINK(""https://stackoverflow.com/q/54853550"", ""54853550"")",0.40112994350282494
"=HYPERLINK(""https://stackoverflow.com/q/55169331"", ""55169331"")",0.31182795698924737
"=HYPERLINK(""https://stackoverflow.com/q/55176012"", ""55176012"")",0.46578366445916114
"=HYPERLINK(""https://stackoverflow.com/q/55234013"", ""55234013"")",0.47843137254901963
"=HYPERLINK(""https://stackoverflow.com/q/55250431"", ""55250431"")",0.4437229437229438
"=HYPERLINK(""https://stackoverflow.com/q/55256258"", ""55256258"")",0.46666666666666673
"=HYPERLINK(""https://stackoverflow.com/q/55294779"", ""55294779"")",0.3517786561264822
"=HYPERLINK(""https://stackoverflow.com/q/55323321"", ""55323321"")",0.6720430107526881
"=HYPERLINK(""https://stackoverflow.com/q/55349659"", ""55349659"")",0.41929824561403506
"=HYPERLINK(""https://stackoverflow.com/q/55538659"", ""55538659"")",0.3595800524934384
"=HYPERLINK(""https://stackoverflow.com/q/55545373"", ""55545373"")",0.2982456140350878
"=HYPERLINK(""https://stackoverflow.com/q/55581595"", ""55581595"")",0.46334716459197783
"=HYPERLINK(""https://stackoverflow.com/q/55583882"", ""55583882"")",0.5818181818181818
"=HYPERLINK(""https://stackoverflow.com/q/55584349"", ""55584349"")",0.6628440366972478
"=HYPERLINK(""https://stackoverflow.com/q/55646104"", ""55646104"")",0.6557377049180328
"=HYPERLINK(""https://stackoverflow.com/q/55704119"", ""55704119"")",0.4833333333333334
"=HYPERLINK(""https://stackoverflow.com/q/55737933"", ""55737933"")",0.44332493702770787
"=HYPERLINK(""https://stackoverflow.com/q/55753086"", ""55753086"")",0.3628691983122363
"=HYPERLINK(""https://stackoverflow.com/q/56013892"", ""56013892"")",0.7241379310344829
"=HYPERLINK(""https://stackoverflow.com/q/56020954"", ""56020954"")",0.48349834983498347
"=HYPERLINK(""https://stackoverflow.com/q/56048974"", ""56048974"")",0.5666666666666669
"=HYPERLINK(""https://stackoverflow.com/q/56052178"", ""56052178"")",0.4496855345911949
"=HYPERLINK(""https://stackoverflow.com/q/56064121"", ""56064121"")",0.4871794871794873
"=HYPERLINK(""https://stackoverflow.com/q/56105532"", ""56105532"")",0.5303030303030304
"=HYPERLINK(""https://stackoverflow.com/q/56220150"", ""56220150"")",0.3911845730027549
"=HYPERLINK(""https://stackoverflow.com/q/56265817"", ""56265817"")",0.6048387096774194
"=HYPERLINK(""https://stackoverflow.com/q/56297085"", ""56297085"")",0.5522388059701494
"=HYPERLINK(""https://stackoverflow.com/q/56297574"", ""56297574"")",0.5297619047619049
"=HYPERLINK(""https://stackoverflow.com/q/56396918"", ""56396918"")",0.23908045977011497
"=HYPERLINK(""https://stackoverflow.com/q/56450672"", ""56450672"")",0.5243445692883894
"=HYPERLINK(""https://stackoverflow.com/q/56529593"", ""56529593"")",0.3511904761904763
"=HYPERLINK(""https://stackoverflow.com/q/56583036"", ""56583036"")",0.5969387755102042
"=HYPERLINK(""https://stackoverflow.com/q/56587891"", ""56587891"")",0.42018779342723006
"=HYPERLINK(""https://stackoverflow.com/q/56588235"", ""56588235"")",0.5462046204620463
"=HYPERLINK(""https://stackoverflow.com/q/56590806"", ""56590806"")",0.7961165048543688
"=HYPERLINK(""https://stackoverflow.com/q/56662737"", ""56662737"")",0.7442922374429225
"=HYPERLINK(""https://stackoverflow.com/q/56687632"", ""56687632"")",0.5062656641604011
"=HYPERLINK(""https://stackoverflow.com/q/56791212"", ""56791212"")",0.33812949640287776
"=HYPERLINK(""https://stackoverflow.com/q/56891214"", ""56891214"")",0.39285714285714296
"=HYPERLINK(""https://stackoverflow.com/q/56968162"", ""56968162"")",0.2580645161290323
"=HYPERLINK(""https://stackoverflow.com/q/57000838"", ""57000838"")",0.34643377001455605
"=HYPERLINK(""https://stackoverflow.com/q/57009608"", ""57009608"")",0.5350877192982456
"=HYPERLINK(""https://stackoverflow.com/q/57017876"", ""57017876"")",0.3604166666666667
"=HYPERLINK(""https://stackoverflow.com/q/57048020"", ""57048020"")",0.3383458646616542
"=HYPERLINK(""https://stackoverflow.com/q/57065880"", ""57065880"")",0.4718875502008032
"=HYPERLINK(""https://stackoverflow.com/q/57101459"", ""57101459"")",0.37318840579710144
"=HYPERLINK(""https://stackoverflow.com/q/57115839"", ""57115839"")",0.6287878787878788
"=HYPERLINK(""https://stackoverflow.com/q/57280237"", ""57280237"")",0.44077134986225897
"=HYPERLINK(""https://stackoverflow.com/q/57296656"", ""57296656"")",0.4066390041493777
"=HYPERLINK(""https://stackoverflow.com/q/57340630"", ""57340630"")",0.41818181818181815
"=HYPERLINK(""https://stackoverflow.com/q/57397396"", ""57397396"")",0.6261510128913444
"=HYPERLINK(""https://stackoverflow.com/q/57435094"", ""57435094"")",0.31
"=HYPERLINK(""https://stackoverflow.com/q/57495657"", ""57495657"")",0.5577557755775578
"=HYPERLINK(""https://stackoverflow.com/q/57505472"", ""57505472"")",0.26460481099656363
"=HYPERLINK(""https://stackoverflow.com/q/57703681"", ""57703681"")",0.6338514680483592
"=HYPERLINK(""https://stackoverflow.com/q/57742917"", ""57742917"")",0.5219858156028369
"=HYPERLINK(""https://stackoverflow.com/q/57747464"", ""57747464"")",0.4789915966386555
"=HYPERLINK(""https://stackoverflow.com/q/57750611"", ""57750611"")",0.8716136631330977
"=HYPERLINK(""https://stackoverflow.com/q/57752048"", ""57752048"")",0.511904761904762
"=HYPERLINK(""https://stackoverflow.com/q/57756308"", ""57756308"")",0.3151515151515152
"=HYPERLINK(""https://stackoverflow.com/q/57824571"", ""57824571"")",0.34729981378026076
"=HYPERLINK(""https://stackoverflow.com/q/57839001"", ""57839001"")",0.3280839895013124
"=HYPERLINK(""https://stackoverflow.com/q/57871601"", ""57871601"")",0.5234375000000001
"=HYPERLINK(""https://stackoverflow.com/q/57910005"", ""57910005"")",0.59375
"=HYPERLINK(""https://stackoverflow.com/q/57919708"", ""57919708"")",0.7083333333333334
"=HYPERLINK(""https://stackoverflow.com/q/58139449"", ""58139449"")",0.3647058823529412
"=HYPERLINK(""https://stackoverflow.com/q/58168503"", ""58168503"")",0.37465564738292023
"=HYPERLINK(""https://stackoverflow.com/q/58177571"", ""58177571"")",0.5521472392638037
"=HYPERLINK(""https://stackoverflow.com/q/58188104"", ""58188104"")",0.3828382838283829
"=HYPERLINK(""https://stackoverflow.com/q/58308399"", ""58308399"")",0.3900709219858156
"=HYPERLINK(""https://stackoverflow.com/q/58373443"", ""58373443"")",0.6830265848670756
"=HYPERLINK(""https://stackoverflow.com/q/58440882"", ""58440882"")",0.49600798403193613
"=HYPERLINK(""https://stackoverflow.com/q/58461211"", ""58461211"")",0.390547263681592
"=HYPERLINK(""https://stackoverflow.com/q/58644667"", ""58644667"")",0.381578947368421
"=HYPERLINK(""https://stackoverflow.com/q/58695681"", ""58695681"")",0.31428571428571433
"=HYPERLINK(""https://stackoverflow.com/q/58729249"", ""58729249"")",0.3289473684210526
"=HYPERLINK(""https://stackoverflow.com/q/58739625"", ""58739625"")",0.34673366834170855
"=HYPERLINK(""https://stackoverflow.com/q/58759042"", ""58759042"")",0.6476190476190478
"=HYPERLINK(""https://stackoverflow.com/q/58773231"", ""58773231"")",0.6436781609195402
"=HYPERLINK(""https://stackoverflow.com/q/58864126"", ""58864126"")",0.6085626911314986
"=HYPERLINK(""https://stackoverflow.com/q/58940847"", ""58940847"")",0.7860696517412936
"=HYPERLINK(""https://stackoverflow.com/q/58943304"", ""58943304"")",0.5307855626326963
"=HYPERLINK(""https://stackoverflow.com/q/58984845"", ""58984845"")",0.7276995305164321
"=HYPERLINK(""https://stackoverflow.com/q/58994905"", ""58994905"")",0.37333333333333335
"=HYPERLINK(""https://stackoverflow.com/q/59028822"", ""59028822"")",0.48924731182795705
"=HYPERLINK(""https://stackoverflow.com/q/59030139"", ""59030139"")",0.4212454212454213
"=HYPERLINK(""https://stackoverflow.com/q/59040524"", ""59040524"")",0.5023474178403756
"=HYPERLINK(""https://stackoverflow.com/q/59053918"", ""59053918"")",0.28879310344827575
"=HYPERLINK(""https://stackoverflow.com/q/59071029"", ""59071029"")",0.49847094801223246
"=HYPERLINK(""https://stackoverflow.com/q/59086767"", ""59086767"")",0.25419664268585135
"=HYPERLINK(""https://stackoverflow.com/q/59104908"", ""59104908"")",0.32183908045977017
"=HYPERLINK(""https://stackoverflow.com/q/59192080"", ""59192080"")",0.6788617886178863
"=HYPERLINK(""https://stackoverflow.com/q/59202277"", ""59202277"")",0.6506024096385542
"=HYPERLINK(""https://stackoverflow.com/q/59207921"", ""59207921"")",0.35256410256410253
"=HYPERLINK(""https://stackoverflow.com/q/59272555"", ""59272555"")",0.6086956521739131
"=HYPERLINK(""https://stackoverflow.com/q/59398842"", ""59398842"")",0.4034267912772585
"=HYPERLINK(""https://stackoverflow.com/q/59417939"", ""59417939"")",0.5625
"=HYPERLINK(""https://stackoverflow.com/q/59459358"", ""59459358"")",0.5950782997762863
"=HYPERLINK(""https://stackoverflow.com/q/59588851"", ""59588851"")",0.37971014492753624
"=HYPERLINK(""https://stackoverflow.com/q/59631683"", ""59631683"")",0.48051948051948057
"=HYPERLINK(""https://stackoverflow.com/q/59685414"", ""59685414"")",0.4701754385964912
"=HYPERLINK(""https://stackoverflow.com/q/59691519"", ""59691519"")",0.5057471264367817
"=HYPERLINK(""https://stackoverflow.com/q/59771771"", ""59771771"")",0.406926406926407
"=HYPERLINK(""https://stackoverflow.com/q/59814249"", ""59814249"")",0.33333333333333337
"=HYPERLINK(""https://stackoverflow.com/q/59851228"", ""59851228"")",0.4981684981684983
"=HYPERLINK(""https://stackoverflow.com/q/59853054"", ""59853054"")",0.5253456221198157
"=HYPERLINK(""https://stackoverflow.com/q/59855597"", ""59855597"")",0.5371900826446282
"=HYPERLINK(""https://stackoverflow.com/q/59873267"", ""59873267"")",0.47311827956989244
"=HYPERLINK(""https://stackoverflow.com/q/59896056"", ""59896056"")",0.6666666666666667
"=HYPERLINK(""https://stackoverflow.com/q/59903570"", ""59903570"")",0.4647302904564316
"=HYPERLINK(""https://stackoverflow.com/q/60111812"", ""60111812"")",0.3966942148760331
"=HYPERLINK(""https://stackoverflow.com/q/60150911"", ""60150911"")",0.39890710382513656
"=HYPERLINK(""https://stackoverflow.com/q/60213844"", ""60213844"")",0.5090909090909091
"=HYPERLINK(""https://stackoverflow.com/q/60229236"", ""60229236"")",0.47047619047619055
"=HYPERLINK(""https://stackoverflow.com/q/60268164"", ""60268164"")",0.37810945273631846
"=HYPERLINK(""https://stackoverflow.com/q/60321532"", ""60321532"")",0.6583333333333334
"=HYPERLINK(""https://stackoverflow.com/q/60329106"", ""60329106"")",0.7845528455284554
"=HYPERLINK(""https://stackoverflow.com/q/60359443"", ""60359443"")",0.5757575757575758
"=HYPERLINK(""https://stackoverflow.com/q/60383339"", ""60383339"")",0.5580952380952381
"=HYPERLINK(""https://stackoverflow.com/q/60445592"", ""60445592"")",0.7218543046357617
"=HYPERLINK(""https://stackoverflow.com/q/60535298"", ""60535298"")",0.6868913857677902
"=HYPERLINK(""https://stackoverflow.com/q/60551285"", ""60551285"")",0.6266666666666667
"=HYPERLINK(""https://stackoverflow.com/q/60585131"", ""60585131"")",0.472636815920398
"=HYPERLINK(""https://stackoverflow.com/q/60595776"", ""60595776"")",0.3951434878587197
"=HYPERLINK(""https://stackoverflow.com/q/60625128"", ""60625128"")",0.47534516765285995
"=HYPERLINK(""https://stackoverflow.com/q/60638539"", ""60638539"")",0.731060606060606
"=HYPERLINK(""https://stackoverflow.com/q/60735332"", ""60735332"")",0.5642570281124498
"=HYPERLINK(""https://stackoverflow.com/q/60748968"", ""60748968"")",0.8958333333333335
"=HYPERLINK(""https://stackoverflow.com/q/60770263"", ""60770263"")",0.5205128205128206
"=HYPERLINK(""https://stackoverflow.com/q/60773202"", ""60773202"")",0.48920863309352525
"=HYPERLINK(""https://stackoverflow.com/q/60776261"", ""60776261"")",0.567398119122257
"=HYPERLINK(""https://stackoverflow.com/q/60802823"", ""60802823"")",0.5305164319248826
"=HYPERLINK(""https://stackoverflow.com/q/60832388"", ""60832388"")",0.5
"=HYPERLINK(""https://stackoverflow.com/q/60837491"", ""60837491"")",0.5055187637969095
"=HYPERLINK(""https://stackoverflow.com/q/60850273"", ""60850273"")",0.32269503546099293
"=HYPERLINK(""https://stackoverflow.com/q/60879459"", ""60879459"")",0.6097946287519748
"=HYPERLINK(""https://stackoverflow.com/q/60897452"", ""60897452"")",0.32307692307692315
"=HYPERLINK(""https://stackoverflow.com/q/60905906"", ""60905906"")",0.7705627705627706
"=HYPERLINK(""https://stackoverflow.com/q/60907993"", ""60907993"")",0.5233333333333334
"=HYPERLINK(""https://stackoverflow.com/q/61035531"", ""61035531"")",0.6208333333333335
"=HYPERLINK(""https://stackoverflow.com/q/61063684"", ""61063684"")",0.5233333333333333
"=HYPERLINK(""https://stackoverflow.com/q/61073072"", ""61073072"")",0.3051282051282051
"=HYPERLINK(""https://stackoverflow.com/q/61087568"", ""61087568"")",0.5523255813953488
"=HYPERLINK(""https://stackoverflow.com/q/61125687"", ""61125687"")",0.5416666666666667
"=HYPERLINK(""https://stackoverflow.com/q/61127475"", ""61127475"")",0.7137254901960786
"=HYPERLINK(""https://stackoverflow.com/q/61129460"", ""61129460"")",0.3921568627450981
"=HYPERLINK(""https://stackoverflow.com/q/61135846"", ""61135846"")",0.27806563039723664
"=HYPERLINK(""https://stackoverflow.com/q/61150180"", ""61150180"")",0.28581713462922964
"=HYPERLINK(""https://stackoverflow.com/q/61164282"", ""61164282"")",0.7706422018348624
"=HYPERLINK(""https://stackoverflow.com/q/61210060"", ""61210060"")",0.36630036630036633
"=HYPERLINK(""https://stackoverflow.com/q/61245819"", ""61245819"")",0.5542168674698793
"=HYPERLINK(""https://stackoverflow.com/q/61328075"", ""61328075"")",0.47107438016528935
"=HYPERLINK(""https://stackoverflow.com/q/61332875"", ""61332875"")",0.4862155388471179
"=HYPERLINK(""https://stackoverflow.com/q/61365986"", ""61365986"")",0.6114519427402862
"=HYPERLINK(""https://stackoverflow.com/q/61369788"", ""61369788"")",0.44827586206896547
"=HYPERLINK(""https://stackoverflow.com/q/61378560"", ""61378560"")",0.4801980198019801
"=HYPERLINK(""https://stackoverflow.com/q/61379555"", ""61379555"")",0.4733333333333335
"=HYPERLINK(""https://stackoverflow.com/q/61519093"", ""61519093"")",0.42741935483870974
"=HYPERLINK(""https://stackoverflow.com/q/61542950"", ""61542950"")",0.525974025974026
"=HYPERLINK(""https://stackoverflow.com/q/61597647"", ""61597647"")",0.3817829457364341
"=HYPERLINK(""https://stackoverflow.com/q/61611096"", ""61611096"")",0.5434782608695653
"=HYPERLINK(""https://stackoverflow.com/q/61615818"", ""61615818"")",0.38487972508591073
"=HYPERLINK(""https://stackoverflow.com/q/61630614"", ""61630614"")",0.5342465753424658
"=HYPERLINK(""https://stackoverflow.com/q/61690977"", ""61690977"")",0.3288490284005979
"=HYPERLINK(""https://stackoverflow.com/q/61715192"", ""61715192"")",0.7524204702627939
"=HYPERLINK(""https://stackoverflow.com/q/61751511"", ""61751511"")",0.3557213930348258
"=HYPERLINK(""https://stackoverflow.com/q/61779880"", ""61779880"")",0.42000000000000004
"=HYPERLINK(""https://stackoverflow.com/q/61878830"", ""61878830"")",0.5685149776927979
"=HYPERLINK(""https://stackoverflow.com/q/61914233"", ""61914233"")",0.5512820512820514
"=HYPERLINK(""https://stackoverflow.com/q/61953247"", ""61953247"")",0.5342465753424658
"=HYPERLINK(""https://stackoverflow.com/q/62006016"", ""62006016"")",0.3033175355450237
"=HYPERLINK(""https://stackoverflow.com/q/62104791"", ""62104791"")",0.23550724637681167
"=HYPERLINK(""https://stackoverflow.com/q/62141747"", ""62141747"")",0.5311942959001783
"=HYPERLINK(""https://stackoverflow.com/q/62155463"", ""62155463"")",0.5963149078726968
"=HYPERLINK(""https://stackoverflow.com/q/62161866"", ""62161866"")",0.4237516869095816
"=HYPERLINK(""https://stackoverflow.com/q/62180798"", ""62180798"")",0.5917602996254682
"=HYPERLINK(""https://stackoverflow.com/q/62326014"", ""62326014"")",0.41509433962264153
"=HYPERLINK(""https://stackoverflow.com/q/62329209"", ""62329209"")",0.6525423728813561
"=HYPERLINK(""https://stackoverflow.com/q/62368898"", ""62368898"")",0.4196428571428572
"=HYPERLINK(""https://stackoverflow.com/q/62379626"", ""62379626"")",0.3597122302158274
"=HYPERLINK(""https://stackoverflow.com/q/62473668"", ""62473668"")",0.7883895131086143
"=HYPERLINK(""https://stackoverflow.com/q/62540423"", ""62540423"")",0.5460199004975125
"=HYPERLINK(""https://stackoverflow.com/q/62563340"", ""62563340"")",0.2380952380952381
"=HYPERLINK(""https://stackoverflow.com/q/62574793"", ""62574793"")",0.6931818181818181
"=HYPERLINK(""https://stackoverflow.com/q/62695572"", ""62695572"")",0.5072463768115942
"=HYPERLINK(""https://stackoverflow.com/q/62742740"", ""62742740"")",0.3839285714285715
"=HYPERLINK(""https://stackoverflow.com/q/62747099"", ""62747099"")",0.46666666666666673
"=HYPERLINK(""https://stackoverflow.com/q/62748988"", ""62748988"")",0.6410256410256411
"=HYPERLINK(""https://stackoverflow.com/q/62760143"", ""62760143"")",0.6016260162601625
"=HYPERLINK(""https://stackoverflow.com/q/62883696"", ""62883696"")",0.6556169429097606
"=HYPERLINK(""https://stackoverflow.com/q/62956141"", ""62956141"")",0.45421245421245426
"=HYPERLINK(""https://stackoverflow.com/q/62986399"", ""62986399"")",0.38095238095238104
"=HYPERLINK(""https://stackoverflow.com/q/62992620"", ""62992620"")",0.7657657657657658
"=HYPERLINK(""https://stackoverflow.com/q/63068076"", ""63068076"")",0.6712328767123288
"=HYPERLINK(""https://stackoverflow.com/q/63326891"", ""63326891"")",0.4378531073446329
"=HYPERLINK(""https://stackoverflow.com/q/63381639"", ""63381639"")",0.558011049723757
"=HYPERLINK(""https://stackoverflow.com/q/63435518"", ""63435518"")",0.49771689497716887
"=HYPERLINK(""https://stackoverflow.com/q/63457101"", ""63457101"")",0.3445190156599553
"=HYPERLINK(""https://stackoverflow.com/q/63508397"", ""63508397"")",0.4274028629856851
"=HYPERLINK(""https://stackoverflow.com/q/63562279"", ""63562279"")",0.5179063360881544
"=HYPERLINK(""https://stackoverflow.com/q/63644465"", ""63644465"")",0.6323024054982819
"=HYPERLINK(""https://stackoverflow.com/q/63652030"", ""63652030"")",0.6098484848484849
"=HYPERLINK(""https://stackoverflow.com/q/63666497"", ""63666497"")",0.3836930455635493
"=HYPERLINK(""https://stackoverflow.com/q/63724795"", ""63724795"")",0.5039370078740159
"=HYPERLINK(""https://stackoverflow.com/q/63730586"", ""63730586"")",0.5130434782608696
"=HYPERLINK(""https://stackoverflow.com/q/63745264"", ""63745264"")",0.37333333333333335
"=HYPERLINK(""https://stackoverflow.com/q/63762477"", ""63762477"")",0.3387314439946018
"=HYPERLINK(""https://stackoverflow.com/q/63778066"", ""63778066"")",0.5357941834451901
"=HYPERLINK(""https://stackoverflow.com/q/63788032"", ""63788032"")",0.3951612903225807
"=HYPERLINK(""https://stackoverflow.com/q/63808394"", ""63808394"")",0.28464419475655434
"=HYPERLINK(""https://stackoverflow.com/q/63915450"", ""63915450"")",0.45402298850574707
"=HYPERLINK(""https://stackoverflow.com/q/63928965"", ""63928965"")",0.36936936936936937
"=HYPERLINK(""https://stackoverflow.com/q/63969639"", ""63969639"")",0.4753914988814318
"=HYPERLINK(""https://stackoverflow.com/q/64118234"", ""64118234"")",0.37272727272727274
"=HYPERLINK(""https://stackoverflow.com/q/64156940"", ""64156940"")",0.4901960784313727
"=HYPERLINK(""https://stackoverflow.com/q/64176197"", ""64176197"")",0.46958637469586373
"=HYPERLINK(""https://stackoverflow.com/q/64186859"", ""64186859"")",0.3450586264656617
"=HYPERLINK(""https://stackoverflow.com/q/64212067"", ""64212067"")",0.4576271186440679
"=HYPERLINK(""https://stackoverflow.com/q/64218133"", ""64218133"")",0.6019417475728155
"=HYPERLINK(""https://stackoverflow.com/q/64271887"", ""64271887"")",0.39477726574500765
"=HYPERLINK(""https://stackoverflow.com/q/64340904"", ""64340904"")",0.5363408521303259
"=HYPERLINK(""https://stackoverflow.com/q/64345670"", ""64345670"")",0.62
"=HYPERLINK(""https://stackoverflow.com/q/64415787"", ""64415787"")",0.3218390804597701
"=HYPERLINK(""https://stackoverflow.com/q/64423888"", ""64423888"")",0.6200000000000002
"=HYPERLINK(""https://stackoverflow.com/q/64537911"", ""64537911"")",0.6027131782945736
"=HYPERLINK(""https://stackoverflow.com/q/64737569"", ""64737569"")",0.6098484848484848
"=HYPERLINK(""https://stackoverflow.com/q/64882962"", ""64882962"")",0.8450704225352115
"=HYPERLINK(""https://stackoverflow.com/q/64980025"", ""64980025"")",0.7127659574468085
"=HYPERLINK(""https://stackoverflow.com/q/65178620"", ""65178620"")",0.524416135881104
"=HYPERLINK(""https://stackoverflow.com/q/65181696"", ""65181696"")",0.44954128440366986
"=HYPERLINK(""https://stackoverflow.com/q/65221643"", ""65221643"")",0.5314465408805031
"=HYPERLINK(""https://stackoverflow.com/q/65222489"", ""65222489"")",0.5091863517060368
"=HYPERLINK(""https://stackoverflow.com/q/65264409"", ""65264409"")",0.5711610486891385
"=HYPERLINK(""https://stackoverflow.com/q/65464181"", ""65464181"")",0.26302083333333337
"=HYPERLINK(""https://stackoverflow.com/q/65530817"", ""65530817"")",0.3529411764705883
"=HYPERLINK(""https://stackoverflow.com/q/65536458"", ""65536458"")",0.3178807947019868
"=HYPERLINK(""https://stackoverflow.com/q/65579953"", ""65579953"")",0.34272300469483574
"=HYPERLINK(""https://stackoverflow.com/q/65627654"", ""65627654"")",0.5166666666666667
"=HYPERLINK(""https://stackoverflow.com/q/65639054"", ""65639054"")",0.3231083844580777
"=HYPERLINK(""https://stackoverflow.com/q/65647789"", ""65647789"")",0.5933908045977012
"=HYPERLINK(""https://stackoverflow.com/q/65709392"", ""65709392"")",0.23367697594501727
"=HYPERLINK(""https://stackoverflow.com/q/65843667"", ""65843667"")",0.46956521739130436
"=HYPERLINK(""https://stackoverflow.com/q/66002306"", ""66002306"")",0.3662280701754386
"=HYPERLINK(""https://stackoverflow.com/q/66012282"", ""66012282"")",0.46808510638297873
"=HYPERLINK(""https://stackoverflow.com/q/66058403"", ""66058403"")",0.7388841687907108
"=HYPERLINK(""https://stackoverflow.com/q/66067529"", ""66067529"")",0.3140495867768595
"=HYPERLINK(""https://stackoverflow.com/q/66105364"", ""66105364"")",0.5416666666666667
"=HYPERLINK(""https://stackoverflow.com/q/66179557"", ""66179557"")",0.4868105515587531
"=HYPERLINK(""https://stackoverflow.com/q/66198252"", ""66198252"")",0.39662447257383965
"=HYPERLINK(""https://stackoverflow.com/q/66203573"", ""66203573"")",0.5360892388451444
"=HYPERLINK(""https://stackoverflow.com/q/66271474"", ""66271474"")",0.5263713080168776
"=HYPERLINK(""https://stackoverflow.com/q/66336859"", ""66336859"")",0.4922737306843267
"=HYPERLINK(""https://stackoverflow.com/q/66469100"", ""66469100"")",0.6435643564356436
"=HYPERLINK(""https://stackoverflow.com/q/66481289"", ""66481289"")",0.5605095541401274
"=HYPERLINK(""https://stackoverflow.com/q/66511425"", ""66511425"")",0.31818181818181823
"=HYPERLINK(""https://stackoverflow.com/q/66627397"", ""66627397"")",0.6198501872659176
"=HYPERLINK(""https://stackoverflow.com/q/66631534"", ""66631534"")",0.4752252252252252
"=HYPERLINK(""https://stackoverflow.com/q/66651797"", ""66651797"")",0.5700280112044818
"=HYPERLINK(""https://stackoverflow.com/q/66660206"", ""66660206"")",0.33027522935779813
"=HYPERLINK(""https://stackoverflow.com/q/66710216"", ""66710216"")",0.4025157232704403
"=HYPERLINK(""https://stackoverflow.com/q/66891918"", ""66891918"")",0.4327956989247312
"=HYPERLINK(""https://stackoverflow.com/q/66998921"", ""66998921"")",0.5885057471264369
"=HYPERLINK(""https://stackoverflow.com/q/67010011"", ""67010011"")",0.6458333333333335
"=HYPERLINK(""https://stackoverflow.com/q/67073004"", ""67073004"")",0.42028985507246375
"=HYPERLINK(""https://stackoverflow.com/q/67138717"", ""67138717"")",0.4459770114942529
"=HYPERLINK(""https://stackoverflow.com/q/67398763"", ""67398763"")",0.22747747747747749
"=HYPERLINK(""https://stackoverflow.com/q/67470364"", ""67470364"")",0.6244131455399061
"=HYPERLINK(""https://stackoverflow.com/q/67503064"", ""67503064"")",0.4482758620689656
"=HYPERLINK(""https://stackoverflow.com/q/67509897"", ""67509897"")",0.3948087431693988
"=HYPERLINK(""https://stackoverflow.com/q/67613626"", ""67613626"")",0.4335839598997494
"=HYPERLINK(""https://stackoverflow.com/q/67641649"", ""67641649"")",0.41216216216216217
"=HYPERLINK(""https://stackoverflow.com/q/67716348"", ""67716348"")",0.465909090909091
"=HYPERLINK(""https://stackoverflow.com/q/67836627"", ""67836627"")",0.4237855946398661
"=HYPERLINK(""https://stackoverflow.com/q/67868845"", ""67868845"")",0.388235294117647
"=HYPERLINK(""https://stackoverflow.com/q/67896942"", ""67896942"")",0.4552380952380953
"=HYPERLINK(""https://stackoverflow.com/q/67931471"", ""67931471"")",0.32234432234432236
"=HYPERLINK(""https://stackoverflow.com/q/68021897"", ""68021897"")",0.3885350318471338
"=HYPERLINK(""https://stackoverflow.com/q/68089717"", ""68089717"")",0.308868501529052
"=HYPERLINK(""https://stackoverflow.com/q/68182873"", ""68182873"")",0.3680981595092025
"=HYPERLINK(""https://stackoverflow.com/q/68202434"", ""68202434"")",0.4672619047619049
"=HYPERLINK(""https://stackoverflow.com/q/68219312"", ""68219312"")",0.36440677966101703
"=HYPERLINK(""https://stackoverflow.com/q/68251877"", ""68251877"")",0.6263736263736264
"=HYPERLINK(""https://stackoverflow.com/q/68280940"", ""68280940"")",0.3333333333333334
"=HYPERLINK(""https://stackoverflow.com/q/68293425"", ""68293425"")",0.6893939393939393
"=HYPERLINK(""https://stackoverflow.com/q/68317080"", ""68317080"")",0.7259887005649719
"=HYPERLINK(""https://stackoverflow.com/q/68331232"", ""68331232"")",0.4075829383886256
"=HYPERLINK(""https://stackoverflow.com/q/68370736"", ""68370736"")",0.31501831501831506
"=HYPERLINK(""https://stackoverflow.com/q/68370906"", ""68370906"")",0.7978723404255319
"=HYPERLINK(""https://stackoverflow.com/q/68377583"", ""68377583"")",0.6620530565167241
"=HYPERLINK(""https://stackoverflow.com/q/68418757"", ""68418757"")",0.31271477663230246
"=HYPERLINK(""https://stackoverflow.com/q/68436449"", ""68436449"")",0.5939393939393939
"=HYPERLINK(""https://stackoverflow.com/q/68456262"", ""68456262"")",0.5070921985815604
"=HYPERLINK(""https://stackoverflow.com/q/68465990"", ""68465990"")",0.3943089430894309
"=HYPERLINK(""https://stackoverflow.com/q/68542439"", ""68542439"")",0.7395833333333334
"=HYPERLINK(""https://stackoverflow.com/q/68552307"", ""68552307"")",0.4163027656477438
"=HYPERLINK(""https://stackoverflow.com/q/68569313"", ""68569313"")",0.3849765258215963
"=HYPERLINK(""https://stackoverflow.com/q/68590086"", ""68590086"")",0.5960451977401131
"=HYPERLINK(""https://stackoverflow.com/q/68593711"", ""68593711"")",0.46867167919799496
"=HYPERLINK(""https://stackoverflow.com/q/68596882"", ""68596882"")",0.25000000000000006
"=HYPERLINK(""https://stackoverflow.com/q/68614794"", ""68614794"")",0.3699186991869919
"=HYPERLINK(""https://stackoverflow.com/q/68630342"", ""68630342"")",0.5128205128205129
"=HYPERLINK(""https://stackoverflow.com/q/68633845"", ""68633845"")",0.5342960288808665
"=HYPERLINK(""https://stackoverflow.com/q/68637444"", ""68637444"")",0.40882352941176475
"=HYPERLINK(""https://stackoverflow.com/q/68643520"", ""68643520"")",0.3733905579399142
"=HYPERLINK(""https://stackoverflow.com/q/68648571"", ""68648571"")",0.5855855855855856
"=HYPERLINK(""https://stackoverflow.com/q/68650973"", ""68650973"")",0.37862318840579706
"=HYPERLINK(""https://stackoverflow.com/q/68657040"", ""68657040"")",0.6000000000000001
"=HYPERLINK(""https://stackoverflow.com/q/68675606"", ""68675606"")",0.5159059474412172
"=HYPERLINK(""https://stackoverflow.com/q/68689275"", ""68689275"")",0.40692640692640697
"=HYPERLINK(""https://stackoverflow.com/q/68703802"", ""68703802"")",0.45720720720720726
"=HYPERLINK(""https://stackoverflow.com/q/68705619"", ""68705619"")",0.4190476190476191
"=HYPERLINK(""https://stackoverflow.com/q/68715877"", ""68715877"")",0.6106666666666667
"=HYPERLINK(""https://stackoverflow.com/q/68737342"", ""68737342"")",0.4350282485875707
"=HYPERLINK(""https://stackoverflow.com/q/68742516"", ""68742516"")",0.5597964376590332
"=HYPERLINK(""https://stackoverflow.com/q/68753439"", ""68753439"")",0.517799352750809
"=HYPERLINK(""https://stackoverflow.com/q/68764644"", ""68764644"")",0.5177304964539008
"=HYPERLINK(""https://stackoverflow.com/q/68775021"", ""68775021"")",0.6923076923076925
"=HYPERLINK(""https://stackoverflow.com/q/68793294"", ""68793294"")",0.4475945017182131
"=HYPERLINK(""https://stackoverflow.com/q/68795098"", ""68795098"")",0.37890625000000006
"=HYPERLINK(""https://stackoverflow.com/q/68806278"", ""68806278"")",0.4490358126721763
"=HYPERLINK(""https://stackoverflow.com/q/68821854"", ""68821854"")",0.3160173160173161
"=HYPERLINK(""https://stackoverflow.com/q/68824234"", ""68824234"")",0.4648318042813456
"=HYPERLINK(""https://stackoverflow.com/q/68892701"", ""68892701"")",0.380952380952381
"=HYPERLINK(""https://stackoverflow.com/q/68950535"", ""68950535"")",0.38790560471976393
"=HYPERLINK(""https://stackoverflow.com/q/68998065"", ""68998065"")",0.4342105263157895
"=HYPERLINK(""https://stackoverflow.com/q/69017381"", ""69017381"")",0.7695852534562213
"=HYPERLINK(""https://stackoverflow.com/q/69040163"", ""69040163"")",0.38840579710144935
"=HYPERLINK(""https://stackoverflow.com/q/69078548"", ""69078548"")",0.5751295336787565
"=HYPERLINK(""https://stackoverflow.com/q/69106055"", ""69106055"")",0.4919354838709678
"=HYPERLINK(""https://stackoverflow.com/q/69116982"", ""69116982"")",0.5681159420289855
"=HYPERLINK(""https://stackoverflow.com/q/69117885"", ""69117885"")",0.6310679611650486
"=HYPERLINK(""https://stackoverflow.com/q/69124865"", ""69124865"")",0.5877712031558184
"=HYPERLINK(""https://stackoverflow.com/q/69144163"", ""69144163"")",0.358974358974359
"=HYPERLINK(""https://stackoverflow.com/q/69157376"", ""69157376"")",0.36742424242424243
"=HYPERLINK(""https://stackoverflow.com/q/69168991"", ""69168991"")",0.4135667396061269
"=HYPERLINK(""https://stackoverflow.com/q/69174883"", ""69174883"")",0.38582677165354334
"=HYPERLINK(""https://stackoverflow.com/q/69188075"", ""69188075"")",0.5133333333333334
"=HYPERLINK(""https://stackoverflow.com/q/69209227"", ""69209227"")",0.6048109965635741
"=HYPERLINK(""https://stackoverflow.com/q/69214803"", ""69214803"")",0.694871794871795
"=HYPERLINK(""https://stackoverflow.com/q/69217165"", ""69217165"")",0.2514124293785311
"=HYPERLINK(""https://stackoverflow.com/q/69219230"", ""69219230"")",0.6007326007326008
"=HYPERLINK(""https://stackoverflow.com/q/69226029"", ""69226029"")",0.6878980891719745
"=HYPERLINK(""https://stackoverflow.com/q/69242329"", ""69242329"")",0.49999999999999994
"=HYPERLINK(""https://stackoverflow.com/q/69257475"", ""69257475"")",0.3967391304347826
"=HYPERLINK(""https://stackoverflow.com/q/69296553"", ""69296553"")",0.4397163120567377
"=HYPERLINK(""https://stackoverflow.com/q/69336841"", ""69336841"")",0.3762781186094071
"=HYPERLINK(""https://stackoverflow.com/q/69348337"", ""69348337"")",0.4945054945054946
"=HYPERLINK(""https://stackoverflow.com/q/69366315"", ""69366315"")",0.29245283018867924
"=HYPERLINK(""https://stackoverflow.com/q/69366323"", ""69366323"")",0.5057471264367815
"=HYPERLINK(""https://stackoverflow.com/q/69373666"", ""69373666"")",0.47333333333333333
"=HYPERLINK(""https://stackoverflow.com/q/69379857"", ""69379857"")",0.3270833333333334
"=HYPERLINK(""https://stackoverflow.com/q/69430133"", ""69430133"")",0.5266666666666667
"=HYPERLINK(""https://stackoverflow.com/q/69476702"", ""69476702"")",0.5787321063394684
"=HYPERLINK(""https://stackoverflow.com/q/69478536"", ""69478536"")",0.3796791443850268
"=HYPERLINK(""https://stackoverflow.com/q/69484161"", ""69484161"")",0.5033333333333335
"=HYPERLINK(""https://stackoverflow.com/q/69490562"", ""69490562"")",0.7296587926509186
"=HYPERLINK(""https://stackoverflow.com/q/69492937"", ""69492937"")",0.5386313465783665
"=HYPERLINK(""https://stackoverflow.com/q/69496834"", ""69496834"")",0.4831804281345565
"=HYPERLINK(""https://stackoverflow.com/q/69500124"", ""69500124"")",0.4360902255639098
"=HYPERLINK(""https://stackoverflow.com/q/69540888"", ""69540888"")",0.4689054726368158
"=HYPERLINK(""https://stackoverflow.com/q/69565796"", ""69565796"")",0.371584699453552
"=HYPERLINK(""https://stackoverflow.com/q/69577270"", ""69577270"")",0.5717948717948719
"=HYPERLINK(""https://stackoverflow.com/q/69606020"", ""69606020"")",0.4966666666666668
"=HYPERLINK(""https://stackoverflow.com/q/69658459"", ""69658459"")",0.37500000000000006
"=HYPERLINK(""https://stackoverflow.com/q/69681031"", ""69681031"")",0.4285714285714286
"=HYPERLINK(""https://stackoverflow.com/q/69689785"", ""69689785"")",0.35582822085889576
"=HYPERLINK(""https://stackoverflow.com/q/69703127"", ""69703127"")",0.390625
"=HYPERLINK(""https://stackoverflow.com/q/69711900"", ""69711900"")",0.26860841423948223
"=HYPERLINK(""https://stackoverflow.com/q/69779123"", ""69779123"")",0.3490566037735849
"=HYPERLINK(""https://stackoverflow.com/q/69823351"", ""69823351"")",0.30374753451676534
"=HYPERLINK(""https://stackoverflow.com/q/69824159"", ""69824159"")",0.4329710144927536
"=HYPERLINK(""https://stackoverflow.com/q/69827748"", ""69827748"")",0.3061224489795918
"=HYPERLINK(""https://stackoverflow.com/q/69843015"", ""69843015"")",0.3652482269503546
"=HYPERLINK(""https://stackoverflow.com/q/69857932"", ""69857932"")",0.44250363901018924
"=HYPERLINK(""https://stackoverflow.com/q/69904968"", ""69904968"")",0.2307692307692308
"=HYPERLINK(""https://stackoverflow.com/q/69906308"", ""69906308"")",0.2644628099173554
"=HYPERLINK(""https://stackoverflow.com/q/69910275"", ""69910275"")",0.5155875299760193
"=HYPERLINK(""https://stackoverflow.com/q/69925931"", ""69925931"")",0.47479674796747956
"=HYPERLINK(""https://stackoverflow.com/q/69930186"", ""69930186"")",0.3066666666666667
"=HYPERLINK(""https://stackoverflow.com/q/69936296"", ""69936296"")",0.5134751773049645
"=HYPERLINK(""https://stackoverflow.com/q/69940900"", ""69940900"")",0.462809917355372
"=HYPERLINK(""https://stackoverflow.com/q/69941819"", ""69941819"")",0.4570446735395189
"=HYPERLINK(""https://stackoverflow.com/q/69962265"", ""69962265"")",0.3684210526315789
"=HYPERLINK(""https://stackoverflow.com/q/69977440"", ""69977440"")",0.3687500000000001
"=HYPERLINK(""https://stackoverflow.com/q/69978953"", ""69978953"")",0.39805825242718446
"=HYPERLINK(""https://stackoverflow.com/q/70001381"", ""70001381"")",0.35446009389671373
"=HYPERLINK(""https://stackoverflow.com/q/70003299"", ""70003299"")",0.4438202247191011
"=HYPERLINK(""https://stackoverflow.com/q/70006594"", ""70006594"")",0.406926406926407
"=HYPERLINK(""https://stackoverflow.com/q/70070421"", ""70070421"")",0.552434456928839
"=HYPERLINK(""https://stackoverflow.com/q/70109346"", ""70109346"")",0.3333333333333333
"=HYPERLINK(""https://stackoverflow.com/q/70159582"", ""70159582"")",0.45270270270270263
"=HYPERLINK(""https://stackoverflow.com/q/70175440"", ""70175440"")",0.6285714285714287
"=HYPERLINK(""https://stackoverflow.com/q/70296482"", ""70296482"")",0.5718654434250764
"=HYPERLINK(""https://stackoverflow.com/q/70356691"", ""70356691"")",0.3239289446185998
"=HYPERLINK(""https://stackoverflow.com/q/70356856"", ""70356856"")",0.3342128408091468
"=HYPERLINK(""https://stackoverflow.com/q/70358400"", ""70358400"")",0.6399999999999999
"=HYPERLINK(""https://stackoverflow.com/q/70397735"", ""70397735"")",0.7200736648250461
"=HYPERLINK(""https://stackoverflow.com/q/70435505"", ""70435505"")",0.6129582267689685
"=HYPERLINK(""https://stackoverflow.com/q/70477987"", ""70477987"")",0.37130801687763715
"=HYPERLINK(""https://stackoverflow.com/q/70481672"", ""70481672"")",0.5930018416206262
"=HYPERLINK(""https://stackoverflow.com/q/70494454"", ""70494454"")",0.5060240963855421
"=HYPERLINK(""https://stackoverflow.com/q/70548914"", ""70548914"")",0.5247524752475248
"=HYPERLINK(""https://stackoverflow.com/q/70577610"", ""70577610"")",0.28260869565217395
"=HYPERLINK(""https://stackoverflow.com/q/70578422"", ""70578422"")",0.5567010309278352
"=HYPERLINK(""https://stackoverflow.com/q/70596614"", ""70596614"")",0.3333333333333333
"=HYPERLINK(""https://stackoverflow.com/q/70606958"", ""70606958"")",0.3091334894613583
"=HYPERLINK(""https://stackoverflow.com/q/70610069"", ""70610069"")",0.588957055214724
"=HYPERLINK(""https://stackoverflow.com/q/70620806"", ""70620806"")",0.6586956521739131
"=HYPERLINK(""https://stackoverflow.com/q/70623713"", ""70623713"")",0.4404761904761906
"=HYPERLINK(""https://stackoverflow.com/q/70637288"", ""70637288"")",0.4761904761904763
"=HYPERLINK(""https://stackoverflow.com/q/70637913"", ""70637913"")",0.8333333333333334
"=HYPERLINK(""https://stackoverflow.com/q/70648776"", ""70648776"")",0.20404984423676012
"=HYPERLINK(""https://stackoverflow.com/q/70664460"", ""70664460"")",0.7628865979381444
"=HYPERLINK(""https://stackoverflow.com/q/70740897"", ""70740897"")",0.4014084507042253
"=HYPERLINK(""https://stackoverflow.com/q/70756900"", ""70756900"")",0.4414414414414416
"=HYPERLINK(""https://stackoverflow.com/q/70776350"", ""70776350"")",0.5325203252032521
"=HYPERLINK(""https://stackoverflow.com/q/70782169"", ""70782169"")",0.5231788079470199
"=HYPERLINK(""https://stackoverflow.com/q/70831704"", ""70831704"")",0.3010752688172043
"=HYPERLINK(""https://stackoverflow.com/q/70833594"", ""70833594"")",0.44217687074829926
"=HYPERLINK(""https://stackoverflow.com/q/70838510"", ""70838510"")",0.6246719160104988
"=HYPERLINK(""https://stackoverflow.com/q/70893368"", ""70893368"")",0.4304635761589404
"=HYPERLINK(""https://stackoverflow.com/q/70915437"", ""70915437"")",0.7952380952380953
"=HYPERLINK(""https://stackoverflow.com/q/70928172"", ""70928172"")",0.2611683848797251
"=HYPERLINK(""https://stackoverflow.com/q/70940619"", ""70940619"")",0.6123188405797101
"=HYPERLINK(""https://stackoverflow.com/q/70976273"", ""70976273"")",0.2988505747126437
"=HYPERLINK(""https://stackoverflow.com/q/70984360"", ""70984360"")",0.3357314148681056
"=HYPERLINK(""https://stackoverflow.com/q/71006384"", ""71006384"")",0.43042071197411014
"=HYPERLINK(""https://stackoverflow.com/q/71016472"", ""71016472"")",0.4666666666666666
"=HYPERLINK(""https://stackoverflow.com/q/71043121"", ""71043121"")",0.4740061162079511
"=HYPERLINK(""https://stackoverflow.com/q/71101070"", ""71101070"")",0.8078431372549021
"=HYPERLINK(""https://stackoverflow.com/q/71112552"", ""71112552"")",0.608974358974359
"=HYPERLINK(""https://stackoverflow.com/q/71138526"", ""71138526"")",0.29487179487179493
"=HYPERLINK(""https://stackoverflow.com/q/71158453"", ""71158453"")",0.6104417670682731
"=HYPERLINK(""https://stackoverflow.com/q/71164365"", ""71164365"")",0.21649484536082475
"=HYPERLINK(""https://stackoverflow.com/q/71185602"", ""71185602"")",0.2900432900432901
"=HYPERLINK(""https://stackoverflow.com/q/71245000"", ""71245000"")",0.513189448441247
"=HYPERLINK(""https://stackoverflow.com/q/71284125"", ""71284125"")",0.4803030303030303
"=HYPERLINK(""https://stackoverflow.com/q/71300217"", ""71300217"")",0.36942675159235666
"=HYPERLINK(""https://stackoverflow.com/q/71430286"", ""71430286"")",0.6035087719298246
"=HYPERLINK(""https://stackoverflow.com/q/71459057"", ""71459057"")",0.4590163934426229
"=HYPERLINK(""https://stackoverflow.com/q/71465657"", ""71465657"")",0.4147286821705426
"=HYPERLINK(""https://stackoverflow.com/q/71468270"", ""71468270"")",0.4396728016359918
"=HYPERLINK(""https://stackoverflow.com/q/71471108"", ""71471108"")",0.274914089347079
"=HYPERLINK(""https://stackoverflow.com/q/71474016"", ""71474016"")",0.39540229885057476
"=HYPERLINK(""https://stackoverflow.com/q/71496966"", ""71496966"")",0.39583333333333337
"=HYPERLINK(""https://stackoverflow.com/q/71498754"", ""71498754"")",0.31848852901484487
"=HYPERLINK(""https://stackoverflow.com/q/71513305"", ""71513305"")",0.25177304964539005
"=HYPERLINK(""https://stackoverflow.com/q/71523242"", ""71523242"")",0.7238095238095239
"=HYPERLINK(""https://stackoverflow.com/q/71535888"", ""71535888"")",0.5800524934383202
"=HYPERLINK(""https://stackoverflow.com/q/71557442"", ""71557442"")",0.3413978494623656
"=HYPERLINK(""https://stackoverflow.com/q/71557592"", ""71557592"")",0.5358649789029535
"=HYPERLINK(""https://stackoverflow.com/q/71562804"", ""71562804"")",0.3065476190476191
"=HYPERLINK(""https://stackoverflow.com/q/71573565"", ""71573565"")",0.8396226415094339
"=HYPERLINK(""https://stackoverflow.com/q/71575080"", ""71575080"")",0.40073868882733155
"=HYPERLINK(""https://stackoverflow.com/q/71578582"", ""71578582"")",0.6218905472636818
"=HYPERLINK(""https://stackoverflow.com/q/71593747"", ""71593747"")",0.39664804469273746
"=HYPERLINK(""https://stackoverflow.com/q/71607379"", ""71607379"")",0.35357142857142854
"=HYPERLINK(""https://stackoverflow.com/q/71711943"", ""71711943"")",0.4801980198019801
"=HYPERLINK(""https://stackoverflow.com/q/71738221"", ""71738221"")",0.4948979591836736
"=HYPERLINK(""https://stackoverflow.com/q/71755724"", ""71755724"")",0.2937293729372938
"=HYPERLINK(""https://stackoverflow.com/q/71763407"", ""71763407"")",0.3418079096045198
"=HYPERLINK(""https://stackoverflow.com/q/71813169"", ""71813169"")",0.2768361581920904
"=HYPERLINK(""https://stackoverflow.com/q/71814029"", ""71814029"")",0.272108843537415
"=HYPERLINK(""https://stackoverflow.com/q/71884962"", ""71884962"")",0.6611570247933883
"=HYPERLINK(""https://stackoverflow.com/q/71888324"", ""71888324"")",0.4533333333333333
"=HYPERLINK(""https://stackoverflow.com/q/71896741"", ""71896741"")",0.43762781186094074
"=HYPERLINK(""https://stackoverflow.com/q/71937033"", ""71937033"")",0.5619047619047619
"=HYPERLINK(""https://stackoverflow.com/q/71941672"", ""71941672"")",0.3376623376623377
"=HYPERLINK(""https://stackoverflow.com/q/71952492"", ""71952492"")",0.3468468468468468
"=HYPERLINK(""https://stackoverflow.com/q/71956892"", ""71956892"")",0.29718875502008024
"=HYPERLINK(""https://stackoverflow.com/q/71980705"", ""71980705"")",0.41444114737883275
"=HYPERLINK(""https://stackoverflow.com/q/71996637"", ""71996637"")",0.343558282208589
"=HYPERLINK(""https://stackoverflow.com/q/72007351"", ""72007351"")",0.3656957928802589
"=HYPERLINK(""https://stackoverflow.com/q/72010286"", ""72010286"")",0.34969325153374237
"=HYPERLINK(""https://stackoverflow.com/q/72013855"", ""72013855"")",0.5063291139240507
"=HYPERLINK(""https://stackoverflow.com/q/72014493"", ""72014493"")",0.43627450980392163
"=HYPERLINK(""https://stackoverflow.com/q/72047442"", ""72047442"")",0.49031007751937977
"=HYPERLINK(""https://stackoverflow.com/q/72051655"", ""72051655"")",0.40315315315315314
"=HYPERLINK(""https://stackoverflow.com/q/72064796"", ""72064796"")",0.452599388379205
"=HYPERLINK(""https://stackoverflow.com/q/72081132"", ""72081132"")",0.7257383966244726
"=HYPERLINK(""https://stackoverflow.com/q/72094768"", ""72094768"")",0.41522988505747127
"=HYPERLINK(""https://stackoverflow.com/q/72097296"", ""72097296"")",0.45390070921985826
"=HYPERLINK(""https://stackoverflow.com/q/72103557"", ""72103557"")",0.2632768361581921
"=HYPERLINK(""https://stackoverflow.com/q/72106030"", ""72106030"")",0.527363184079602
"=HYPERLINK(""https://stackoverflow.com/q/72122744"", ""72122744"")",0.5094339622641509
"=HYPERLINK(""https://stackoverflow.com/q/72126124"", ""72126124"")",0.4877049180327868
"=HYPERLINK(""https://stackoverflow.com/q/72127541"", ""72127541"")",0.8392857142857143
"=HYPERLINK(""https://stackoverflow.com/q/72140138"", ""72140138"")",0.5979899497487438
"=HYPERLINK(""https://stackoverflow.com/q/72148014"", ""72148014"")",0.29179978700745474
"=HYPERLINK(""https://stackoverflow.com/q/72165809"", ""72165809"")",0.3092369477911647
"=HYPERLINK(""https://stackoverflow.com/q/72170169"", ""72170169"")",0.34601449275362317
"=HYPERLINK(""https://stackoverflow.com/q/72174602"", ""72174602"")",0.37280701754385964
"=HYPERLINK(""https://stackoverflow.com/q/72184371"", ""72184371"")",0.4022988505747127
"=HYPERLINK(""https://stackoverflow.com/q/72185653"", ""72185653"")",0.20512820512820515
"=HYPERLINK(""https://stackoverflow.com/q/72193993"", ""72193993"")",0.23809523809523817
"=HYPERLINK(""https://stackoverflow.com/q/72214379"", ""72214379"")",0.4724919093851133
"=HYPERLINK(""https://stackoverflow.com/q/72232134"", ""72232134"")",0.7692307692307693
"=HYPERLINK(""https://stackoverflow.com/q/72254372"", ""72254372"")",0.40625
"=HYPERLINK(""https://stackoverflow.com/q/72279841"", ""72279841"")",0.323943661971831
"=HYPERLINK(""https://stackoverflow.com/q/72282582"", ""72282582"")",0.3695652173913043
"=HYPERLINK(""https://stackoverflow.com/q/72313973"", ""72313973"")",0.48250460405156537
"=HYPERLINK(""https://stackoverflow.com/q/72314675"", ""72314675"")",0.254606365159129
"=HYPERLINK(""https://stackoverflow.com/q/72349775"", ""72349775"")",0.37012987012987014
"=HYPERLINK(""https://stackoverflow.com/q/72350139"", ""72350139"")",0.5224358974358975
"=HYPERLINK(""https://stackoverflow.com/q/72395340"", ""72395340"")",0.37999999999999995
"=HYPERLINK(""https://stackoverflow.com/q/72423143"", ""72423143"")",0.4724637681159421
"=HYPERLINK(""https://stackoverflow.com/q/72428915"", ""72428915"")",0.4535211267605634
"=HYPERLINK(""https://stackoverflow.com/q/72439167"", ""72439167"")",0.3922413793103448
"=HYPERLINK(""https://stackoverflow.com/q/72439657"", ""72439657"")",0.4474885844748859
"=HYPERLINK(""https://stackoverflow.com/q/72444116"", ""72444116"")",0.3229166666666667
"=HYPERLINK(""https://stackoverflow.com/q/72452671"", ""72452671"")",0.375
"=HYPERLINK(""https://stackoverflow.com/q/72481717"", ""72481717"")",0.5
"=HYPERLINK(""https://stackoverflow.com/q/72481852"", ""72481852"")",0.3149425287356323
"=HYPERLINK(""https://stackoverflow.com/q/72486644"", ""72486644"")",0.4977168949771689
