link,Correlation
"=HYPERLINK(""https://stackoverflow.com/a/7070650"", ""7070650"")",0.4183535762483131
"=HYPERLINK(""https://stackoverflow.com/a/7149576"", ""7149576"")",0.5033333333333334
"=HYPERLINK(""https://stackoverflow.com/a/7518979"", ""7518979"")",0.6666666666666666
"=HYPERLINK(""https://stackoverflow.com/a/7575946"", ""7575946"")",0.5159680638722556
"=HYPERLINK(""https://stackoverflow.com/a/8316604"", ""8316604"")",0.5198776758409787
"=HYPERLINK(""https://stackoverflow.com/a/9672844"", ""9672844"")",0.1969696969696969
"=HYPERLINK(""https://stackoverflow.com/a/10015736"", ""10015736"")",0.5315315315315314
"=HYPERLINK(""https://stackoverflow.com/a/10169308"", ""10169308"")",0.5583333333333335
"=HYPERLINK(""https://stackoverflow.com/a/10280870"", ""10280870"")",0.6356589147286822
"=HYPERLINK(""https://stackoverflow.com/a/10331966"", ""10331966"")",0.4159021406727829
"=HYPERLINK(""https://stackoverflow.com/a/11128072"", ""11128072"")",0.24561403508771923
"=HYPERLINK(""https://stackoverflow.com/a/11346431"", ""11346431"")",0.5771144278606964
"=HYPERLINK(""https://stackoverflow.com/a/11423286"", ""11423286"")",0.29824561403508765
"=HYPERLINK(""https://stackoverflow.com/a/11929108"", ""11929108"")",0.45238095238095244
"=HYPERLINK(""https://stackoverflow.com/a/12536284"", ""12536284"")",0.6925566343042071
"=HYPERLINK(""https://stackoverflow.com/a/13033991"", ""13033991"")",0.31182795698924726
"=HYPERLINK(""https://stackoverflow.com/a/13316331"", ""13316331"")",0.25806451612903214
"=HYPERLINK(""https://stackoverflow.com/a/13369001"", ""13369001"")",0.32600732600732607
"=HYPERLINK(""https://stackoverflow.com/a/13957842"", ""13957842"")",0.6614583333333335
"=HYPERLINK(""https://stackoverflow.com/a/14991444"", ""14991444"")",0.26016260162601623
"=HYPERLINK(""https://stackoverflow.com/a/15237077"", ""15237077"")",0.22480620155038755
"=HYPERLINK(""https://stackoverflow.com/a/15893363"", ""15893363"")",0.5208333333333334
"=HYPERLINK(""https://stackoverflow.com/a/16002279"", ""16002279"")",0.434108527131783
"=HYPERLINK(""https://stackoverflow.com/a/17403262"", ""17403262"")",0.3857142857142858
"=HYPERLINK(""https://stackoverflow.com/a/18333431"", ""18333431"")",0.4545454545454546
"=HYPERLINK(""https://stackoverflow.com/a/18531031"", ""18531031"")",0.42307692307692313
"=HYPERLINK(""https://stackoverflow.com/a/19093484"", ""19093484"")",0.41489361702127664
"=HYPERLINK(""https://stackoverflow.com/a/20329585"", ""20329585"")",0.4566666666666667
"=HYPERLINK(""https://stackoverflow.com/a/20366590"", ""20366590"")",0.282051282051282
"=HYPERLINK(""https://stackoverflow.com/a/20548452"", ""20548452"")",0.7696629213483146
"=HYPERLINK(""https://stackoverflow.com/a/20682254"", ""20682254"")",0.37974683544303794
"=HYPERLINK(""https://stackoverflow.com/a/22099787"", ""22099787"")",0.6417910447761194
"=HYPERLINK(""https://stackoverflow.com/a/22289821"", ""22289821"")",0.3934426229508196
"=HYPERLINK(""https://stackoverflow.com/a/22644094"", ""22644094"")",0.5422885572139304
"=HYPERLINK(""https://stackoverflow.com/a/22656566"", ""22656566"")",0.34878587196468
"=HYPERLINK(""https://stackoverflow.com/a/22873589"", ""22873589"")",0.3738738738738739
"=HYPERLINK(""https://stackoverflow.com/a/22932556"", ""22932556"")",0.40298507462686567
"=HYPERLINK(""https://stackoverflow.com/a/22961639"", ""22961639"")",0.6431372549019608
"=HYPERLINK(""https://stackoverflow.com/a/24675574"", ""24675574"")",0.6559139784946236
"=HYPERLINK(""https://stackoverflow.com/a/24831221"", ""24831221"")",0.6378896882494005
"=HYPERLINK(""https://stackoverflow.com/a/24905544"", ""24905544"")",0.8608414239482199
"=HYPERLINK(""https://stackoverflow.com/a/24918220"", ""24918220"")",0.36274509803921573
"=HYPERLINK(""https://stackoverflow.com/a/25556295"", ""25556295"")",0.4193548387096773
"=HYPERLINK(""https://stackoverflow.com/a/26136522"", ""26136522"")",0.7243589743589743
"=HYPERLINK(""https://stackoverflow.com/a/27093876"", ""27093876"")",0.764367816091954
"=HYPERLINK(""https://stackoverflow.com/a/27579400"", ""27579400"")",0.125
"=HYPERLINK(""https://stackoverflow.com/a/28077120"", ""28077120"")",0.5416666666666666
"=HYPERLINK(""https://stackoverflow.com/a/28181687"", ""28181687"")",0.6338514680483592
"=HYPERLINK(""https://stackoverflow.com/a/28509153"", ""28509153"")",0.631578947368421
"=HYPERLINK(""https://stackoverflow.com/a/29242060"", ""29242060"")",0.4528985507246377
"=HYPERLINK(""https://stackoverflow.com/a/29357309"", ""29357309"")",0.2692307692307693
"=HYPERLINK(""https://stackoverflow.com/a/29443409"", ""29443409"")",0.5449438202247191
"=HYPERLINK(""https://stackoverflow.com/a/30100191"", ""30100191"")",0.6274509803921569
"=HYPERLINK(""https://stackoverflow.com/a/30882628"", ""30882628"")",0.350877192982456
"=HYPERLINK(""https://stackoverflow.com/a/31000995"", ""31000995"")",0.40476190476190477
"=HYPERLINK(""https://stackoverflow.com/a/31147060"", ""31147060"")",0.4086021505376344
"=HYPERLINK(""https://stackoverflow.com/a/31399952"", ""31399952"")",0.6325459317585302
"=HYPERLINK(""https://stackoverflow.com/a/31751139"", ""31751139"")",0.5843373493975903
"=HYPERLINK(""https://stackoverflow.com/a/32242545"", ""32242545"")",0.47536231884057967
"=HYPERLINK(""https://stackoverflow.com/a/32375616"", ""32375616"")",0.6551724137931034
"=HYPERLINK(""https://stackoverflow.com/a/32399710"", ""32399710"")",0.279874213836478
"=HYPERLINK(""https://stackoverflow.com/a/32670065"", ""32670065"")",0.45688545688545684
"=HYPERLINK(""https://stackoverflow.com/a/32939524"", ""32939524"")",0.33333333333333337
"=HYPERLINK(""https://stackoverflow.com/a/33145631"", ""33145631"")",0.37278106508875736
"=HYPERLINK(""https://stackoverflow.com/a/33195913"", ""33195913"")",0.5714285714285714
"=HYPERLINK(""https://stackoverflow.com/a/34150823"", ""34150823"")",0.328125
"=HYPERLINK(""https://stackoverflow.com/a/34228903"", ""34228903"")",0.24489795918367346
"=HYPERLINK(""https://stackoverflow.com/a/34302236"", ""34302236"")",0.3410852713178294
"=HYPERLINK(""https://stackoverflow.com/a/34414899"", ""34414899"")",0.38405797101449274
"=HYPERLINK(""https://stackoverflow.com/a/34600977"", ""34600977"")",0.36363636363636354
"=HYPERLINK(""https://stackoverflow.com/a/35059619"", ""35059619"")",0.7049180327868853
"=HYPERLINK(""https://stackoverflow.com/a/35448399"", ""35448399"")",0.47640117994100295
"=HYPERLINK(""https://stackoverflow.com/a/35514817"", ""35514817"")",0.26963906581740976
"=HYPERLINK(""https://stackoverflow.com/a/35851994"", ""35851994"")",0.5116279069767442
"=HYPERLINK(""https://stackoverflow.com/a/35950954"", ""35950954"")",0.2738095238095238
"=HYPERLINK(""https://stackoverflow.com/a/36054723"", ""36054723"")",0.4432624113475178
"=HYPERLINK(""https://stackoverflow.com/a/36821212"", ""36821212"")",0.4249084249084249
"=HYPERLINK(""https://stackoverflow.com/a/36856808"", ""36856808"")",0.4427860696517412
"=HYPERLINK(""https://stackoverflow.com/a/36941619"", ""36941619"")",0.422680412371134
"=HYPERLINK(""https://stackoverflow.com/a/37470801"", ""37470801"")",0.4649122807017544
"=HYPERLINK(""https://stackoverflow.com/a/37663748"", ""37663748"")",0.35087719298245607
"=HYPERLINK(""https://stackoverflow.com/a/37710943"", ""37710943"")",0.662878787878788
"=HYPERLINK(""https://stackoverflow.com/a/37752498"", ""37752498"")",0.7315789473684211
"=HYPERLINK(""https://stackoverflow.com/a/37991191"", ""37991191"")",0.7439024390243902
"=HYPERLINK(""https://stackoverflow.com/a/39071861"", ""39071861"")",0.27056277056277056
"=HYPERLINK(""https://stackoverflow.com/a/39223072"", ""39223072"")",0.39393939393939387
"=HYPERLINK(""https://stackoverflow.com/a/39406370"", ""39406370"")",0.35830618892508137
"=HYPERLINK(""https://stackoverflow.com/a/39456018"", ""39456018"")",0.5199999999999999
"=HYPERLINK(""https://stackoverflow.com/a/39598274"", ""39598274"")",0.6467661691542289
"=HYPERLINK(""https://stackoverflow.com/a/40388702"", ""40388702"")",0.10256410256410257
"=HYPERLINK(""https://stackoverflow.com/a/40667356"", ""40667356"")",0.3945578231292517
"=HYPERLINK(""https://stackoverflow.com/a/41109872"", ""41109872"")",0.5024875621890548
"=HYPERLINK(""https://stackoverflow.com/a/41750951"", ""41750951"")",0.503030303030303
"=HYPERLINK(""https://stackoverflow.com/a/41777758"", ""41777758"")",0.6129032258064515
"=HYPERLINK(""https://stackoverflow.com/a/41808511"", ""41808511"")",0.5492957746478873
"=HYPERLINK(""https://stackoverflow.com/a/42464035"", ""42464035"")",0.3448275862068965
"=HYPERLINK(""https://stackoverflow.com/a/42903483"", ""42903483"")",0.2945736434108527
"=HYPERLINK(""https://stackoverflow.com/a/43131611"", ""43131611"")",0.6236559139784945
"=HYPERLINK(""https://stackoverflow.com/a/43794269"", ""43794269"")",0.39285714285714285
"=HYPERLINK(""https://stackoverflow.com/a/44883603"", ""44883603"")",0.17857142857142852
"=HYPERLINK(""https://stackoverflow.com/a/45214549"", ""45214549"")",0.6333333333333333
"=HYPERLINK(""https://stackoverflow.com/a/45416602"", ""45416602"")",0.7090909090909091
"=HYPERLINK(""https://stackoverflow.com/a/46106713"", ""46106713"")",0.5574712643678161
"=HYPERLINK(""https://stackoverflow.com/a/46285530"", ""46285530"")",0.3299587551556055
"=HYPERLINK(""https://stackoverflow.com/a/46507333"", ""46507333"")",0.5979166666666667
"=HYPERLINK(""https://stackoverflow.com/a/46507469"", ""46507469"")",0.5576923076923078
"=HYPERLINK(""https://stackoverflow.com/a/46680516"", ""46680516"")",0.2924528301886793
"=HYPERLINK(""https://stackoverflow.com/a/47037912"", ""47037912"")",0.3978494623655913
"=HYPERLINK(""https://stackoverflow.com/a/47801127"", ""47801127"")",0.4368932038834952
"=HYPERLINK(""https://stackoverflow.com/a/47816455"", ""47816455"")",0.39639639639639634
"=HYPERLINK(""https://stackoverflow.com/a/47823438"", ""47823438"")",0.17543859649122803
"=HYPERLINK(""https://stackoverflow.com/a/48373035"", ""48373035"")",0.5671641791044777
"=HYPERLINK(""https://stackoverflow.com/a/48536663"", ""48536663"")",0.5081967213114754
"=HYPERLINK(""https://stackoverflow.com/a/48687199"", ""48687199"")",0.22448979591836732
"=HYPERLINK(""https://stackoverflow.com/a/48787914"", ""48787914"")",0.5348837209302325
"=HYPERLINK(""https://stackoverflow.com/a/48795298"", ""48795298"")",0.2447916666666667
"=HYPERLINK(""https://stackoverflow.com/a/49060727"", ""49060727"")",0.5238095238095238
"=HYPERLINK(""https://stackoverflow.com/a/49235805"", ""49235805"")",0.3333333333333332
"=HYPERLINK(""https://stackoverflow.com/a/49238285"", ""49238285"")",0.5942028985507246
"=HYPERLINK(""https://stackoverflow.com/a/49310732"", ""49310732"")",0.6153846153846154
"=HYPERLINK(""https://stackoverflow.com/a/49368493"", ""49368493"")",0.24166666666666664
"=HYPERLINK(""https://stackoverflow.com/a/49831918"", ""49831918"")",0.4186046511627907
"=HYPERLINK(""https://stackoverflow.com/a/49990932"", ""49990932"")",0.282051282051282
"=HYPERLINK(""https://stackoverflow.com/a/50002733"", ""50002733"")",0.30845771144278605
"=HYPERLINK(""https://stackoverflow.com/a/50274736"", ""50274736"")",0.282051282051282
"=HYPERLINK(""https://stackoverflow.com/a/50375589"", ""50375589"")",0.6623376623376623
"=HYPERLINK(""https://stackoverflow.com/a/50384449"", ""50384449"")",0.15789473684210523
"=HYPERLINK(""https://stackoverflow.com/a/50726099"", ""50726099"")",0.7891156462585034
"=HYPERLINK(""https://stackoverflow.com/a/50808168"", ""50808168"")",0.36274509803921573
"=HYPERLINK(""https://stackoverflow.com/a/50930954"", ""50930954"")",0.4424778761061947
"=HYPERLINK(""https://stackoverflow.com/a/50973526"", ""50973526"")",0.3047619047619048
"=HYPERLINK(""https://stackoverflow.com/a/51450967"", ""51450967"")",0.38333333333333336
"=HYPERLINK(""https://stackoverflow.com/a/51478063"", ""51478063"")",0.37254901960784315
"=HYPERLINK(""https://stackoverflow.com/a/51630085"", ""51630085"")",0.45490196078431383
"=HYPERLINK(""https://stackoverflow.com/a/51750996"", ""51750996"")",0.6318407960199005
"=HYPERLINK(""https://stackoverflow.com/a/51969068"", ""51969068"")",0.7026378896882495
"=HYPERLINK(""https://stackoverflow.com/a/52300787"", ""52300787"")",0.15789473684210523
"=HYPERLINK(""https://stackoverflow.com/a/52459385"", ""52459385"")",0.557471264367816
"=HYPERLINK(""https://stackoverflow.com/a/52636631"", ""52636631"")",0.5891472868217054
"=HYPERLINK(""https://stackoverflow.com/a/52731968"", ""52731968"")",0.4414414414414414
"=HYPERLINK(""https://stackoverflow.com/a/52939417"", ""52939417"")",0.41666666666666663
"=HYPERLINK(""https://stackoverflow.com/a/52944464"", ""52944464"")",0.14035087719298242
"=HYPERLINK(""https://stackoverflow.com/a/52989970"", ""52989970"")",0.6969696969696969
"=HYPERLINK(""https://stackoverflow.com/a/53071472"", ""53071472"")",0.21212121212121202
"=HYPERLINK(""https://stackoverflow.com/a/53083950"", ""53083950"")",0.726027397260274
"=HYPERLINK(""https://stackoverflow.com/a/53249787"", ""53249787"")",0.36363636363636354
"=HYPERLINK(""https://stackoverflow.com/a/53519398"", ""53519398"")",0.39097744360902253
"=HYPERLINK(""https://stackoverflow.com/a/53603683"", ""53603683"")",0.5569105691056911
"=HYPERLINK(""https://stackoverflow.com/a/53711687"", ""53711687"")",0.5466666666666666
"=HYPERLINK(""https://stackoverflow.com/a/53824503"", ""53824503"")",0.4835526315789474
"=HYPERLINK(""https://stackoverflow.com/a/53865880"", ""53865880"")",0.21768707482993194
"=HYPERLINK(""https://stackoverflow.com/a/54217692"", ""54217692"")",0.3794871794871795
"=HYPERLINK(""https://stackoverflow.com/a/54229338"", ""54229338"")",0.5357142857142858
"=HYPERLINK(""https://stackoverflow.com/a/54407381"", ""54407381"")",0.5338983050847458
"=HYPERLINK(""https://stackoverflow.com/a/54446192"", ""54446192"")",0.510548523206751
"=HYPERLINK(""https://stackoverflow.com/a/54484787"", ""54484787"")",0.32786885245901637
"=HYPERLINK(""https://stackoverflow.com/a/54897312"", ""54897312"")",0.6509803921568629
"=HYPERLINK(""https://stackoverflow.com/a/54922376"", ""54922376"")",0.18749999999999997
"=HYPERLINK(""https://stackoverflow.com/a/54984899"", ""54984899"")",0.26881720430107525
"=HYPERLINK(""https://stackoverflow.com/a/55080261"", ""55080261"")",0.673076923076923
"=HYPERLINK(""https://stackoverflow.com/a/55148489"", ""55148489"")",0.36363636363636365
"=HYPERLINK(""https://stackoverflow.com/a/55175116"", ""55175116"")",0.5135135135135135
"=HYPERLINK(""https://stackoverflow.com/a/55246895"", ""55246895"")",0.8074866310160427
"=HYPERLINK(""https://stackoverflow.com/a/55251972"", ""55251972"")",0.48226950354609927
"=HYPERLINK(""https://stackoverflow.com/a/55328870"", ""55328870"")",0.6010928961748634
"=HYPERLINK(""https://stackoverflow.com/a/55695607"", ""55695607"")",0.6
"=HYPERLINK(""https://stackoverflow.com/a/55708831"", ""55708831"")",0.24031007751937983
"=HYPERLINK(""https://stackoverflow.com/a/55722926"", ""55722926"")",0.6434108527131782
"=HYPERLINK(""https://stackoverflow.com/a/55782550"", ""55782550"")",0.3333333333333332
"=HYPERLINK(""https://stackoverflow.com/a/55854082"", ""55854082"")",0.6394557823129251
"=HYPERLINK(""https://stackoverflow.com/a/55880380"", ""55880380"")",0.8809523809523809
"=HYPERLINK(""https://stackoverflow.com/a/55906500"", ""55906500"")",0.8376811594202898
"=HYPERLINK(""https://stackoverflow.com/a/56159179"", ""56159179"")",0.7292418772563176
"=HYPERLINK(""https://stackoverflow.com/a/56263357"", ""56263357"")",0.32835820895522394
"=HYPERLINK(""https://stackoverflow.com/a/56486256"", ""56486256"")",0.31249999999999994
"=HYPERLINK(""https://stackoverflow.com/a/56708244"", ""56708244"")",0.3869047619047619
"=HYPERLINK(""https://stackoverflow.com/a/56740304"", ""56740304"")",0.5116772823779193
"=HYPERLINK(""https://stackoverflow.com/a/56799835"", ""56799835"")",0.32432432432432434
"=HYPERLINK(""https://stackoverflow.com/a/56934496"", ""56934496"")",0.5083333333333333
"=HYPERLINK(""https://stackoverflow.com/a/56980255"", ""56980255"")",0.33333333333333326
"=HYPERLINK(""https://stackoverflow.com/a/57038674"", ""57038674"")",0.24561403508771926
"=HYPERLINK(""https://stackoverflow.com/a/57162343"", ""57162343"")",0.5212765957446809
"=HYPERLINK(""https://stackoverflow.com/a/57260427"", ""57260427"")",0.4
"=HYPERLINK(""https://stackoverflow.com/a/57359059"", ""57359059"")",0.6936936936936937
"=HYPERLINK(""https://stackoverflow.com/a/57589484"", ""57589484"")",0.3698630136986301
"=HYPERLINK(""https://stackoverflow.com/a/57592743"", ""57592743"")",0.46153846153846156
"=HYPERLINK(""https://stackoverflow.com/a/57675171"", ""57675171"")",0.45662100456621
"=HYPERLINK(""https://stackoverflow.com/a/57690901"", ""57690901"")",0.7536231884057971
"=HYPERLINK(""https://stackoverflow.com/a/57731696"", ""57731696"")",0.2
"=HYPERLINK(""https://stackoverflow.com/a/57810188"", ""57810188"")",0.3235294117647059
"=HYPERLINK(""https://stackoverflow.com/a/57811390"", ""57811390"")",0.47257383966244726
"=HYPERLINK(""https://stackoverflow.com/a/58044925"", ""58044925"")",0.26666666666666666
"=HYPERLINK(""https://stackoverflow.com/a/58108207"", ""58108207"")",0.4130434782608696
"=HYPERLINK(""https://stackoverflow.com/a/58276932"", ""58276932"")",0.6547619047619048
"=HYPERLINK(""https://stackoverflow.com/a/58347047"", ""58347047"")",0.4623655913978494
"=HYPERLINK(""https://stackoverflow.com/a/58531814"", ""58531814"")",0.6096491228070177
"=HYPERLINK(""https://stackoverflow.com/a/58532055"", ""58532055"")",0.6836158192090396
"=HYPERLINK(""https://stackoverflow.com/a/58577677"", ""58577677"")",0.30630630630630634
"=HYPERLINK(""https://stackoverflow.com/a/58592343"", ""58592343"")",0.7801418439716311
"=HYPERLINK(""https://stackoverflow.com/a/58652808"", ""58652808"")",0.3744292237442922
"=HYPERLINK(""https://stackoverflow.com/a/58978839"", ""58978839"")",0.3255813953488372
"=HYPERLINK(""https://stackoverflow.com/a/59077909"", ""59077909"")",0.627450980392157
"=HYPERLINK(""https://stackoverflow.com/a/59652036"", ""59652036"")",0.3333333333333333
"=HYPERLINK(""https://stackoverflow.com/a/59673267"", ""59673267"")",0.4035087719298244
"=HYPERLINK(""https://stackoverflow.com/a/59849231"", ""59849231"")",0.5833333333333334
"=HYPERLINK(""https://stackoverflow.com/a/60049658"", ""60049658"")",0.34848484848484845
"=HYPERLINK(""https://stackoverflow.com/a/60159316"", ""60159316"")",0.5957446808510639
"=HYPERLINK(""https://stackoverflow.com/a/60162369"", ""60162369"")",0.7028985507246376
"=HYPERLINK(""https://stackoverflow.com/a/60166805"", ""60166805"")",0.19791666666666669
"=HYPERLINK(""https://stackoverflow.com/a/60199955"", ""60199955"")",0.4766666666666667
"=HYPERLINK(""https://stackoverflow.com/a/60267287"", ""60267287"")",0.6724137931034483
"=HYPERLINK(""https://stackoverflow.com/a/60552265"", ""60552265"")",0.7923076923076923
"=HYPERLINK(""https://stackoverflow.com/a/60634103"", ""60634103"")",0.6846846846846847
"=HYPERLINK(""https://stackoverflow.com/a/60717710"", ""60717710"")",0.4561403508771929
"=HYPERLINK(""https://stackoverflow.com/a/60807566"", ""60807566"")",0.5238095238095238
"=HYPERLINK(""https://stackoverflow.com/a/60958766"", ""60958766"")",0.32608695652173914
"=HYPERLINK(""https://stackoverflow.com/a/61283130"", ""61283130"")",0.7844611528822055
"=HYPERLINK(""https://stackoverflow.com/a/61296421"", ""61296421"")",0.2790697674418605
"=HYPERLINK(""https://stackoverflow.com/a/61534905"", ""61534905"")",0.516949152542373
"=HYPERLINK(""https://stackoverflow.com/a/61537394"", ""61537394"")",0.40084388185654
"=HYPERLINK(""https://stackoverflow.com/a/61730302"", ""61730302"")",0.7188405797101449
"=HYPERLINK(""https://stackoverflow.com/a/61740997"", ""61740997"")",0.6190476190476191
"=HYPERLINK(""https://stackoverflow.com/a/61812572"", ""61812572"")",0.44252873563218387
"=HYPERLINK(""https://stackoverflow.com/a/61900903"", ""61900903"")",0.6486486486486486
"=HYPERLINK(""https://stackoverflow.com/a/61917966"", ""61917966"")",0.7117117117117117
"=HYPERLINK(""https://stackoverflow.com/a/61939497"", ""61939497"")",0.6484018264840183
"=HYPERLINK(""https://stackoverflow.com/a/62065360"", ""62065360"")",0.5971014492753624
"=HYPERLINK(""https://stackoverflow.com/a/62068742"", ""62068742"")",0.6151202749140895
"=HYPERLINK(""https://stackoverflow.com/a/62071377"", ""62071377"")",0.3333333333333334
"=HYPERLINK(""https://stackoverflow.com/a/62087985"", ""62087985"")",0.5804597701149425
"=HYPERLINK(""https://stackoverflow.com/a/62152137"", ""62152137"")",0.350877192982456
"=HYPERLINK(""https://stackoverflow.com/a/62158670"", ""62158670"")",0.4466666666666667
"=HYPERLINK(""https://stackoverflow.com/a/62207383"", ""62207383"")",0.45662100456621
"=HYPERLINK(""https://stackoverflow.com/a/62249082"", ""62249082"")",0.3333333333333333
"=HYPERLINK(""https://stackoverflow.com/a/62282541"", ""62282541"")",0.5365853658536586
"=HYPERLINK(""https://stackoverflow.com/a/62301948"", ""62301948"")",0.6484018264840183
"=HYPERLINK(""https://stackoverflow.com/a/62307259"", ""62307259"")",0.37356321839080464
"=HYPERLINK(""https://stackoverflow.com/a/62314922"", ""62314922"")",0.6893203883495146
"=HYPERLINK(""https://stackoverflow.com/a/62390609"", ""62390609"")",0.5614035087719298
"=HYPERLINK(""https://stackoverflow.com/a/62507872"", ""62507872"")",0.25757575757575746
"=HYPERLINK(""https://stackoverflow.com/a/62696467"", ""62696467"")",0.3972602739726027
"=HYPERLINK(""https://stackoverflow.com/a/62706644"", ""62706644"")",0.5374531835205992
"=HYPERLINK(""https://stackoverflow.com/a/62741547"", ""62741547"")",0.33974358974358976
"=HYPERLINK(""https://stackoverflow.com/a/63116119"", ""63116119"")",0.45238095238095244
"=HYPERLINK(""https://stackoverflow.com/a/63134059"", ""63134059"")",0.8144654088050314
"=HYPERLINK(""https://stackoverflow.com/a/63140409"", ""63140409"")",0.5853658536585367
"=HYPERLINK(""https://stackoverflow.com/a/63152206"", ""63152206"")",0.19047619047619047
"=HYPERLINK(""https://stackoverflow.com/a/63152603"", ""63152603"")",0.23529411764705882
"=HYPERLINK(""https://stackoverflow.com/a/63160439"", ""63160439"")",0.5588235294117647
"=HYPERLINK(""https://stackoverflow.com/a/63203085"", ""63203085"")",0.43569553805774275
"=HYPERLINK(""https://stackoverflow.com/a/63317436"", ""63317436"")",0.5225225225225225
"=HYPERLINK(""https://stackoverflow.com/a/63386388"", ""63386388"")",0.746268656716418
"=HYPERLINK(""https://stackoverflow.com/a/63409667"", ""63409667"")",0.5333333333333332
"=HYPERLINK(""https://stackoverflow.com/a/63440002"", ""63440002"")",0.5675675675675674
"=HYPERLINK(""https://stackoverflow.com/a/63499402"", ""63499402"")",0.8007246376811594
"=HYPERLINK(""https://stackoverflow.com/a/63562264"", ""63562264"")",0.7058823529411764
"=HYPERLINK(""https://stackoverflow.com/a/63571421"", ""63571421"")",0.6326530612244898
"=HYPERLINK(""https://stackoverflow.com/a/63724295"", ""63724295"")",0.4166666666666666
"=HYPERLINK(""https://stackoverflow.com/a/63838005"", ""63838005"")",0.5483870967741936
"=HYPERLINK(""https://stackoverflow.com/a/63846406"", ""63846406"")",0.3534136546184739
"=HYPERLINK(""https://stackoverflow.com/a/63855576"", ""63855576"")",0.7488584474885845
"=HYPERLINK(""https://stackoverflow.com/a/63885264"", ""63885264"")",0.42786069651741293
"=HYPERLINK(""https://stackoverflow.com/a/63909847"", ""63909847"")",0.720183486238532
"=HYPERLINK(""https://stackoverflow.com/a/64046925"", ""64046925"")",0.4059139784946237
"=HYPERLINK(""https://stackoverflow.com/a/64090151"", ""64090151"")",0.18181818181818182
"=HYPERLINK(""https://stackoverflow.com/a/64176652"", ""64176652"")",0.4965986394557823
"=HYPERLINK(""https://stackoverflow.com/a/64239727"", ""64239727"")",0.7154471544715448
"=HYPERLINK(""https://stackoverflow.com/a/64245369"", ""64245369"")",0.5376344086021505
"=HYPERLINK(""https://stackoverflow.com/a/64335242"", ""64335242"")",0.5172413793103449
"=HYPERLINK(""https://stackoverflow.com/a/64338169"", ""64338169"")",0.6176470588235294
"=HYPERLINK(""https://stackoverflow.com/a/64405061"", ""64405061"")",0.6979166666666667
"=HYPERLINK(""https://stackoverflow.com/a/64555231"", ""64555231"")",0.5425531914893618
"=HYPERLINK(""https://stackoverflow.com/a/64560484"", ""64560484"")",0.644927536231884
"=HYPERLINK(""https://stackoverflow.com/a/64573454"", ""64573454"")",0.3291139240506329
"=HYPERLINK(""https://stackoverflow.com/a/64645369"", ""64645369"")",0.33333333333333337
"=HYPERLINK(""https://stackoverflow.com/a/64666206"", ""64666206"")",0.496969696969697
"=HYPERLINK(""https://stackoverflow.com/a/64771218"", ""64771218"")",0.3482587064676617
"=HYPERLINK(""https://stackoverflow.com/a/64788467"", ""64788467"")",0.7090909090909092
"=HYPERLINK(""https://stackoverflow.com/a/64791701"", ""64791701"")",0.5578231292517006
"=HYPERLINK(""https://stackoverflow.com/a/64802718"", ""64802718"")",0.3643410852713178
"=HYPERLINK(""https://stackoverflow.com/a/64823517"", ""64823517"")",0.41666666666666663
"=HYPERLINK(""https://stackoverflow.com/a/64898471"", ""64898471"")",0.5789473684210528
"=HYPERLINK(""https://stackoverflow.com/a/64899103"", ""64899103"")",0.43421052631578944
"=HYPERLINK(""https://stackoverflow.com/a/64912544"", ""64912544"")",0.6934523809523808
"=HYPERLINK(""https://stackoverflow.com/a/64919675"", ""64919675"")",0.5217391304347826
"=HYPERLINK(""https://stackoverflow.com/a/64936207"", ""64936207"")",0.3009708737864077
"=HYPERLINK(""https://stackoverflow.com/a/64971025"", ""64971025"")",0.3459119496855345
"=HYPERLINK(""https://stackoverflow.com/a/65315355"", ""65315355"")",0.4533333333333333
"=HYPERLINK(""https://stackoverflow.com/a/65374683"", ""65374683"")",0.6589147286821706
"=HYPERLINK(""https://stackoverflow.com/a/65597115"", ""65597115"")",0.3673469387755101
"=HYPERLINK(""https://stackoverflow.com/a/65631832"", ""65631832"")",0.5238095238095238
"=HYPERLINK(""https://stackoverflow.com/a/65810855"", ""65810855"")",0.2882882882882883
"=HYPERLINK(""https://stackoverflow.com/a/65911788"", ""65911788"")",0.44166666666666665
"=HYPERLINK(""https://stackoverflow.com/a/66227235"", ""66227235"")",0.5039370078740157
"=HYPERLINK(""https://stackoverflow.com/a/66243542"", ""66243542"")",0.6666666666666666
"=HYPERLINK(""https://stackoverflow.com/a/66243768"", ""66243768"")",0.4228855721393035
"=HYPERLINK(""https://stackoverflow.com/a/66357620"", ""66357620"")",0.2051282051282051
"=HYPERLINK(""https://stackoverflow.com/a/66371685"", ""66371685"")",0.6872852233676976
"=HYPERLINK(""https://stackoverflow.com/a/66425124"", ""66425124"")",0.776255707762557
"=HYPERLINK(""https://stackoverflow.com/a/66533674"", ""66533674"")",0.2857142857142857
"=HYPERLINK(""https://stackoverflow.com/a/66640300"", ""66640300"")",0.2924528301886793
"=HYPERLINK(""https://stackoverflow.com/a/66642863"", ""66642863"")",0.3478260869565217
"=HYPERLINK(""https://stackoverflow.com/a/66655995"", ""66655995"")",0.5066666666666667
"=HYPERLINK(""https://stackoverflow.com/a/66656780"", ""66656780"")",0.27860696517412936
"=HYPERLINK(""https://stackoverflow.com/a/66782868"", ""66782868"")",0.662251655629139
"=HYPERLINK(""https://stackoverflow.com/a/66785883"", ""66785883"")",0.6598639455782312
"=HYPERLINK(""https://stackoverflow.com/a/66977960"", ""66977960"")",0.8166666666666667
"=HYPERLINK(""https://stackoverflow.com/a/67016128"", ""67016128"")",0.6026490066225166
"=HYPERLINK(""https://stackoverflow.com/a/67115994"", ""67115994"")",0.7103825136612022
"=HYPERLINK(""https://stackoverflow.com/a/67213721"", ""67213721"")",0.4193548387096774
"=HYPERLINK(""https://stackoverflow.com/a/67317603"", ""67317603"")",0.508130081300813
"=HYPERLINK(""https://stackoverflow.com/a/67535118"", ""67535118"")",0.7766666666666666
"=HYPERLINK(""https://stackoverflow.com/a/67548376"", ""67548376"")",0.4226190476190477
"=HYPERLINK(""https://stackoverflow.com/a/67589520"", ""67589520"")",0.6770833333333335
"=HYPERLINK(""https://stackoverflow.com/a/67696109"", ""67696109"")",0.85
"=HYPERLINK(""https://stackoverflow.com/a/67715586"", ""67715586"")",0.263157894736842
"=HYPERLINK(""https://stackoverflow.com/a/67732395"", ""67732395"")",0.8997955010224948
"=HYPERLINK(""https://stackoverflow.com/a/67808192"", ""67808192"")",0.5860805860805862
"=HYPERLINK(""https://stackoverflow.com/a/67857968"", ""67857968"")",0.625
"=HYPERLINK(""https://stackoverflow.com/a/67886412"", ""67886412"")",0.7028985507246376
"=HYPERLINK(""https://stackoverflow.com/a/67922464"", ""67922464"")",0.15053763440860216
"=HYPERLINK(""https://stackoverflow.com/a/68005365"", ""68005365"")",0.392156862745098
"=HYPERLINK(""https://stackoverflow.com/a/68170164"", ""68170164"")",0.5377358490566038
"=HYPERLINK(""https://stackoverflow.com/a/68302497"", ""68302497"")",0.7074829931972789
"=HYPERLINK(""https://stackoverflow.com/a/68323795"", ""68323795"")",0.6788617886178862
"=HYPERLINK(""https://stackoverflow.com/a/68384542"", ""68384542"")",0.6451612903225805
"=HYPERLINK(""https://stackoverflow.com/a/68461091"", ""68461091"")",0.8112449799196787
"=HYPERLINK(""https://stackoverflow.com/a/68652230"", ""68652230"")",0.5000000000000001
"=HYPERLINK(""https://stackoverflow.com/a/68665503"", ""68665503"")",0.6333333333333333
"=HYPERLINK(""https://stackoverflow.com/a/68683738"", ""68683738"")",0.6666666666666666
"=HYPERLINK(""https://stackoverflow.com/a/68700829"", ""68700829"")",0.725
"=HYPERLINK(""https://stackoverflow.com/a/68930540"", ""68930540"")",0.3783783783783784
"=HYPERLINK(""https://stackoverflow.com/a/68942819"", ""68942819"")",0.4285714285714286
"=HYPERLINK(""https://stackoverflow.com/a/68957245"", ""68957245"")",0.3673469387755101
"=HYPERLINK(""https://stackoverflow.com/a/69012703"", ""69012703"")",0.325
"=HYPERLINK(""https://stackoverflow.com/a/69028849"", ""69028849"")",0.43537414965986393
"=HYPERLINK(""https://stackoverflow.com/a/69084257"", ""69084257"")",0.3272727272727272
"=HYPERLINK(""https://stackoverflow.com/a/69158591"", ""69158591"")",0.75
"=HYPERLINK(""https://stackoverflow.com/a/69222777"", ""69222777"")",0.5517241379310345
"=HYPERLINK(""https://stackoverflow.com/a/69290709"", ""69290709"")",0.6129032258064515
"=HYPERLINK(""https://stackoverflow.com/a/69300720"", ""69300720"")",0.34408602150537626
"=HYPERLINK(""https://stackoverflow.com/a/69304276"", ""69304276"")",0.319634703196347
"=HYPERLINK(""https://stackoverflow.com/a/69339022"", ""69339022"")",0.558282208588957
"=HYPERLINK(""https://stackoverflow.com/a/69363410"", ""69363410"")",0.5384615384615384
"=HYPERLINK(""https://stackoverflow.com/a/69364812"", ""69364812"")",0.5688073394495413
"=HYPERLINK(""https://stackoverflow.com/a/69381836"", ""69381836"")",0.30833333333333335
"=HYPERLINK(""https://stackoverflow.com/a/69533935"", ""69533935"")",0.4342105263157895
"=HYPERLINK(""https://stackoverflow.com/a/69606960"", ""69606960"")",0.7578616352201257
"=HYPERLINK(""https://stackoverflow.com/a/69732138"", ""69732138"")",0.5343137254901961
"=HYPERLINK(""https://stackoverflow.com/a/69896866"", ""69896866"")",0.889784946236559
"=HYPERLINK(""https://stackoverflow.com/a/69935544"", ""69935544"")",0.8045112781954886
"=HYPERLINK(""https://stackoverflow.com/a/69993915"", ""69993915"")",0.5733333333333333
"=HYPERLINK(""https://stackoverflow.com/a/70235521"", ""70235521"")",0.578125
"=HYPERLINK(""https://stackoverflow.com/a/70260840"", ""70260840"")",0.46846846846846846
"=HYPERLINK(""https://stackoverflow.com/a/70336438"", ""70336438"")",0.2688172043010752
"=HYPERLINK(""https://stackoverflow.com/a/70499550"", ""70499550"")",0.3770491803278688
"=HYPERLINK(""https://stackoverflow.com/a/70519887"", ""70519887"")",0.7269503546099291
"=HYPERLINK(""https://stackoverflow.com/a/70573174"", ""70573174"")",0.23214285714285718
"=HYPERLINK(""https://stackoverflow.com/a/70579197"", ""70579197"")",0.4210526315789473
"=HYPERLINK(""https://stackoverflow.com/a/70722050"", ""70722050"")",0.7195121951219512
"=HYPERLINK(""https://stackoverflow.com/a/70744036"", ""70744036"")",0.38095238095238104
"=HYPERLINK(""https://stackoverflow.com/a/70805989"", ""70805989"")",0.5880503144654088
"=HYPERLINK(""https://stackoverflow.com/a/70813376"", ""70813376"")",0.4322916666666667
"=HYPERLINK(""https://stackoverflow.com/a/70822548"", ""70822548"")",0.6008771929824562
"=HYPERLINK(""https://stackoverflow.com/a/70939347"", ""70939347"")",0.6101694915254238
"=HYPERLINK(""https://stackoverflow.com/a/70960242"", ""70960242"")",0.4666666666666667
"=HYPERLINK(""https://stackoverflow.com/a/70968638"", ""70968638"")",0.6346153846153848
"=HYPERLINK(""https://stackoverflow.com/a/70990695"", ""70990695"")",0.3787878787878787
"=HYPERLINK(""https://stackoverflow.com/a/71035938"", ""71035938"")",0.681592039800995
"=HYPERLINK(""https://stackoverflow.com/a/71052072"", ""71052072"")",0.5225225225225224
"=HYPERLINK(""https://stackoverflow.com/a/71150198"", ""71150198"")",0.379204892966361
"=HYPERLINK(""https://stackoverflow.com/a/71161456"", ""71161456"")",0.6666666666666666
"=HYPERLINK(""https://stackoverflow.com/a/71177856"", ""71177856"")",0.6952380952380952
"=HYPERLINK(""https://stackoverflow.com/a/71329451"", ""71329451"")",0.7836879432624114
"=HYPERLINK(""https://stackoverflow.com/a/71452913"", ""71452913"")",0.49828178694158076
"=HYPERLINK(""https://stackoverflow.com/a/71512769"", ""71512769"")",0.5416666666666666
"=HYPERLINK(""https://stackoverflow.com/a/71526204"", ""71526204"")",0.44897959183673464
"=HYPERLINK(""https://stackoverflow.com/a/71573038"", ""71573038"")",0.5916666666666667
"=HYPERLINK(""https://stackoverflow.com/a/71618691"", ""71618691"")",0.3529411764705882
"=HYPERLINK(""https://stackoverflow.com/a/71679462"", ""71679462"")",0.3859649122807018
"=HYPERLINK(""https://stackoverflow.com/a/71720926"", ""71720926"")",0.680952380952381
"=HYPERLINK(""https://stackoverflow.com/a/71736599"", ""71736599"")",0.5781250000000001
"=HYPERLINK(""https://stackoverflow.com/a/71756153"", ""71756153"")",0.3825136612021858
"=HYPERLINK(""https://stackoverflow.com/a/71785326"", ""71785326"")",0.34408602150537626
"=HYPERLINK(""https://stackoverflow.com/a/72014483"", ""72014483"")",0.5986394557823129
"=HYPERLINK(""https://stackoverflow.com/a/72119848"", ""72119848"")",0.5443037974683543
"=HYPERLINK(""https://stackoverflow.com/a/72140939"", ""72140939"")",0.24999999999999997
"=HYPERLINK(""https://stackoverflow.com/a/72186307"", ""72186307"")",0.1720430107526881
"=HYPERLINK(""https://stackoverflow.com/a/72231176"", ""72231176"")",0.396551724137931
"=HYPERLINK(""https://stackoverflow.com/a/72234786"", ""72234786"")",0.6062992125984251
"=HYPERLINK(""https://stackoverflow.com/a/72263553"", ""72263553"")",0.5509641873278237
"=HYPERLINK(""https://stackoverflow.com/a/72293007"", ""72293007"")",0.3212121212121212
"=HYPERLINK(""https://stackoverflow.com/a/72297957"", ""72297957"")",0.2280701754385964
"=HYPERLINK(""https://stackoverflow.com/a/72395696"", ""72395696"")",0.5114942528735632
"=HYPERLINK(""https://stackoverflow.com/a/72436108"", ""72436108"")",0.5333333333333333
