link,Correlation
"=HYPERLINK(""https://stackoverflow.com/q/7094389"", ""7094389"")",0.6178861788617886
"=HYPERLINK(""https://stackoverflow.com/q/7477751"", ""7477751"")",0.521505376344086
"=HYPERLINK(""https://stackoverflow.com/q/7518947"", ""7518947"")",0.3070866141732284
"=HYPERLINK(""https://stackoverflow.com/q/7536361"", ""7536361"")",0.7766990291262136
"=HYPERLINK(""https://stackoverflow.com/q/7614760"", ""7614760"")",0.5298013245033113
"=HYPERLINK(""https://stackoverflow.com/q/7937490"", ""7937490"")",0.7011494252873564
"=HYPERLINK(""https://stackoverflow.com/q/7938237"", ""7938237"")",0.7344632768361582
"=HYPERLINK(""https://stackoverflow.com/q/9168626"", ""9168626"")",0.5411985018726592
"=HYPERLINK(""https://stackoverflow.com/q/9464197"", ""9464197"")",0.7904761904761904
"=HYPERLINK(""https://stackoverflow.com/q/9526474"", ""9526474"")",0.4714285714285714
"=HYPERLINK(""https://stackoverflow.com/q/9820737"", ""9820737"")",0.4032023289665211
"=HYPERLINK(""https://stackoverflow.com/q/9828540"", ""9828540"")",0.5632183908045977
"=HYPERLINK(""https://stackoverflow.com/q/9863861"", ""9863861"")",0.5849056603773585
"=HYPERLINK(""https://stackoverflow.com/q/9883747"", ""9883747"")",0.4744376278118609
"=HYPERLINK(""https://stackoverflow.com/q/10019793"", ""10019793"")",0.5112612612612614
"=HYPERLINK(""https://stackoverflow.com/q/10128597"", ""10128597"")",0.6426116838487973
"=HYPERLINK(""https://stackoverflow.com/q/10280261"", ""10280261"")",0.5628415300546449
"=HYPERLINK(""https://stackoverflow.com/q/10320816"", ""10320816"")",0.6238095238095239
"=HYPERLINK(""https://stackoverflow.com/q/10424143"", ""10424143"")",0.6446280991735538
"=HYPERLINK(""https://stackoverflow.com/q/11117652"", ""11117652"")",0.3754045307443365
"=HYPERLINK(""https://stackoverflow.com/q/11128028"", ""11128028"")",0.6547619047619048
"=HYPERLINK(""https://stackoverflow.com/q/11200511"", ""11200511"")",0.4700000000000001
"=HYPERLINK(""https://stackoverflow.com/q/11406204"", ""11406204"")",0.6235011990407673
"=HYPERLINK(""https://stackoverflow.com/q/11680109"", ""11680109"")",0.5603271983640081
"=HYPERLINK(""https://stackoverflow.com/q/12536171"", ""12536171"")",0.635897435897436
"=HYPERLINK(""https://stackoverflow.com/q/12892600"", ""12892600"")",0.6190476190476191
"=HYPERLINK(""https://stackoverflow.com/q/12971946"", ""12971946"")",0.6367041198501873
"=HYPERLINK(""https://stackoverflow.com/q/13013782"", ""13013782"")",0.7242206235011991
"=HYPERLINK(""https://stackoverflow.com/q/13240766"", ""13240766"")",0.6228070175438597
"=HYPERLINK(""https://stackoverflow.com/q/13249396"", ""13249396"")",0.32671081677704195
"=HYPERLINK(""https://stackoverflow.com/q/13362203"", ""13362203"")",0.4473684210526316
"=HYPERLINK(""https://stackoverflow.com/q/13562074"", ""13562074"")",0.7103825136612022
"=HYPERLINK(""https://stackoverflow.com/q/13956383"", ""13956383"")",0.8191489361702128
"=HYPERLINK(""https://stackoverflow.com/q/14205523"", ""14205523"")",0.5495495495495496
"=HYPERLINK(""https://stackoverflow.com/q/14681570"", ""14681570"")",0.35539215686274517
"=HYPERLINK(""https://stackoverflow.com/q/14991268"", ""14991268"")",0.8157894736842104
"=HYPERLINK(""https://stackoverflow.com/q/15163497"", ""15163497"")",0.7916666666666666
"=HYPERLINK(""https://stackoverflow.com/q/15503042"", ""15503042"")",0.40960451977401136
"=HYPERLINK(""https://stackoverflow.com/q/15893227"", ""15893227"")",0.3725490196078432
"=HYPERLINK(""https://stackoverflow.com/q/15936027"", ""15936027"")",0.4657836644591612
"=HYPERLINK(""https://stackoverflow.com/q/15949688"", ""15949688"")",0.5103448275862069
"=HYPERLINK(""https://stackoverflow.com/q/16332134"", ""16332134"")",0.3958333333333334
"=HYPERLINK(""https://stackoverflow.com/q/16408418"", ""16408418"")",0.6788990825688074
"=HYPERLINK(""https://stackoverflow.com/q/16733131"", ""16733131"")",0.7349081364829396
"=HYPERLINK(""https://stackoverflow.com/q/17339378"", ""17339378"")",0.38308457711442784
"=HYPERLINK(""https://stackoverflow.com/q/17689606"", ""17689606"")",0.3402061855670104
"=HYPERLINK(""https://stackoverflow.com/q/17875391"", ""17875391"")",0.631372549019608
"=HYPERLINK(""https://stackoverflow.com/q/17930864"", ""17930864"")",0.5140562248995983
"=HYPERLINK(""https://stackoverflow.com/q/18180519"", ""18180519"")",0.6869369369369369
"=HYPERLINK(""https://stackoverflow.com/q/18333402"", ""18333402"")",0.6833333333333333
"=HYPERLINK(""https://stackoverflow.com/q/18463700"", ""18463700"")",0.6964285714285715
"=HYPERLINK(""https://stackoverflow.com/q/18516043"", ""18516043"")",0.45662100456621
"=HYPERLINK(""https://stackoverflow.com/q/19091684"", ""19091684"")",0.39548022598870053
"=HYPERLINK(""https://stackoverflow.com/q/19426156"", ""19426156"")",0.8157894736842105
"=HYPERLINK(""https://stackoverflow.com/q/19526437"", ""19526437"")",0.7721354166666669
"=HYPERLINK(""https://stackoverflow.com/q/19655375"", ""19655375"")",0.65962441314554
"=HYPERLINK(""https://stackoverflow.com/q/19729442"", ""19729442"")",0.7636363636363637
"=HYPERLINK(""https://stackoverflow.com/q/20083473"", ""20083473"")",0.4625000000000001
"=HYPERLINK(""https://stackoverflow.com/q/20329398"", ""20329398"")",0.7485714285714286
"=HYPERLINK(""https://stackoverflow.com/q/20360708"", ""20360708"")",0.8258426966292134
"=HYPERLINK(""https://stackoverflow.com/q/20366492"", ""20366492"")",0.26217228464419473
"=HYPERLINK(""https://stackoverflow.com/q/20387333"", ""20387333"")",0.44546850998463894
"=HYPERLINK(""https://stackoverflow.com/q/20404478"", ""20404478"")",0.6497890295358649
"=HYPERLINK(""https://stackoverflow.com/q/20681702"", ""20681702"")",0.33879781420765026
"=HYPERLINK(""https://stackoverflow.com/q/20979327"", ""20979327"")",0.5582822085889569
"=HYPERLINK(""https://stackoverflow.com/q/21223377"", ""21223377"")",0.3145161290322581
"=HYPERLINK(""https://stackoverflow.com/q/21230667"", ""21230667"")",0.6278317152103561
"=HYPERLINK(""https://stackoverflow.com/q/21698719"", ""21698719"")",0.471264367816092
"=HYPERLINK(""https://stackoverflow.com/q/21709199"", ""21709199"")",0.6973684210526317
"=HYPERLINK(""https://stackoverflow.com/q/22099495"", ""22099495"")",0.36521739130434794
"=HYPERLINK(""https://stackoverflow.com/q/22241126"", ""22241126"")",0.38679245283018865
"=HYPERLINK(""https://stackoverflow.com/q/22643760"", ""22643760"")",0.5254237288135594
"=HYPERLINK(""https://stackoverflow.com/q/22830892"", ""22830892"")",0.7236842105263157
"=HYPERLINK(""https://stackoverflow.com/q/22850190"", ""22850190"")",0.6004016064257028
"=HYPERLINK(""https://stackoverflow.com/q/22961535"", ""22961535"")",0.6865671641791045
"=HYPERLINK(""https://stackoverflow.com/q/23144704"", ""23144704"")",0.6992753623188406
"=HYPERLINK(""https://stackoverflow.com/q/23156450"", ""23156450"")",0.4330708661417323
"=HYPERLINK(""https://stackoverflow.com/q/23455510"", ""23455510"")",0.535897435897436
"=HYPERLINK(""https://stackoverflow.com/q/23608700"", ""23608700"")",0.44673539518900357
"=HYPERLINK(""https://stackoverflow.com/q/23899015"", ""23899015"")",0.4813278008298756
"=HYPERLINK(""https://stackoverflow.com/q/23908215"", ""23908215"")",0.40780141843971623
"=HYPERLINK(""https://stackoverflow.com/q/24040660"", ""24040660"")",0.5052356020942408
"=HYPERLINK(""https://stackoverflow.com/q/24311689"", ""24311689"")",0.6772823779193206
"=HYPERLINK(""https://stackoverflow.com/q/24444280"", ""24444280"")",0.5718654434250764
"=HYPERLINK(""https://stackoverflow.com/q/24573328"", ""24573328"")",0.5116279069767442
"=HYPERLINK(""https://stackoverflow.com/q/24675545"", ""24675545"")",0.6588235294117648
"=HYPERLINK(""https://stackoverflow.com/q/24700708"", ""24700708"")",0.7391304347826086
"=HYPERLINK(""https://stackoverflow.com/q/24826858"", ""24826858"")",0.6375404530744337
"=HYPERLINK(""https://stackoverflow.com/q/24830743"", ""24830743"")",0.6728110599078341
"=HYPERLINK(""https://stackoverflow.com/q/24910840"", ""24910840"")",0.49242424242424243
"=HYPERLINK(""https://stackoverflow.com/q/25270492"", ""25270492"")",0.35650623885918004
"=HYPERLINK(""https://stackoverflow.com/q/25431596"", ""25431596"")",0.6556473829201103
"=HYPERLINK(""https://stackoverflow.com/q/26104328"", ""26104328"")",0.7528735632183907
"=HYPERLINK(""https://stackoverflow.com/q/26124198"", ""26124198"")",0.5542168674698795
"=HYPERLINK(""https://stackoverflow.com/q/26136419"", ""26136419"")",0.6430446194225723
"=HYPERLINK(""https://stackoverflow.com/q/26141659"", ""26141659"")",0.5289256198347108
"=HYPERLINK(""https://stackoverflow.com/q/26240674"", ""26240674"")",0.2578947368421053
"=HYPERLINK(""https://stackoverflow.com/q/26450110"", ""26450110"")",0.5591397849462366
"=HYPERLINK(""https://stackoverflow.com/q/26521509"", ""26521509"")",0.5463659147869674
"=HYPERLINK(""https://stackoverflow.com/q/26589367"", ""26589367"")",0.41758241758241765
"=HYPERLINK(""https://stackoverflow.com/q/26607592"", ""26607592"")",0.17737003058103976
"=HYPERLINK(""https://stackoverflow.com/q/26614422"", ""26614422"")",0.38666666666666677
"=HYPERLINK(""https://stackoverflow.com/q/26717124"", ""26717124"")",0.8364779874213837
"=HYPERLINK(""https://stackoverflow.com/q/26726155"", ""26726155"")",0.5195402298850575
"=HYPERLINK(""https://stackoverflow.com/q/26752646"", ""26752646"")",0.44336569579288027
"=HYPERLINK(""https://stackoverflow.com/q/26756304"", ""26756304"")",0.7855072463768116
"=HYPERLINK(""https://stackoverflow.com/q/27086624"", ""27086624"")",0.8546099290780143
"=HYPERLINK(""https://stackoverflow.com/q/27468553"", ""27468553"")",0.39138576779026213
"=HYPERLINK(""https://stackoverflow.com/q/27492425"", ""27492425"")",0.49367088607594933
"=HYPERLINK(""https://stackoverflow.com/q/27713741"", ""27713741"")",0.5227817745803358
"=HYPERLINK(""https://stackoverflow.com/q/27922313"", ""27922313"")",0.44059405940594054
"=HYPERLINK(""https://stackoverflow.com/q/27956375"", ""27956375"")",0.5213032581453635
"=HYPERLINK(""https://stackoverflow.com/q/28417804"", ""28417804"")",0.465686274509804
"=HYPERLINK(""https://stackoverflow.com/q/28507510"", ""28507510"")",0.8553459119496856
"=HYPERLINK(""https://stackoverflow.com/q/28558425"", ""28558425"")",0.43462897526501765
"=HYPERLINK(""https://stackoverflow.com/q/28580711"", ""28580711"")",0.44028520499108736
"=HYPERLINK(""https://stackoverflow.com/q/28582619"", ""28582619"")",0.4503311258278146
"=HYPERLINK(""https://stackoverflow.com/q/28779708"", ""28779708"")",0.3103448275862069
"=HYPERLINK(""https://stackoverflow.com/q/29120801"", ""29120801"")",0.5787545787545788
"=HYPERLINK(""https://stackoverflow.com/q/29374613"", ""29374613"")",0.6711711711711711
"=HYPERLINK(""https://stackoverflow.com/q/29628456"", ""29628456"")",0.2759315206445116
"=HYPERLINK(""https://stackoverflow.com/q/29725133"", ""29725133"")",0.4536082474226804
"=HYPERLINK(""https://stackoverflow.com/q/29855323"", ""29855323"")",0.4076576576576577
"=HYPERLINK(""https://stackoverflow.com/q/30016116"", ""30016116"")",0.3826666666666667
"=HYPERLINK(""https://stackoverflow.com/q/30096095"", ""30096095"")",0.6169154228855722
"=HYPERLINK(""https://stackoverflow.com/q/30204371"", ""30204371"")",0.5894039735099338
"=HYPERLINK(""https://stackoverflow.com/q/30576396"", ""30576396"")",0.43678160919540227
"=HYPERLINK(""https://stackoverflow.com/q/30695794"", ""30695794"")",0.365296803652968
"=HYPERLINK(""https://stackoverflow.com/q/30736321"", ""30736321"")",0.6159420289855073
"=HYPERLINK(""https://stackoverflow.com/q/30741147"", ""30741147"")",0.6731391585760518
"=HYPERLINK(""https://stackoverflow.com/q/30782108"", ""30782108"")",0.460093896713615
"=HYPERLINK(""https://stackoverflow.com/q/30872067"", ""30872067"")",0.6794055201698513
"=HYPERLINK(""https://stackoverflow.com/q/30976069"", ""30976069"")",0.7923076923076924
"=HYPERLINK(""https://stackoverflow.com/q/31000770"", ""31000770"")",0.5027322404371585
"=HYPERLINK(""https://stackoverflow.com/q/31094234"", ""31094234"")",0.7461538461538462
"=HYPERLINK(""https://stackoverflow.com/q/31145520"", ""31145520"")",0.8370702541106129
"=HYPERLINK(""https://stackoverflow.com/q/31154187"", ""31154187"")",0.6588235294117648
"=HYPERLINK(""https://stackoverflow.com/q/31254821"", ""31254821"")",0.3292682926829268
"=HYPERLINK(""https://stackoverflow.com/q/31283920"", ""31283920"")",0.5671641791044777
"=HYPERLINK(""https://stackoverflow.com/q/31341915"", ""31341915"")",0.8514492753623188
"=HYPERLINK(""https://stackoverflow.com/q/31377409"", ""31377409"")",0.46410256410256423
"=HYPERLINK(""https://stackoverflow.com/q/31392885"", ""31392885"")",0.6007326007326008
"=HYPERLINK(""https://stackoverflow.com/q/31442291"", ""31442291"")",0.4059139784946237
"=HYPERLINK(""https://stackoverflow.com/q/31492632"", ""31492632"")",0.8014705882352942
"=HYPERLINK(""https://stackoverflow.com/q/31719836"", ""31719836"")",0.6788990825688075
"=HYPERLINK(""https://stackoverflow.com/q/31750475"", ""31750475"")",0.6873479318734793
"=HYPERLINK(""https://stackoverflow.com/q/31763723"", ""31763723"")",0.4880952380952382
"=HYPERLINK(""https://stackoverflow.com/q/31994891"", ""31994891"")",0.32600732600732607
"=HYPERLINK(""https://stackoverflow.com/q/32008109"", ""32008109"")",0.2975609756097561
"=HYPERLINK(""https://stackoverflow.com/q/32209667"", ""32209667"")",0.2919540229885058
"=HYPERLINK(""https://stackoverflow.com/q/32359316"", ""32359316"")",0.7904761904761904
"=HYPERLINK(""https://stackoverflow.com/q/32372773"", ""32372773"")",0.6257861635220126
"=HYPERLINK(""https://stackoverflow.com/q/32422942"", ""32422942"")",0.5307692307692308
"=HYPERLINK(""https://stackoverflow.com/q/32465993"", ""32465993"")",0.7520325203252033
"=HYPERLINK(""https://stackoverflow.com/q/32525447"", ""32525447"")",0.7952755905511811
"=HYPERLINK(""https://stackoverflow.com/q/32526623"", ""32526623"")",0.5049019607843138
"=HYPERLINK(""https://stackoverflow.com/q/32614915"", ""32614915"")",0.3806706114398422
"=HYPERLINK(""https://stackoverflow.com/q/32766578"", ""32766578"")",0.8103975535168196
"=HYPERLINK(""https://stackoverflow.com/q/32881633"", ""32881633"")",0.34459459459459457
"=HYPERLINK(""https://stackoverflow.com/q/32924064"", ""32924064"")",0.4858757062146894
"=HYPERLINK(""https://stackoverflow.com/q/33118557"", ""33118557"")",0.6339662447257385
"=HYPERLINK(""https://stackoverflow.com/q/33121931"", ""33121931"")",0.5866666666666667
"=HYPERLINK(""https://stackoverflow.com/q/33345341"", ""33345341"")",0.5714285714285714
"=HYPERLINK(""https://stackoverflow.com/q/33613212"", ""33613212"")",0.5114942528735632
"=HYPERLINK(""https://stackoverflow.com/q/33613440"", ""33613440"")",0.6337209302325582
"=HYPERLINK(""https://stackoverflow.com/q/34008875"", ""34008875"")",0.5283687943262413
"=HYPERLINK(""https://stackoverflow.com/q/34046790"", ""34046790"")",0.46051282051282055
"=HYPERLINK(""https://stackoverflow.com/q/34159503"", ""34159503"")",0.7479674796747967
"=HYPERLINK(""https://stackoverflow.com/q/34210410"", ""34210410"")",0.5459317585301838
"=HYPERLINK(""https://stackoverflow.com/q/34258202"", ""34258202"")",0.4250764525993884
"=HYPERLINK(""https://stackoverflow.com/q/34295971"", ""34295971"")",0.639269406392694
"=HYPERLINK(""https://stackoverflow.com/q/34338850"", ""34338850"")",0.4657534246575342
"=HYPERLINK(""https://stackoverflow.com/q/34413077"", ""34413077"")",0.5350877192982457
"=HYPERLINK(""https://stackoverflow.com/q/34593226"", ""34593226"")",0.2916666666666667
"=HYPERLINK(""https://stackoverflow.com/q/34595401"", ""34595401"")",0.5784313725490197
"=HYPERLINK(""https://stackoverflow.com/q/34618159"", ""34618159"")",0.4619422572178478
"=HYPERLINK(""https://stackoverflow.com/q/34794909"", ""34794909"")",0.6264367816091955
"=HYPERLINK(""https://stackoverflow.com/q/35059380"", ""35059380"")",0.7289156626506024
"=HYPERLINK(""https://stackoverflow.com/q/35068501"", ""35068501"")",0.2827380952380953
"=HYPERLINK(""https://stackoverflow.com/q/35233315"", ""35233315"")",0.7584097859327217
"=HYPERLINK(""https://stackoverflow.com/q/35484929"", ""35484929"")",0.31515151515151507
"=HYPERLINK(""https://stackoverflow.com/q/35491957"", ""35491957"")",0.4492753623188406
"=HYPERLINK(""https://stackoverflow.com/q/35657215"", ""35657215"")",0.6541353383458648
"=HYPERLINK(""https://stackoverflow.com/q/35777241"", ""35777241"")",0.2833333333333334
"=HYPERLINK(""https://stackoverflow.com/q/35805191"", ""35805191"")",0.6517857142857143
"=HYPERLINK(""https://stackoverflow.com/q/36048433"", ""36048433"")",0.38400000000000006
"=HYPERLINK(""https://stackoverflow.com/q/36698815"", ""36698815"")",0.6036745406824148
"=HYPERLINK(""https://stackoverflow.com/q/36713103"", ""36713103"")",0.7968441814595661
"=HYPERLINK(""https://stackoverflow.com/q/36717679"", ""36717679"")",0.6666666666666666
"=HYPERLINK(""https://stackoverflow.com/q/36856458"", ""36856458"")",0.4626865671641791
"=HYPERLINK(""https://stackoverflow.com/q/36876429"", ""36876429"")",0.3849557522123895
"=HYPERLINK(""https://stackoverflow.com/q/37131467"", ""37131467"")",0.39473684210526316
"=HYPERLINK(""https://stackoverflow.com/q/37148673"", ""37148673"")",0.3636363636363636
"=HYPERLINK(""https://stackoverflow.com/q/37397519"", ""37397519"")",0.6519337016574586
"=HYPERLINK(""https://stackoverflow.com/q/37445169"", ""37445169"")",0.5104166666666667
"=HYPERLINK(""https://stackoverflow.com/q/37511501"", ""37511501"")",0.5819209039548023
"=HYPERLINK(""https://stackoverflow.com/q/37591022"", ""37591022"")",0.31147540983606564
"=HYPERLINK(""https://stackoverflow.com/q/37597278"", ""37597278"")",0.4235588972431078
"=HYPERLINK(""https://stackoverflow.com/q/37619711"", ""37619711"")",0.3142857142857143
"=HYPERLINK(""https://stackoverflow.com/q/37736920"", ""37736920"")",0.7079710144927535
"=HYPERLINK(""https://stackoverflow.com/q/37973430"", ""37973430"")",0.3171521035598705
"=HYPERLINK(""https://stackoverflow.com/q/37989972"", ""37989972"")",0.2842535787321063
"=HYPERLINK(""https://stackoverflow.com/q/38128925"", ""38128925"")",0.6997455470737914
"=HYPERLINK(""https://stackoverflow.com/q/38202204"", ""38202204"")",0.7011494252873564
"=HYPERLINK(""https://stackoverflow.com/q/38758231"", ""38758231"")",0.4557823129251701
"=HYPERLINK(""https://stackoverflow.com/q/38946831"", ""38946831"")",0.43216080402010054
"=HYPERLINK(""https://stackoverflow.com/q/39126741"", ""39126741"")",0.5711610486891385
"=HYPERLINK(""https://stackoverflow.com/q/39137714"", ""39137714"")",0.4383561643835616
"=HYPERLINK(""https://stackoverflow.com/q/39167254"", ""39167254"")",0.42180094786729855
"=HYPERLINK(""https://stackoverflow.com/q/39195417"", ""39195417"")",0.35333333333333333
"=HYPERLINK(""https://stackoverflow.com/q/39222287"", ""39222287"")",0.646766169154229
"=HYPERLINK(""https://stackoverflow.com/q/39408435"", ""39408435"")",0.34492753623188416
"=HYPERLINK(""https://stackoverflow.com/q/39431617"", ""39431617"")",0.5511811023622047
"=HYPERLINK(""https://stackoverflow.com/q/39474009"", ""39474009"")",0.5533980582524273
"=HYPERLINK(""https://stackoverflow.com/q/39721369"", ""39721369"")",0.8449197860962567
"=HYPERLINK(""https://stackoverflow.com/q/39728629"", ""39728629"")",0.7383966244725739
"=HYPERLINK(""https://stackoverflow.com/q/39740950"", ""39740950"")",0.409282700421941
"=HYPERLINK(""https://stackoverflow.com/q/39764483"", ""39764483"")",0.8376811594202898
"=HYPERLINK(""https://stackoverflow.com/q/39784508"", ""39784508"")",0.7192982456140351
"=HYPERLINK(""https://stackoverflow.com/q/39844169"", ""39844169"")",0.7933042212518195
"=HYPERLINK(""https://stackoverflow.com/q/39865672"", ""39865672"")",0.31271477663230246
"=HYPERLINK(""https://stackoverflow.com/q/39888407"", ""39888407"")",0.7614533965244865
"=HYPERLINK(""https://stackoverflow.com/q/40018173"", ""40018173"")",0.6907216494845362
"=HYPERLINK(""https://stackoverflow.com/q/40259690"", ""40259690"")",0.8419243986254296
"=HYPERLINK(""https://stackoverflow.com/q/40387924"", ""40387924"")",0.6347031963470321
"=HYPERLINK(""https://stackoverflow.com/q/40629810"", ""40629810"")",0.35897435897435903
"=HYPERLINK(""https://stackoverflow.com/q/40735498"", ""40735498"")",0.572139303482587
"=HYPERLINK(""https://stackoverflow.com/q/41065848"", ""41065848"")",0.7835051546391752
"=HYPERLINK(""https://stackoverflow.com/q/41069520"", ""41069520"")",0.6975945017182131
"=HYPERLINK(""https://stackoverflow.com/q/41125550"", ""41125550"")",0.5212765957446809
"=HYPERLINK(""https://stackoverflow.com/q/41291872"", ""41291872"")",0.4492753623188406
"=HYPERLINK(""https://stackoverflow.com/q/41370139"", ""41370139"")",0.6976744186046511
"=HYPERLINK(""https://stackoverflow.com/q/41515305"", ""41515305"")",0.8109965635738832
"=HYPERLINK(""https://stackoverflow.com/q/41613565"", ""41613565"")",0.6099865047233468
"=HYPERLINK(""https://stackoverflow.com/q/41773045"", ""41773045"")",0.6194225721784777
"=HYPERLINK(""https://stackoverflow.com/q/41806439"", ""41806439"")",0.7999999999999999
"=HYPERLINK(""https://stackoverflow.com/q/41902577"", ""41902577"")",0.6384615384615385
"=HYPERLINK(""https://stackoverflow.com/q/42058556"", ""42058556"")",0.6336088154269973
"=HYPERLINK(""https://stackoverflow.com/q/42126968"", ""42126968"")",0.4432624113475178
"=HYPERLINK(""https://stackoverflow.com/q/42234216"", ""42234216"")",0.7701149425287356
"=HYPERLINK(""https://stackoverflow.com/q/42424891"", ""42424891"")",0.4883227176220807
"=HYPERLINK(""https://stackoverflow.com/q/42652111"", ""42652111"")",0.5833333333333334
"=HYPERLINK(""https://stackoverflow.com/q/42891925"", ""42891925"")",0.42369477911646586
"=HYPERLINK(""https://stackoverflow.com/q/42942948"", ""42942948"")",0.5354609929078015
"=HYPERLINK(""https://stackoverflow.com/q/43055371"", ""43055371"")",0.4666666666666667
"=HYPERLINK(""https://stackoverflow.com/q/43108364"", ""43108364"")",0.6892230576441103
"=HYPERLINK(""https://stackoverflow.com/q/43193755"", ""43193755"")",0.3858267716535434
"=HYPERLINK(""https://stackoverflow.com/q/43440245"", ""43440245"")",0.3821656050955414
"=HYPERLINK(""https://stackoverflow.com/q/43453918"", ""43453918"")",0.6244131455399061
"=HYPERLINK(""https://stackoverflow.com/q/43568230"", ""43568230"")",0.4432234432234433
"=HYPERLINK(""https://stackoverflow.com/q/43576656"", ""43576656"")",0.35011990407673865
"=HYPERLINK(""https://stackoverflow.com/q/43786772"", ""43786772"")",0.2916666666666667
"=HYPERLINK(""https://stackoverflow.com/q/43798421"", ""43798421"")",0.5219298245614035
"=HYPERLINK(""https://stackoverflow.com/q/43934866"", ""43934866"")",0.489451476793249
"=HYPERLINK(""https://stackoverflow.com/q/44073429"", ""44073429"")",0.6126760563380282
"=HYPERLINK(""https://stackoverflow.com/q/44124312"", ""44124312"")",0.3013698630136986
"=HYPERLINK(""https://stackoverflow.com/q/44326149"", ""44326149"")",0.4337899543378995
"=HYPERLINK(""https://stackoverflow.com/q/44400037"", ""44400037"")",0.7519379844961241
"=HYPERLINK(""https://stackoverflow.com/q/44556528"", ""44556528"")",0.5797101449275363
"=HYPERLINK(""https://stackoverflow.com/q/44673791"", ""44673791"")",0.8958333333333333
"=HYPERLINK(""https://stackoverflow.com/q/44939134"", ""44939134"")",0.7671691792294807
"=HYPERLINK(""https://stackoverflow.com/q/45143778"", ""45143778"")",0.842857142857143
"=HYPERLINK(""https://stackoverflow.com/q/45174102"", ""45174102"")",0.7587719298245614
"=HYPERLINK(""https://stackoverflow.com/q/45211165"", ""45211165"")",0.5062893081761007
"=HYPERLINK(""https://stackoverflow.com/q/45234120"", ""45234120"")",0.48118279569892475
"=HYPERLINK(""https://stackoverflow.com/q/45362063"", ""45362063"")",0.6422764227642278
"=HYPERLINK(""https://stackoverflow.com/q/45378884"", ""45378884"")",0.8185654008438819
"=HYPERLINK(""https://stackoverflow.com/q/45420456"", ""45420456"")",0.35238095238095235
"=HYPERLINK(""https://stackoverflow.com/q/45549826"", ""45549826"")",0.6099290780141844
"=HYPERLINK(""https://stackoverflow.com/q/45551991"", ""45551991"")",0.5469255663430421
"=HYPERLINK(""https://stackoverflow.com/q/45617599"", ""45617599"")",0.861878453038674
"=HYPERLINK(""https://stackoverflow.com/q/45654518"", ""45654518"")",0.4794520547945205
"=HYPERLINK(""https://stackoverflow.com/q/45797340"", ""45797340"")",0.7695035460992908
"=HYPERLINK(""https://stackoverflow.com/q/45942221"", ""45942221"")",0.7994350282485876
"=HYPERLINK(""https://stackoverflow.com/q/46206396"", ""46206396"")",0.48863636363636365
"=HYPERLINK(""https://stackoverflow.com/q/46246989"", ""46246989"")",0.3459349593495935
"=HYPERLINK(""https://stackoverflow.com/q/46344510"", ""46344510"")",0.5159128978224455
"=HYPERLINK(""https://stackoverflow.com/q/46383534"", ""46383534"")",0.7151515151515152
"=HYPERLINK(""https://stackoverflow.com/q/46628993"", ""46628993"")",0.5300546448087432
"=HYPERLINK(""https://stackoverflow.com/q/46662490"", ""46662490"")",0.48387096774193544
"=HYPERLINK(""https://stackoverflow.com/q/46723944"", ""46723944"")",0.7766666666666666
"=HYPERLINK(""https://stackoverflow.com/q/46895176"", ""46895176"")",0.7049180327868854
"=HYPERLINK(""https://stackoverflow.com/q/46919588"", ""46919588"")",0.6080586080586081
"=HYPERLINK(""https://stackoverflow.com/q/47024609"", ""47024609"")",0.35650623885918004
"=HYPERLINK(""https://stackoverflow.com/q/47148536"", ""47148536"")",0.8114035087719298
"=HYPERLINK(""https://stackoverflow.com/q/47219111"", ""47219111"")",0.46250000000000013
"=HYPERLINK(""https://stackoverflow.com/q/47246841"", ""47246841"")",0.25581395348837205
"=HYPERLINK(""https://stackoverflow.com/q/47286717"", ""47286717"")",0.22272727272727277
"=HYPERLINK(""https://stackoverflow.com/q/47319834"", ""47319834"")",0.7137254901960784
"=HYPERLINK(""https://stackoverflow.com/q/47344492"", ""47344492"")",0.8270042194092827
"=HYPERLINK(""https://stackoverflow.com/q/47404838"", ""47404838"")",0.8157051282051282
"=HYPERLINK(""https://stackoverflow.com/q/47461827"", ""47461827"")",0.8185654008438819
"=HYPERLINK(""https://stackoverflow.com/q/47513001"", ""47513001"")",0.483739837398374
"=HYPERLINK(""https://stackoverflow.com/q/47719984"", ""47719984"")",0.33333333333333337
"=HYPERLINK(""https://stackoverflow.com/q/47722800"", ""47722800"")",0.627450980392157
"=HYPERLINK(""https://stackoverflow.com/q/47799672"", ""47799672"")",0.4484848484848485
"=HYPERLINK(""https://stackoverflow.com/q/47975373"", ""47975373"")",0.3118811881188119
"=HYPERLINK(""https://stackoverflow.com/q/48170406"", ""48170406"")",0.6121212121212122
"=HYPERLINK(""https://stackoverflow.com/q/48199582"", ""48199582"")",0.6255707762557078
"=HYPERLINK(""https://stackoverflow.com/q/48267668"", ""48267668"")",0.4269972451790634
"=HYPERLINK(""https://stackoverflow.com/q/48362696"", ""48362696"")",0.7076923076923077
"=HYPERLINK(""https://stackoverflow.com/q/48433709"", ""48433709"")",0.5175438596491229
"=HYPERLINK(""https://stackoverflow.com/q/48451212"", ""48451212"")",0.7563218390804597
"=HYPERLINK(""https://stackoverflow.com/q/48509252"", ""48509252"")",0.44776119402985076
"=HYPERLINK(""https://stackoverflow.com/q/48529665"", ""48529665"")",0.725
"=HYPERLINK(""https://stackoverflow.com/q/48553809"", ""48553809"")",0.5707317073170732
"=HYPERLINK(""https://stackoverflow.com/q/48578566"", ""48578566"")",0.6467391304347826
"=HYPERLINK(""https://stackoverflow.com/q/48657032"", ""48657032"")",0.37681159420289856
"=HYPERLINK(""https://stackoverflow.com/q/48684745"", ""48684745"")",0.6
"=HYPERLINK(""https://stackoverflow.com/q/48779610"", ""48779610"")",0.4170854271356784
"=HYPERLINK(""https://stackoverflow.com/q/48785781"", ""48785781"")",0.40780141843971635
"=HYPERLINK(""https://stackoverflow.com/q/48864582"", ""48864582"")",0.7045813586097945
"=HYPERLINK(""https://stackoverflow.com/q/48997632"", ""48997632"")",0.5435897435897437
"=HYPERLINK(""https://stackoverflow.com/q/49019160"", ""49019160"")",0.6229885057471265
"=HYPERLINK(""https://stackoverflow.com/q/49059485"", ""49059485"")",0.7094594594594594
"=HYPERLINK(""https://stackoverflow.com/q/49080092"", ""49080092"")",0.4632352941176471
"=HYPERLINK(""https://stackoverflow.com/q/49111651"", ""49111651"")",0.6521739130434783
"=HYPERLINK(""https://stackoverflow.com/q/49234052"", ""49234052"")",0.6402877697841727
"=HYPERLINK(""https://stackoverflow.com/q/49236713"", ""49236713"")",0.6666666666666666
"=HYPERLINK(""https://stackoverflow.com/q/49257971"", ""49257971"")",0.5371900826446282
"=HYPERLINK(""https://stackoverflow.com/q/49279349"", ""49279349"")",0.7300469483568075
"=HYPERLINK(""https://stackoverflow.com/q/49288425"", ""49288425"")",0.6757062146892656
"=HYPERLINK(""https://stackoverflow.com/q/49309925"", ""49309925"")",0.7428571428571429
"=HYPERLINK(""https://stackoverflow.com/q/49313548"", ""49313548"")",0.40780141843971635
"=HYPERLINK(""https://stackoverflow.com/q/49361947"", ""49361947"")",0.5430107526881721
"=HYPERLINK(""https://stackoverflow.com/q/49424315"", ""49424315"")",0.8120300751879699
"=HYPERLINK(""https://stackoverflow.com/q/49441826"", ""49441826"")",0.6016949152542374
"=HYPERLINK(""https://stackoverflow.com/q/49560761"", ""49560761"")",0.6060606060606061
"=HYPERLINK(""https://stackoverflow.com/q/49587528"", ""49587528"")",0.7258382642998027
"=HYPERLINK(""https://stackoverflow.com/q/49680944"", ""49680944"")",0.46473029045643155
"=HYPERLINK(""https://stackoverflow.com/q/49727498"", ""49727498"")",0.49315068493150693
"=HYPERLINK(""https://stackoverflow.com/q/49728111"", ""49728111"")",0.5786163522012578
"=HYPERLINK(""https://stackoverflow.com/q/49778906"", ""49778906"")",0.6941580756013747
"=HYPERLINK(""https://stackoverflow.com/q/49811095"", ""49811095"")",0.6069182389937107
"=HYPERLINK(""https://stackoverflow.com/q/49990840"", ""49990840"")",0.5850340136054422
"=HYPERLINK(""https://stackoverflow.com/q/50000199"", ""50000199"")",0.7050147492625368
"=HYPERLINK(""https://stackoverflow.com/q/50007417"", ""50007417"")",0.6512820512820514
"=HYPERLINK(""https://stackoverflow.com/q/50346791"", ""50346791"")",0.5886524822695036
"=HYPERLINK(""https://stackoverflow.com/q/50350363"", ""50350363"")",0.7401574803149605
"=HYPERLINK(""https://stackoverflow.com/q/50370008"", ""50370008"")",0.6333333333333333
"=HYPERLINK(""https://stackoverflow.com/q/50480481"", ""50480481"")",0.7341772151898734
"=HYPERLINK(""https://stackoverflow.com/q/50484363"", ""50484363"")",0.4573002754820937
"=HYPERLINK(""https://stackoverflow.com/q/50512160"", ""50512160"")",0.7146892655367232
"=HYPERLINK(""https://stackoverflow.com/q/50719435"", ""50719435"")",0.7904290429042904
"=HYPERLINK(""https://stackoverflow.com/q/50737703"", ""50737703"")",0.6096491228070176
"=HYPERLINK(""https://stackoverflow.com/q/50799048"", ""50799048"")",0.5706214689265537
"=HYPERLINK(""https://stackoverflow.com/q/50802508"", ""50802508"")",0.4335839598997494
"=HYPERLINK(""https://stackoverflow.com/q/50847611"", ""50847611"")",0.40827740492170017
"=HYPERLINK(""https://stackoverflow.com/q/50928391"", ""50928391"")",0.814569536423841
"=HYPERLINK(""https://stackoverflow.com/q/50949709"", ""50949709"")",0.48405797101449277
"=HYPERLINK(""https://stackoverflow.com/q/51091645"", ""51091645"")",0.6318407960199005
"=HYPERLINK(""https://stackoverflow.com/q/51184633"", ""51184633"")",0.726027397260274
"=HYPERLINK(""https://stackoverflow.com/q/51311167"", ""51311167"")",0.5484496124031008
"=HYPERLINK(""https://stackoverflow.com/q/51354061"", ""51354061"")",0.48785871964679917
"=HYPERLINK(""https://stackoverflow.com/q/51449843"", ""51449843"")",0.5803921568627453
"=HYPERLINK(""https://stackoverflow.com/q/51450897"", ""51450897"")",0.6755952380952381
"=HYPERLINK(""https://stackoverflow.com/q/51518532"", ""51518532"")",0.5276752767527675
"=HYPERLINK(""https://stackoverflow.com/q/51542541"", ""51542541"")",0.8117647058823529
"=HYPERLINK(""https://stackoverflow.com/q/51547924"", ""51547924"")",0.5525114155251143
"=HYPERLINK(""https://stackoverflow.com/q/51588087"", ""51588087"")",0.8354430379746836
"=HYPERLINK(""https://stackoverflow.com/q/51630922"", ""51630922"")",0.518840579710145
"=HYPERLINK(""https://stackoverflow.com/q/51657194"", ""51657194"")",0.8220551378446115
"=HYPERLINK(""https://stackoverflow.com/q/51713639"", ""51713639"")",0.8075601374570447
"=HYPERLINK(""https://stackoverflow.com/q/51748775"", ""51748775"")",0.5466666666666667
"=HYPERLINK(""https://stackoverflow.com/q/51750168"", ""51750168"")",0.5276190476190475
"=HYPERLINK(""https://stackoverflow.com/q/51836308"", ""51836308"")",0.6666666666666666
"=HYPERLINK(""https://stackoverflow.com/q/51875286"", ""51875286"")",0.7486631016042781
"=HYPERLINK(""https://stackoverflow.com/q/51933359"", ""51933359"")",0.5966029723991507
"=HYPERLINK(""https://stackoverflow.com/q/51967993"", ""51967993"")",0.7529976019184653
"=HYPERLINK(""https://stackoverflow.com/q/51991313"", ""51991313"")",0.5043859649122807
"=HYPERLINK(""https://stackoverflow.com/q/51992268"", ""51992268"")",0.4604810996563574
"=HYPERLINK(""https://stackoverflow.com/q/52100462"", ""52100462"")",0.34837092731829583
"=HYPERLINK(""https://stackoverflow.com/q/52230037"", ""52230037"")",0.752913752913753
"=HYPERLINK(""https://stackoverflow.com/q/52285211"", ""52285211"")",0.4962406015037595
"=HYPERLINK(""https://stackoverflow.com/q/52441129"", ""52441129"")",0.42611683848797266
"=HYPERLINK(""https://stackoverflow.com/q/52584335"", ""52584335"")",0.5072463768115943
"=HYPERLINK(""https://stackoverflow.com/q/52631413"", ""52631413"")",0.7652173913043478
"=HYPERLINK(""https://stackoverflow.com/q/52645827"", ""52645827"")",0.4878048780487806
"=HYPERLINK(""https://stackoverflow.com/q/52700335"", ""52700335"")",0.5575757575757576
"=HYPERLINK(""https://stackoverflow.com/q/52759503"", ""52759503"")",0.6862745098039216
"=HYPERLINK(""https://stackoverflow.com/q/52783511"", ""52783511"")",0.30114942528735633
"=HYPERLINK(""https://stackoverflow.com/q/52787297"", ""52787297"")",0.6666666666666667
"=HYPERLINK(""https://stackoverflow.com/q/52880407"", ""52880407"")",0.7681159420289854
"=HYPERLINK(""https://stackoverflow.com/q/52937997"", ""52937997"")",0.7595628415300547
"=HYPERLINK(""https://stackoverflow.com/q/53083852"", ""53083852"")",0.5490196078431373
"=HYPERLINK(""https://stackoverflow.com/q/53203991"", ""53203991"")",0.7711442786069652
"=HYPERLINK(""https://stackoverflow.com/q/53247181"", ""53247181"")",0.6901960784313725
"=HYPERLINK(""https://stackoverflow.com/q/53415441"", ""53415441"")",0.2813852813852814
"=HYPERLINK(""https://stackoverflow.com/q/53437493"", ""53437493"")",0.6163522012578616
"=HYPERLINK(""https://stackoverflow.com/q/53446260"", ""53446260"")",0.7480314960629921
"=HYPERLINK(""https://stackoverflow.com/q/53516670"", ""53516670"")",0.45964912280701753
"=HYPERLINK(""https://stackoverflow.com/q/53592337"", ""53592337"")",0.6101190476190477
"=HYPERLINK(""https://stackoverflow.com/q/53600159"", ""53600159"")",0.3666666666666667
"=HYPERLINK(""https://stackoverflow.com/q/53631356"", ""53631356"")",0.7848101265822786
"=HYPERLINK(""https://stackoverflow.com/q/53709047"", ""53709047"")",0.5189873417721519
"=HYPERLINK(""https://stackoverflow.com/q/53833256"", ""53833256"")",0.5614035087719299
"=HYPERLINK(""https://stackoverflow.com/q/53838867"", ""53838867"")",0.7426160337552743
"=HYPERLINK(""https://stackoverflow.com/q/53883490"", ""53883490"")",0.8344827586206897
"=HYPERLINK(""https://stackoverflow.com/q/54005145"", ""54005145"")",0.3829201101928375
"=HYPERLINK(""https://stackoverflow.com/q/54036530"", ""54036530"")",0.43502824858757067
"=HYPERLINK(""https://stackoverflow.com/q/54040119"", ""54040119"")",0.49371069182389943
"=HYPERLINK(""https://stackoverflow.com/q/54107035"", ""54107035"")",0.6566164154103854
"=HYPERLINK(""https://stackoverflow.com/q/54110465"", ""54110465"")",0.6164383561643837
"=HYPERLINK(""https://stackoverflow.com/q/54129798"", ""54129798"")",0.42051282051282046
"=HYPERLINK(""https://stackoverflow.com/q/54210164"", ""54210164"")",0.5085910652920963
"=HYPERLINK(""https://stackoverflow.com/q/54234568"", ""54234568"")",0.4782608695652174
"=HYPERLINK(""https://stackoverflow.com/q/54326561"", ""54326561"")",0.5378323108384457
"=HYPERLINK(""https://stackoverflow.com/q/54362425"", ""54362425"")",0.5637480798771121
"=HYPERLINK(""https://stackoverflow.com/q/54458551"", ""54458551"")",0.44812362030905084
"=HYPERLINK(""https://stackoverflow.com/q/54524581"", ""54524581"")",0.4378109452736318
"=HYPERLINK(""https://stackoverflow.com/q/54554987"", ""54554987"")",0.15862068965517245
"=HYPERLINK(""https://stackoverflow.com/q/54561038"", ""54561038"")",0.5964912280701755
"=HYPERLINK(""https://stackoverflow.com/q/54562634"", ""54562634"")",0.8003300330033003
"=HYPERLINK(""https://stackoverflow.com/q/54567818"", ""54567818"")",0.8380952380952381
"=HYPERLINK(""https://stackoverflow.com/q/54691234"", ""54691234"")",0.5208333333333334
"=HYPERLINK(""https://stackoverflow.com/q/54784603"", ""54784603"")",0.2905405405405406
"=HYPERLINK(""https://stackoverflow.com/q/54845639"", ""54845639"")",0.2730496453900709
"=HYPERLINK(""https://stackoverflow.com/q/54880117"", ""54880117"")",0.5466666666666667
"=HYPERLINK(""https://stackoverflow.com/q/54896417"", ""54896417"")",0.527363184079602
"=HYPERLINK(""https://stackoverflow.com/q/54947547"", ""54947547"")",0.5643939393939394
"=HYPERLINK(""https://stackoverflow.com/q/55045957"", ""55045957"")",0.6801968019680197
"=HYPERLINK(""https://stackoverflow.com/q/55068865"", ""55068865"")",0.44347826086956527
"=HYPERLINK(""https://stackoverflow.com/q/55079668"", ""55079668"")",0.8911564625850339
"=HYPERLINK(""https://stackoverflow.com/q/55110723"", ""55110723"")",0.34285714285714286
"=HYPERLINK(""https://stackoverflow.com/q/55148300"", ""55148300"")",0.5637065637065638
"=HYPERLINK(""https://stackoverflow.com/q/55173777"", ""55173777"")",0.7213930348258707
"=HYPERLINK(""https://stackoverflow.com/q/55211675"", ""55211675"")",0.5952380952380953
"=HYPERLINK(""https://stackoverflow.com/q/55246816"", ""55246816"")",0.7435897435897436
"=HYPERLINK(""https://stackoverflow.com/q/55249562"", ""55249562"")",0.5636704119850187
"=HYPERLINK(""https://stackoverflow.com/q/55262981"", ""55262981"")",0.6122448979591837
"=HYPERLINK(""https://stackoverflow.com/q/55289545"", ""55289545"")",0.3495934959349593
"=HYPERLINK(""https://stackoverflow.com/q/55295647"", ""55295647"")",0.6941896024464832
"=HYPERLINK(""https://stackoverflow.com/q/55328823"", ""55328823"")",0.6688311688311689
"=HYPERLINK(""https://stackoverflow.com/q/55360392"", ""55360392"")",0.8396226415094339
"=HYPERLINK(""https://stackoverflow.com/q/55368685"", ""55368685"")",0.43283582089552236
"=HYPERLINK(""https://stackoverflow.com/q/55389244"", ""55389244"")",0.4780701754385965
"=HYPERLINK(""https://stackoverflow.com/q/55411233"", ""55411233"")",0.7123655913978495
"=HYPERLINK(""https://stackoverflow.com/q/55420448"", ""55420448"")",0.6826156299840511
"=HYPERLINK(""https://stackoverflow.com/q/55462307"", ""55462307"")",0.5124378109452736
"=HYPERLINK(""https://stackoverflow.com/q/55473976"", ""55473976"")",0.6705882352941177
"=HYPERLINK(""https://stackoverflow.com/q/55491439"", ""55491439"")",0.4166666666666667
"=HYPERLINK(""https://stackoverflow.com/q/55671550"", ""55671550"")",0.42771084337349397
"=HYPERLINK(""https://stackoverflow.com/q/55695497"", ""55695497"")",0.5719298245614035
"=HYPERLINK(""https://stackoverflow.com/q/55708596"", ""55708596"")",0.6075268817204301
"=HYPERLINK(""https://stackoverflow.com/q/55720690"", ""55720690"")",0.827250608272506
"=HYPERLINK(""https://stackoverflow.com/q/55728023"", ""55728023"")",0.7456140350877194
"=HYPERLINK(""https://stackoverflow.com/q/55753324"", ""55753324"")",0.8464912280701755
"=HYPERLINK(""https://stackoverflow.com/q/55766556"", ""55766556"")",0.5211442786069652
"=HYPERLINK(""https://stackoverflow.com/q/55780940"", ""55780940"")",0.8475033738191634
"=HYPERLINK(""https://stackoverflow.com/q/55849351"", ""55849351"")",0.3633333333333334
"=HYPERLINK(""https://stackoverflow.com/q/55883350"", ""55883350"")",0.3262910798122066
"=HYPERLINK(""https://stackoverflow.com/q/55906038"", ""55906038"")",0.7446808510638298
"=HYPERLINK(""https://stackoverflow.com/q/56005740"", ""56005740"")",0.4383561643835616
"=HYPERLINK(""https://stackoverflow.com/q/56047836"", ""56047836"")",0.7083333333333334
"=HYPERLINK(""https://stackoverflow.com/q/56111665"", ""56111665"")",0.5663430420711975
"=HYPERLINK(""https://stackoverflow.com/q/56115480"", ""56115480"")",0.6962025316455697
"=HYPERLINK(""https://stackoverflow.com/q/56157863"", ""56157863"")",0.5195797516714422
"=HYPERLINK(""https://stackoverflow.com/q/56168826"", ""56168826"")",0.27246376811594203
"=HYPERLINK(""https://stackoverflow.com/q/56222131"", ""56222131"")",0.7568922305764411
"=HYPERLINK(""https://stackoverflow.com/q/56260312"", ""56260312"")",0.673289183222958
"=HYPERLINK(""https://stackoverflow.com/q/56371025"", ""56371025"")",0.29310344827586204
"=HYPERLINK(""https://stackoverflow.com/q/56451608"", ""56451608"")",0.6086956521739131
"=HYPERLINK(""https://stackoverflow.com/q/56458027"", ""56458027"")",0.6705882352941177
"=HYPERLINK(""https://stackoverflow.com/q/56507392"", ""56507392"")",0.34848484848484845
"=HYPERLINK(""https://stackoverflow.com/q/56626799"", ""56626799"")",0.7333333333333334
"=HYPERLINK(""https://stackoverflow.com/q/56634167"", ""56634167"")",0.36904761904761907
"=HYPERLINK(""https://stackoverflow.com/q/56657861"", ""56657861"")",0.8505392912172572
"=HYPERLINK(""https://stackoverflow.com/q/56740222"", ""56740222"")",0.7101449275362319
"=HYPERLINK(""https://stackoverflow.com/q/56798317"", ""56798317"")",0.7760416666666667
"=HYPERLINK(""https://stackoverflow.com/q/56849742"", ""56849742"")",0.44242424242424244
"=HYPERLINK(""https://stackoverflow.com/q/56856845"", ""56856845"")",0.6698113207547169
"=HYPERLINK(""https://stackoverflow.com/q/56858050"", ""56858050"")",0.505307855626327
"=HYPERLINK(""https://stackoverflow.com/q/56868303"", ""56868303"")",0.8528735632183907
"=HYPERLINK(""https://stackoverflow.com/q/56873687"", ""56873687"")",0.6803652968036531
"=HYPERLINK(""https://stackoverflow.com/q/56961149"", ""56961149"")",0.8700980392156863
"=HYPERLINK(""https://stackoverflow.com/q/56964961"", ""56964961"")",0.5454545454545455
"=HYPERLINK(""https://stackoverflow.com/q/56966804"", ""56966804"")",0.6782608695652174
"=HYPERLINK(""https://stackoverflow.com/q/56978459"", ""56978459"")",0.5382882882882882
"=HYPERLINK(""https://stackoverflow.com/q/56998003"", ""56998003"")",0.6666666666666666
"=HYPERLINK(""https://stackoverflow.com/q/57002074"", ""57002074"")",0.6538461538461539
"=HYPERLINK(""https://stackoverflow.com/q/57009442"", ""57009442"")",0.5921052631578948
"=HYPERLINK(""https://stackoverflow.com/q/57012268"", ""57012268"")",0.6300813008130083
"=HYPERLINK(""https://stackoverflow.com/q/57039333"", ""57039333"")",0.3360215053763441
"=HYPERLINK(""https://stackoverflow.com/q/57059724"", ""57059724"")",0.4503311258278146
"=HYPERLINK(""https://stackoverflow.com/q/57077755"", ""57077755"")",0.5587529976019184
"=HYPERLINK(""https://stackoverflow.com/q/57161918"", ""57161918"")",0.6560283687943262
"=HYPERLINK(""https://stackoverflow.com/q/57224551"", ""57224551"")",0.6770833333333334
"=HYPERLINK(""https://stackoverflow.com/q/57256053"", ""57256053"")",0.9003436426116839
"=HYPERLINK(""https://stackoverflow.com/q/57296236"", ""57296236"")",0.6856060606060606
"=HYPERLINK(""https://stackoverflow.com/q/57319041"", ""57319041"")",0.8342541436464088
"=HYPERLINK(""https://stackoverflow.com/q/57356977"", ""57356977"")",0.27083333333333337
"=HYPERLINK(""https://stackoverflow.com/q/57391397"", ""57391397"")",0.4050387596899224
"=HYPERLINK(""https://stackoverflow.com/q/57417592"", ""57417592"")",0.7264150943396226
"=HYPERLINK(""https://stackoverflow.com/q/57420494"", ""57420494"")",0.5739514348785871
"=HYPERLINK(""https://stackoverflow.com/q/57425576"", ""57425576"")",0.6762589928057554
"=HYPERLINK(""https://stackoverflow.com/q/57433519"", ""57433519"")",0.3902439024390244
"=HYPERLINK(""https://stackoverflow.com/q/57436559"", ""57436559"")",0.7547169811320755
"=HYPERLINK(""https://stackoverflow.com/q/57474112"", ""57474112"")",0.4941176470588236
"=HYPERLINK(""https://stackoverflow.com/q/57477090"", ""57477090"")",0.42528735632183906
"=HYPERLINK(""https://stackoverflow.com/q/57479389"", ""57479389"")",0.36873156342182883
"=HYPERLINK(""https://stackoverflow.com/q/57498476"", ""57498476"")",0.5294117647058825
"=HYPERLINK(""https://stackoverflow.com/q/57523780"", ""57523780"")",0.5283687943262411
"=HYPERLINK(""https://stackoverflow.com/q/57580667"", ""57580667"")",0.3121019108280255
"=HYPERLINK(""https://stackoverflow.com/q/57585589"", ""57585589"")",0.5034013605442177
"=HYPERLINK(""https://stackoverflow.com/q/57592151"", ""57592151"")",0.4627831715210356
"=HYPERLINK(""https://stackoverflow.com/q/57603547"", ""57603547"")",0.5083932853717027
"=HYPERLINK(""https://stackoverflow.com/q/57625220"", ""57625220"")",0.6912568306010929
"=HYPERLINK(""https://stackoverflow.com/q/57689234"", ""57689234"")",0.6666666666666667
"=HYPERLINK(""https://stackoverflow.com/q/57719076"", ""57719076"")",0.5771428571428571
"=HYPERLINK(""https://stackoverflow.com/q/57741388"", ""57741388"")",0.4787234042553192
"=HYPERLINK(""https://stackoverflow.com/q/57755291"", ""57755291"")",0.6865342163355409
"=HYPERLINK(""https://stackoverflow.com/q/57783236"", ""57783236"")",0.5456989247311829
"=HYPERLINK(""https://stackoverflow.com/q/57796488"", ""57796488"")",0.380952380952381
"=HYPERLINK(""https://stackoverflow.com/q/57844935"", ""57844935"")",0.7014925373134329
"=HYPERLINK(""https://stackoverflow.com/q/57866381"", ""57866381"")",0.7244094488188977
"=HYPERLINK(""https://stackoverflow.com/q/57884708"", ""57884708"")",0.5787545787545788
"=HYPERLINK(""https://stackoverflow.com/q/57928682"", ""57928682"")",0.7130434782608696
"=HYPERLINK(""https://stackoverflow.com/q/58000083"", ""58000083"")",0.5328185328185329
"=HYPERLINK(""https://stackoverflow.com/q/58011069"", ""58011069"")",0.7435897435897435
"=HYPERLINK(""https://stackoverflow.com/q/58087232"", ""58087232"")",0.6914414414414415
"=HYPERLINK(""https://stackoverflow.com/q/58099556"", ""58099556"")",0.6246719160104987
"=HYPERLINK(""https://stackoverflow.com/q/58180201"", ""58180201"")",0.43986254295532656
"=HYPERLINK(""https://stackoverflow.com/q/58214581"", ""58214581"")",0.611764705882353
"=HYPERLINK(""https://stackoverflow.com/q/58260226"", ""58260226"")",0.5881410256410257
"=HYPERLINK(""https://stackoverflow.com/q/58269635"", ""58269635"")",0.49358974358974367
"=HYPERLINK(""https://stackoverflow.com/q/58299574"", ""58299574"")",0.33333333333333326
"=HYPERLINK(""https://stackoverflow.com/q/58330639"", ""58330639"")",0.431077694235589
"=HYPERLINK(""https://stackoverflow.com/q/58346428"", ""58346428"")",0.5818181818181819
"=HYPERLINK(""https://stackoverflow.com/q/58358546"", ""58358546"")",0.7244224422442244
"=HYPERLINK(""https://stackoverflow.com/q/58363685"", ""58363685"")",0.42333333333333334
"=HYPERLINK(""https://stackoverflow.com/q/58398918"", ""58398918"")",0.7873563218390804
"=HYPERLINK(""https://stackoverflow.com/q/58435471"", ""58435471"")",0.8466666666666667
"=HYPERLINK(""https://stackoverflow.com/q/58456197"", ""58456197"")",0.728937728937729
"=HYPERLINK(""https://stackoverflow.com/q/58499808"", ""58499808"")",0.7234848484848485
"=HYPERLINK(""https://stackoverflow.com/q/58516038"", ""58516038"")",0.6666666666666666
"=HYPERLINK(""https://stackoverflow.com/q/58530550"", ""58530550"")",0.8523206751054851
"=HYPERLINK(""https://stackoverflow.com/q/58577374"", ""58577374"")",0.2985507246376812
"=HYPERLINK(""https://stackoverflow.com/q/58591082"", ""58591082"")",0.4989384288747347
"=HYPERLINK(""https://stackoverflow.com/q/58592207"", ""58592207"")",0.615686274509804
"=HYPERLINK(""https://stackoverflow.com/q/58622256"", ""58622256"")",0.6178861788617886
"=HYPERLINK(""https://stackoverflow.com/q/58624693"", ""58624693"")",0.7868589743589743
"=HYPERLINK(""https://stackoverflow.com/q/58629311"", ""58629311"")",0.7288135593220338
"=HYPERLINK(""https://stackoverflow.com/q/58639390"", ""58639390"")",0.7967479674796748
"=HYPERLINK(""https://stackoverflow.com/q/58650684"", ""58650684"")",0.6458333333333334
"=HYPERLINK(""https://stackoverflow.com/q/58652759"", ""58652759"")",0.7990196078431373
"=HYPERLINK(""https://stackoverflow.com/q/58675361"", ""58675361"")",0.5664160401002507
"=HYPERLINK(""https://stackoverflow.com/q/58772448"", ""58772448"")",0.6338797814207651
"=HYPERLINK(""https://stackoverflow.com/q/58847111"", ""58847111"")",0.5962441314553991
"=HYPERLINK(""https://stackoverflow.com/q/58862934"", ""58862934"")",0.4432234432234432
"=HYPERLINK(""https://stackoverflow.com/q/58883082"", ""58883082"")",0.4798206278026906
"=HYPERLINK(""https://stackoverflow.com/q/58915438"", ""58915438"")",0.6708860759493671
"=HYPERLINK(""https://stackoverflow.com/q/58940050"", ""58940050"")",0.7276422764227642
"=HYPERLINK(""https://stackoverflow.com/q/58951670"", ""58951670"")",0.7151515151515151
"=HYPERLINK(""https://stackoverflow.com/q/58962680"", ""58962680"")",0.510752688172043
"=HYPERLINK(""https://stackoverflow.com/q/58978073"", ""58978073"")",0.5518018018018019
"=HYPERLINK(""https://stackoverflow.com/q/58978673"", ""58978673"")",0.5225225225225224
"=HYPERLINK(""https://stackoverflow.com/q/58980589"", ""58980589"")",0.7100149476831091
"=HYPERLINK(""https://stackoverflow.com/q/58986326"", ""58986326"")",0.7488584474885845
"=HYPERLINK(""https://stackoverflow.com/q/59034927"", ""59034927"")",0.6472491909385113
"=HYPERLINK(""https://stackoverflow.com/q/59038753"", ""59038753"")",0.5638095238095239
"=HYPERLINK(""https://stackoverflow.com/q/59077155"", ""59077155"")",0.7113095238095238
"=HYPERLINK(""https://stackoverflow.com/q/59107583"", ""59107583"")",0.7666666666666668
"=HYPERLINK(""https://stackoverflow.com/q/59153959"", ""59153959"")",0.380503144654088
"=HYPERLINK(""https://stackoverflow.com/q/59256828"", ""59256828"")",0.5311355311355312
"=HYPERLINK(""https://stackoverflow.com/q/59410262"", ""59410262"")",0.36569579288025883
"=HYPERLINK(""https://stackoverflow.com/q/59595838"", ""59595838"")",0.58125
"=HYPERLINK(""https://stackoverflow.com/q/59650275"", ""59650275"")",0.7601246105919003
"=HYPERLINK(""https://stackoverflow.com/q/59668890"", ""59668890"")",0.7009803921568628
"=HYPERLINK(""https://stackoverflow.com/q/59672870"", ""59672870"")",0.7257383966244726
"=HYPERLINK(""https://stackoverflow.com/q/59686865"", ""59686865"")",0.713963963963964
"=HYPERLINK(""https://stackoverflow.com/q/59738135"", ""59738135"")",0.2941176470588236
"=HYPERLINK(""https://stackoverflow.com/q/59743319"", ""59743319"")",0.2637681159420289
"=HYPERLINK(""https://stackoverflow.com/q/59750663"", ""59750663"")",0.7916666666666666
"=HYPERLINK(""https://stackoverflow.com/q/59800768"", ""59800768"")",0.7032967032967034
"=HYPERLINK(""https://stackoverflow.com/q/59844895"", ""59844895"")",0.4507575757575758
"=HYPERLINK(""https://stackoverflow.com/q/59863866"", ""59863866"")",0.7922077922077922
"=HYPERLINK(""https://stackoverflow.com/q/59870412"", ""59870412"")",0.7484276729559748
"=HYPERLINK(""https://stackoverflow.com/q/59925930"", ""59925930"")",0.7651515151515151
"=HYPERLINK(""https://stackoverflow.com/q/59952137"", ""59952137"")",0.4918032786885246
"=HYPERLINK(""https://stackoverflow.com/q/59957456"", ""59957456"")",0.4491525423728814
"=HYPERLINK(""https://stackoverflow.com/q/59994261"", ""59994261"")",0.6605504587155964
"=HYPERLINK(""https://stackoverflow.com/q/59995022"", ""59995022"")",0.5989583333333334
"=HYPERLINK(""https://stackoverflow.com/q/59999482"", ""59999482"")",0.3958333333333334
"=HYPERLINK(""https://stackoverflow.com/q/60051611"", ""60051611"")",0.6203389830508474
"=HYPERLINK(""https://stackoverflow.com/q/60158215"", ""60158215"")",0.8380566801619435
"=HYPERLINK(""https://stackoverflow.com/q/60227520"", ""60227520"")",0.4770114942528735
"=HYPERLINK(""https://stackoverflow.com/q/60266963"", ""60266963"")",0.40804597701149425
"=HYPERLINK(""https://stackoverflow.com/q/60343986"", ""60343986"")",0.36403508771929827
"=HYPERLINK(""https://stackoverflow.com/q/60408626"", ""60408626"")",0.36286919831223624
"=HYPERLINK(""https://stackoverflow.com/q/60441450"", ""60441450"")",0.7013201320132014
"=HYPERLINK(""https://stackoverflow.com/q/60551904"", ""60551904"")",0.5135135135135134
"=HYPERLINK(""https://stackoverflow.com/q/60554918"", ""60554918"")",0.4102564102564102
"=HYPERLINK(""https://stackoverflow.com/q/60585696"", ""60585696"")",0.8220551378446116
"=HYPERLINK(""https://stackoverflow.com/q/60615462"", ""60615462"")",0.3541666666666667
"=HYPERLINK(""https://stackoverflow.com/q/60633586"", ""60633586"")",0.8633093525179856
"=HYPERLINK(""https://stackoverflow.com/q/60642641"", ""60642641"")",0.5919540229885056
"=HYPERLINK(""https://stackoverflow.com/q/60711827"", ""60711827"")",0.45730027548209373
"=HYPERLINK(""https://stackoverflow.com/q/60714694"", ""60714694"")",0.8577235772357723
"=HYPERLINK(""https://stackoverflow.com/q/60729791"", ""60729791"")",0.9118457300275483
"=HYPERLINK(""https://stackoverflow.com/q/60746289"", ""60746289"")",0.6302083333333334
"=HYPERLINK(""https://stackoverflow.com/q/60776003"", ""60776003"")",0.6505376344086021
"=HYPERLINK(""https://stackoverflow.com/q/60805870"", ""60805870"")",0.8874172185430463
"=HYPERLINK(""https://stackoverflow.com/q/60807456"", ""60807456"")",0.5773809523809524
"=HYPERLINK(""https://stackoverflow.com/q/60807823"", ""60807823"")",0.6931567328918322
"=HYPERLINK(""https://stackoverflow.com/q/60824511"", ""60824511"")",0.4398625429553265
"=HYPERLINK(""https://stackoverflow.com/q/60866448"", ""60866448"")",0.34355828220858897
"=HYPERLINK(""https://stackoverflow.com/q/60872109"", ""60872109"")",0.9107611548556431
"=HYPERLINK(""https://stackoverflow.com/q/60883353"", ""60883353"")",0.8219178082191781
"=HYPERLINK(""https://stackoverflow.com/q/60955107"", ""60955107"")",0.6666666666666667
"=HYPERLINK(""https://stackoverflow.com/q/61030294"", ""61030294"")",0.794871794871795
"=HYPERLINK(""https://stackoverflow.com/q/61205265"", ""61205265"")",0.41954022988505746
"=HYPERLINK(""https://stackoverflow.com/q/61243709"", ""61243709"")",0.5822510822510822
"=HYPERLINK(""https://stackoverflow.com/q/61252066"", ""61252066"")",0.8734177215189873
"=HYPERLINK(""https://stackoverflow.com/q/61276675"", ""61276675"")",0.5276190476190477
"=HYPERLINK(""https://stackoverflow.com/q/61280311"", ""61280311"")",0.32663316582914576
"=HYPERLINK(""https://stackoverflow.com/q/61294297"", ""61294297"")",0.6894977168949772
"=HYPERLINK(""https://stackoverflow.com/q/61357666"", ""61357666"")",0.7848101265822784
"=HYPERLINK(""https://stackoverflow.com/q/61358636"", ""61358636"")",0.6340852130325815
"=HYPERLINK(""https://stackoverflow.com/q/61450330"", ""61450330"")",0.8864468864468864
"=HYPERLINK(""https://stackoverflow.com/q/61464005"", ""61464005"")",0.7850098619329389
"=HYPERLINK(""https://stackoverflow.com/q/61479397"", ""61479397"")",0.4801223241590214
"=HYPERLINK(""https://stackoverflow.com/q/61493004"", ""61493004"")",0.8582677165354331
"=HYPERLINK(""https://stackoverflow.com/q/61494406"", ""61494406"")",0.6101190476190477
"=HYPERLINK(""https://stackoverflow.com/q/61498661"", ""61498661"")",0.5706214689265537
"=HYPERLINK(""https://stackoverflow.com/q/61531805"", ""61531805"")",0.5774946921443737
"=HYPERLINK(""https://stackoverflow.com/q/61587784"", ""61587784"")",0.5187376725838264
"=HYPERLINK(""https://stackoverflow.com/q/61635584"", ""61635584"")",0.6325757575757576
"=HYPERLINK(""https://stackoverflow.com/q/61646035"", ""61646035"")",0.2628205128205128
"=HYPERLINK(""https://stackoverflow.com/q/61658107"", ""61658107"")",0.5187637969094923
"=HYPERLINK(""https://stackoverflow.com/q/61740038"", ""61740038"")",0.5642276422764227
"=HYPERLINK(""https://stackoverflow.com/q/61759709"", ""61759709"")",0.5371900826446282
"=HYPERLINK(""https://stackoverflow.com/q/61765352"", ""61765352"")",0.481060606060606
"=HYPERLINK(""https://stackoverflow.com/q/61777139"", ""61777139"")",0.6556776556776557
"=HYPERLINK(""https://stackoverflow.com/q/61811201"", ""61811201"")",0.5609195402298851
"=HYPERLINK(""https://stackoverflow.com/q/61875845"", ""61875845"")",0.6315789473684211
"=HYPERLINK(""https://stackoverflow.com/q/61900141"", ""61900141"")",0.710691823899371
"=HYPERLINK(""https://stackoverflow.com/q/61914347"", ""61914347"")",0.7446808510638298
"=HYPERLINK(""https://stackoverflow.com/q/61915555"", ""61915555"")",0.5568627450980393
"=HYPERLINK(""https://stackoverflow.com/q/61919020"", ""61919020"")",0.4031007751937985
"=HYPERLINK(""https://stackoverflow.com/q/61938277"", ""61938277"")",0.6120218579234973
"=HYPERLINK(""https://stackoverflow.com/q/61938531"", ""61938531"")",0.6221792392005158
"=HYPERLINK(""https://stackoverflow.com/q/61958891"", ""61958891"")",0.6827586206896552
"=HYPERLINK(""https://stackoverflow.com/q/61964601"", ""61964601"")",0.87
"=HYPERLINK(""https://stackoverflow.com/q/62061727"", ""62061727"")",0.7165005537098561
"=HYPERLINK(""https://stackoverflow.com/q/62069217"", ""62069217"")",0.6579710144927537
"=HYPERLINK(""https://stackoverflow.com/q/62087406"", ""62087406"")",0.6386430678466076
"=HYPERLINK(""https://stackoverflow.com/q/62091254"", ""62091254"")",0.4289855072463769
"=HYPERLINK(""https://stackoverflow.com/q/62105546"", ""62105546"")",0.5498938428874734
"=HYPERLINK(""https://stackoverflow.com/q/62105685"", ""62105685"")",0.5896328293736501
"=HYPERLINK(""https://stackoverflow.com/q/62151072"", ""62151072"")",0.7560975609756098
"=HYPERLINK(""https://stackoverflow.com/q/62155324"", ""62155324"")",0.6074950690335306
"=HYPERLINK(""https://stackoverflow.com/q/62168518"", ""62168518"")",0.3753280839895013
"=HYPERLINK(""https://stackoverflow.com/q/62202638"", ""62202638"")",0.548689138576779
"=HYPERLINK(""https://stackoverflow.com/q/62247664"", ""62247664"")",0.86
"=HYPERLINK(""https://stackoverflow.com/q/62267198"", ""62267198"")",0.7073170731707317
"=HYPERLINK(""https://stackoverflow.com/q/62281287"", ""62281287"")",0.8370927318295739
"=HYPERLINK(""https://stackoverflow.com/q/62284476"", ""62284476"")",0.41423948220064727
"=HYPERLINK(""https://stackoverflow.com/q/62295131"", ""62295131"")",0.7149122807017544
"=HYPERLINK(""https://stackoverflow.com/q/62297606"", ""62297606"")",0.7304347826086957
"=HYPERLINK(""https://stackoverflow.com/q/62366635"", ""62366635"")",0.5266272189349113
"=HYPERLINK(""https://stackoverflow.com/q/62381716"", ""62381716"")",0.6379310344827586
"=HYPERLINK(""https://stackoverflow.com/q/62448319"", ""62448319"")",0.7106666666666667
"=HYPERLINK(""https://stackoverflow.com/q/62506677"", ""62506677"")",0.6164383561643835
"=HYPERLINK(""https://stackoverflow.com/q/62560099"", ""62560099"")",0.4217687074829932
"=HYPERLINK(""https://stackoverflow.com/q/62599535"", ""62599535"")",0.7588652482269505
"=HYPERLINK(""https://stackoverflow.com/q/62602450"", ""62602450"")",0.701086956521739
"=HYPERLINK(""https://stackoverflow.com/q/62683868"", ""62683868"")",0.738831615120275
"=HYPERLINK(""https://stackoverflow.com/q/62691991"", ""62691991"")",0.4615384615384615
"=HYPERLINK(""https://stackoverflow.com/q/62705376"", ""62705376"")",0.4932432432432433
"=HYPERLINK(""https://stackoverflow.com/q/62750320"", ""62750320"")",0.7247706422018348
"=HYPERLINK(""https://stackoverflow.com/q/62782910"", ""62782910"")",0.5393939393939393
"=HYPERLINK(""https://stackoverflow.com/q/62794444"", ""62794444"")",0.4862745098039216
"=HYPERLINK(""https://stackoverflow.com/q/62929823"", ""62929823"")",0.34761904761904766
"=HYPERLINK(""https://stackoverflow.com/q/63003181"", ""63003181"")",0.39662447257383965
"=HYPERLINK(""https://stackoverflow.com/q/63028339"", ""63028339"")",0.6866666666666666
"=HYPERLINK(""https://stackoverflow.com/q/63115125"", ""63115125"")",0.37158469945355194
"=HYPERLINK(""https://stackoverflow.com/q/63119004"", ""63119004"")",0.7595628415300546
"=HYPERLINK(""https://stackoverflow.com/q/63132733"", ""63132733"")",0.7944862155388471
"=HYPERLINK(""https://stackoverflow.com/q/63136104"", ""63136104"")",0.46813725490196084
"=HYPERLINK(""https://stackoverflow.com/q/63137123"", ""63137123"")",0.556390977443609
"=HYPERLINK(""https://stackoverflow.com/q/63140195"", ""63140195"")",0.7750511247443763
"=HYPERLINK(""https://stackoverflow.com/q/63152602"", ""63152602"")",0.45273631840796025
"=HYPERLINK(""https://stackoverflow.com/q/63154500"", ""63154500"")",0.5028248587570622
"=HYPERLINK(""https://stackoverflow.com/q/63162070"", ""63162070"")",0.6955380577427821
"=HYPERLINK(""https://stackoverflow.com/q/63165750"", ""63165750"")",0.5156250000000001
"=HYPERLINK(""https://stackoverflow.com/q/63189850"", ""63189850"")",0.5824175824175825
"=HYPERLINK(""https://stackoverflow.com/q/63202226"", ""63202226"")",0.5340909090909092
"=HYPERLINK(""https://stackoverflow.com/q/63229688"", ""63229688"")",0.5598705501618123
"=HYPERLINK(""https://stackoverflow.com/q/63254466"", ""63254466"")",0.5897435897435898
"=HYPERLINK(""https://stackoverflow.com/q/63266646"", ""63266646"")",0.5116772823779193
"=HYPERLINK(""https://stackoverflow.com/q/63286835"", ""63286835"")",0.5936329588014981
"=HYPERLINK(""https://stackoverflow.com/q/63292162"", ""63292162"")",0.3693693693693693
"=HYPERLINK(""https://stackoverflow.com/q/63292320"", ""63292320"")",0.41509433962264153
"=HYPERLINK(""https://stackoverflow.com/q/63314298"", ""63314298"")",0.7269503546099291
"=HYPERLINK(""https://stackoverflow.com/q/63326610"", ""63326610"")",0.3885350318471338
"=HYPERLINK(""https://stackoverflow.com/q/63384822"", ""63384822"")",0.4371069182389937
"=HYPERLINK(""https://stackoverflow.com/q/63385279"", ""63385279"")",0.40069084628670115
"=HYPERLINK(""https://stackoverflow.com/q/63395938"", ""63395938"")",0.6798245614035089
"=HYPERLINK(""https://stackoverflow.com/q/63407175"", ""63407175"")",0.6512820512820513
"=HYPERLINK(""https://stackoverflow.com/q/63413608"", ""63413608"")",0.772300469483568
"=HYPERLINK(""https://stackoverflow.com/q/63472594"", ""63472594"")",0.25747126436781614
"=HYPERLINK(""https://stackoverflow.com/q/63487576"", ""63487576"")",0.7605893186003684
"=HYPERLINK(""https://stackoverflow.com/q/63491962"", ""63491962"")",0.3461538461538462
"=HYPERLINK(""https://stackoverflow.com/q/63498623"", ""63498623"")",0.6981132075471698
"=HYPERLINK(""https://stackoverflow.com/q/63536430"", ""63536430"")",0.6069182389937107
"=HYPERLINK(""https://stackoverflow.com/q/63593286"", ""63593286"")",0.3615819209039549
"=HYPERLINK(""https://stackoverflow.com/q/63665459"", ""63665459"")",0.36569579288025894
"=HYPERLINK(""https://stackoverflow.com/q/63689944"", ""63689944"")",0.8057040998217468
"=HYPERLINK(""https://stackoverflow.com/q/63690853"", ""63690853"")",0.39607843137254906
"=HYPERLINK(""https://stackoverflow.com/q/63696647"", ""63696647"")",0.875
"=HYPERLINK(""https://stackoverflow.com/q/63697046"", ""63697046"")",0.6179941002949851
"=HYPERLINK(""https://stackoverflow.com/q/63709633"", ""63709633"")",0.4479166666666667
"=HYPERLINK(""https://stackoverflow.com/q/63717489"", ""63717489"")",0.7692307692307693
"=HYPERLINK(""https://stackoverflow.com/q/63728098"", ""63728098"")",0.5909090909090908
"=HYPERLINK(""https://stackoverflow.com/q/63740213"", ""63740213"")",0.4507575757575758
"=HYPERLINK(""https://stackoverflow.com/q/63754859"", ""63754859"")",0.4848484848484848
"=HYPERLINK(""https://stackoverflow.com/q/63757192"", ""63757192"")",0.5251798561151079
"=HYPERLINK(""https://stackoverflow.com/q/63774273"", ""63774273"")",0.29752770673486784
"=HYPERLINK(""https://stackoverflow.com/q/63796801"", ""63796801"")",0.8498349834983498
"=HYPERLINK(""https://stackoverflow.com/q/63826857"", ""63826857"")",0.6190476190476192
"=HYPERLINK(""https://stackoverflow.com/q/63836452"", ""63836452"")",0.4308943089430894
"=HYPERLINK(""https://stackoverflow.com/q/63853526"", ""63853526"")",0.7661691542288558
"=HYPERLINK(""https://stackoverflow.com/q/63882771"", ""63882771"")",0.42342342342342343
"=HYPERLINK(""https://stackoverflow.com/q/63905387"", ""63905387"")",0.6990049751243781
"=HYPERLINK(""https://stackoverflow.com/q/63928008"", ""63928008"")",0.6894679695982627
"=HYPERLINK(""https://stackoverflow.com/q/63945800"", ""63945800"")",0.7411347517730497
"=HYPERLINK(""https://stackoverflow.com/q/63958906"", ""63958906"")",0.6041666666666667
"=HYPERLINK(""https://stackoverflow.com/q/63982172"", ""63982172"")",0.45075757575757575
"=HYPERLINK(""https://stackoverflow.com/q/63983877"", ""63983877"")",0.5189393939393939
"=HYPERLINK(""https://stackoverflow.com/q/64017500"", ""64017500"")",0.3794326241134752
"=HYPERLINK(""https://stackoverflow.com/q/64019431"", ""64019431"")",0.38211382113821135
"=HYPERLINK(""https://stackoverflow.com/q/64037837"", ""64037837"")",0.5471264367816092
"=HYPERLINK(""https://stackoverflow.com/q/64038353"", ""64038353"")",0.3686274509803922
"=HYPERLINK(""https://stackoverflow.com/q/64041128"", ""64041128"")",0.2765957446808511
"=HYPERLINK(""https://stackoverflow.com/q/64054857"", ""64054857"")",0.7964480874316938
"=HYPERLINK(""https://stackoverflow.com/q/64135614"", ""64135614"")",0.6310160427807486
"=HYPERLINK(""https://stackoverflow.com/q/64143963"", ""64143963"")",0.8615819209039548
"=HYPERLINK(""https://stackoverflow.com/q/64175664"", ""64175664"")",0.5563380281690141
"=HYPERLINK(""https://stackoverflow.com/q/64213812"", ""64213812"")",0.7794486215538847
"=HYPERLINK(""https://stackoverflow.com/q/64220005"", ""64220005"")",0.576427255985267
"=HYPERLINK(""https://stackoverflow.com/q/64232440"", ""64232440"")",0.5833333333333335
"=HYPERLINK(""https://stackoverflow.com/q/64241350"", ""64241350"")",0.7625570776255708
"=HYPERLINK(""https://stackoverflow.com/q/64243233"", ""64243233"")",0.5614035087719298
"=HYPERLINK(""https://stackoverflow.com/q/64249711"", ""64249711"")",0.3814432989690722
"=HYPERLINK(""https://stackoverflow.com/q/64269848"", ""64269848"")",0.6775956284153006
"=HYPERLINK(""https://stackoverflow.com/q/64275688"", ""64275688"")",0.32924335378323116
"=HYPERLINK(""https://stackoverflow.com/q/64334804"", ""64334804"")",0.836021505376344
"=HYPERLINK(""https://stackoverflow.com/q/64336226"", ""64336226"")",0.40571939231456655
"=HYPERLINK(""https://stackoverflow.com/q/64369825"", ""64369825"")",0.8122977346278318
"=HYPERLINK(""https://stackoverflow.com/q/64404379"", ""64404379"")",0.4861995753715499
"=HYPERLINK(""https://stackoverflow.com/q/64427313"", ""64427313"")",0.6134751773049645
"=HYPERLINK(""https://stackoverflow.com/q/64467285"", ""64467285"")",0.31288343558282217
"=HYPERLINK(""https://stackoverflow.com/q/64527243"", ""64527243"")",0.5238095238095238
"=HYPERLINK(""https://stackoverflow.com/q/64546588"", ""64546588"")",0.6160714285714286
"=HYPERLINK(""https://stackoverflow.com/q/64553190"", ""64553190"")",0.8287461773700305
"=HYPERLINK(""https://stackoverflow.com/q/64559757"", ""64559757"")",0.6538461538461539
"=HYPERLINK(""https://stackoverflow.com/q/64566784"", ""64566784"")",0.32310838445807777
"=HYPERLINK(""https://stackoverflow.com/q/64612622"", ""64612622"")",0.2636612021857923
"=HYPERLINK(""https://stackoverflow.com/q/64638577"", ""64638577"")",0.48373983739837406
"=HYPERLINK(""https://stackoverflow.com/q/64655271"", ""64655271"")",0.6501377410468319
"=HYPERLINK(""https://stackoverflow.com/q/64681450"", ""64681450"")",0.6134751773049645
"=HYPERLINK(""https://stackoverflow.com/q/64696928"", ""64696928"")",0.8238095238095238
"=HYPERLINK(""https://stackoverflow.com/q/64742358"", ""64742358"")",0.7068965517241379
"=HYPERLINK(""https://stackoverflow.com/q/64763178"", ""64763178"")",0.5412844036697249
"=HYPERLINK(""https://stackoverflow.com/q/64779781"", ""64779781"")",0.8895131086142322
"=HYPERLINK(""https://stackoverflow.com/q/64780745"", ""64780745"")",0.8183254344391785
"=HYPERLINK(""https://stackoverflow.com/q/64790673"", ""64790673"")",0.5932203389830508
"=HYPERLINK(""https://stackoverflow.com/q/64802250"", ""64802250"")",0.30081300813008127
"=HYPERLINK(""https://stackoverflow.com/q/64803118"", ""64803118"")",0.6510416666666667
"=HYPERLINK(""https://stackoverflow.com/q/64821869"", ""64821869"")",0.49253731343283585
"=HYPERLINK(""https://stackoverflow.com/q/64823272"", ""64823272"")",0.787878787878788
"=HYPERLINK(""https://stackoverflow.com/q/64863122"", ""64863122"")",0.5093896713615024
"=HYPERLINK(""https://stackoverflow.com/q/64896369"", ""64896369"")",0.8200000000000001
"=HYPERLINK(""https://stackoverflow.com/q/64896757"", ""64896757"")",0.7798742138364779
"=HYPERLINK(""https://stackoverflow.com/q/64900813"", ""64900813"")",0.6788617886178862
"=HYPERLINK(""https://stackoverflow.com/q/64910387"", ""64910387"")",0.6876640419947506
"=HYPERLINK(""https://stackoverflow.com/q/64912713"", ""64912713"")",0.6927536231884058
"=HYPERLINK(""https://stackoverflow.com/q/64915269"", ""64915269"")",0.823529411764706
"=HYPERLINK(""https://stackoverflow.com/q/65031325"", ""65031325"")",0.44025157232704404
"=HYPERLINK(""https://stackoverflow.com/q/65081792"", ""65081792"")",0.3707482993197279
"=HYPERLINK(""https://stackoverflow.com/q/65096655"", ""65096655"")",0.6515151515151516
"=HYPERLINK(""https://stackoverflow.com/q/65101933"", ""65101933"")",0.5474613686534217
"=HYPERLINK(""https://stackoverflow.com/q/65212859"", ""65212859"")",0.7290552584670232
"=HYPERLINK(""https://stackoverflow.com/q/65214290"", ""65214290"")",0.6413502109704641
"=HYPERLINK(""https://stackoverflow.com/q/65313981"", ""65313981"")",0.5614035087719299
"=HYPERLINK(""https://stackoverflow.com/q/65330303"", ""65330303"")",0.5839080459770115
"=HYPERLINK(""https://stackoverflow.com/q/65341023"", ""65341023"")",0.32291666666666663
"=HYPERLINK(""https://stackoverflow.com/q/65355904"", ""65355904"")",0.7912087912087912
"=HYPERLINK(""https://stackoverflow.com/q/65359627"", ""65359627"")",0.396
"=HYPERLINK(""https://stackoverflow.com/q/65407880"", ""65407880"")",0.8734177215189873
"=HYPERLINK(""https://stackoverflow.com/q/65485578"", ""65485578"")",0.4627450980392157
"=HYPERLINK(""https://stackoverflow.com/q/65576076"", ""65576076"")",0.4233333333333334
"=HYPERLINK(""https://stackoverflow.com/q/65596568"", ""65596568"")",0.4480874316939891
"=HYPERLINK(""https://stackoverflow.com/q/65630975"", ""65630975"")",0.6373626373626373
"=HYPERLINK(""https://stackoverflow.com/q/65703855"", ""65703855"")",0.6346153846153847
"=HYPERLINK(""https://stackoverflow.com/q/65717013"", ""65717013"")",0.5282051282051281
"=HYPERLINK(""https://stackoverflow.com/q/65730480"", ""65730480"")",0.6117216117216118
"=HYPERLINK(""https://stackoverflow.com/q/65793061"", ""65793061"")",0.4972677595628415
"=HYPERLINK(""https://stackoverflow.com/q/65887648"", ""65887648"")",0.32302405498281794
"=HYPERLINK(""https://stackoverflow.com/q/65892385"", ""65892385"")",0.4673539518900345
"=HYPERLINK(""https://stackoverflow.com/q/65910359"", ""65910359"")",0.7388316151202748
"=HYPERLINK(""https://stackoverflow.com/q/65958906"", ""65958906"")",0.8295454545454545
"=HYPERLINK(""https://stackoverflow.com/q/65997187"", ""65997187"")",0.7861635220125786
"=HYPERLINK(""https://stackoverflow.com/q/66021918"", ""66021918"")",0.3826754385964913
"=HYPERLINK(""https://stackoverflow.com/q/66023059"", ""66023059"")",0.4159779614325069
"=HYPERLINK(""https://stackoverflow.com/q/66034975"", ""66034975"")",0.5193798449612403
"=HYPERLINK(""https://stackoverflow.com/q/66043104"", ""66043104"")",0.6975717439293597
"=HYPERLINK(""https://stackoverflow.com/q/66097943"", ""66097943"")",0.2386363636363636
"=HYPERLINK(""https://stackoverflow.com/q/66110589"", ""66110589"")",0.7672583826429981
"=HYPERLINK(""https://stackoverflow.com/q/66121824"", ""66121824"")",0.5889724310776943
"=HYPERLINK(""https://stackoverflow.com/q/66177114"", ""66177114"")",0.6143410852713178
"=HYPERLINK(""https://stackoverflow.com/q/66181874"", ""66181874"")",0.5086206896551725
"=HYPERLINK(""https://stackoverflow.com/q/66223409"", ""66223409"")",0.4304761904761904
"=HYPERLINK(""https://stackoverflow.com/q/66238972"", ""66238972"")",0.7424242424242424
"=HYPERLINK(""https://stackoverflow.com/q/66240705"", ""66240705"")",0.5311355311355312
"=HYPERLINK(""https://stackoverflow.com/q/66362275"", ""66362275"")",0.3102564102564103
"=HYPERLINK(""https://stackoverflow.com/q/66382822"", ""66382822"")",0.4583333333333333
"=HYPERLINK(""https://stackoverflow.com/q/66422836"", ""66422836"")",0.49685534591194974
"=HYPERLINK(""https://stackoverflow.com/q/66491990"", ""66491990"")",0.40909090909090906
"=HYPERLINK(""https://stackoverflow.com/q/66498188"", ""66498188"")",0.6422018348623854
"=HYPERLINK(""https://stackoverflow.com/q/66533265"", ""66533265"")",0.7595628415300547
"=HYPERLINK(""https://stackoverflow.com/q/66550659"", ""66550659"")",0.4422110552763819
"=HYPERLINK(""https://stackoverflow.com/q/66561021"", ""66561021"")",0.39361702127659576
"=HYPERLINK(""https://stackoverflow.com/q/66641473"", ""66641473"")",0.6754385964912281
"=HYPERLINK(""https://stackoverflow.com/q/66643257"", ""66643257"")",0.6373626373626374
"=HYPERLINK(""https://stackoverflow.com/q/66688709"", ""66688709"")",0.450354609929078
"=HYPERLINK(""https://stackoverflow.com/q/66695006"", ""66695006"")",0.47948717948717956
"=HYPERLINK(""https://stackoverflow.com/q/66699698"", ""66699698"")",0.7522522522522522
"=HYPERLINK(""https://stackoverflow.com/q/66738922"", ""66738922"")",0.4754098360655738
"=HYPERLINK(""https://stackoverflow.com/q/66752948"", ""66752948"")",0.34397163120567376
"=HYPERLINK(""https://stackoverflow.com/q/66771920"", ""66771920"")",0.7462121212121212
"=HYPERLINK(""https://stackoverflow.com/q/66774233"", ""66774233"")",0.7296747967479674
"=HYPERLINK(""https://stackoverflow.com/q/66785593"", ""66785593"")",0.7932489451476793
"=HYPERLINK(""https://stackoverflow.com/q/66822630"", ""66822630"")",0.5182926829268293
"=HYPERLINK(""https://stackoverflow.com/q/66826035"", ""66826035"")",0.5833333333333333
"=HYPERLINK(""https://stackoverflow.com/q/66896889"", ""66896889"")",0.6233333333333334
"=HYPERLINK(""https://stackoverflow.com/q/66912791"", ""66912791"")",0.7760416666666666
"=HYPERLINK(""https://stackoverflow.com/q/66955702"", ""66955702"")",0.4694835680751173
"=HYPERLINK(""https://stackoverflow.com/q/66975395"", ""66975395"")",0.6914414414414414
"=HYPERLINK(""https://stackoverflow.com/q/67013035"", ""67013035"")",0.6451612903225806
"=HYPERLINK(""https://stackoverflow.com/q/67049174"", ""67049174"")",0.41216216216216217
"=HYPERLINK(""https://stackoverflow.com/q/67083889"", ""67083889"")",0.5565217391304348
"=HYPERLINK(""https://stackoverflow.com/q/67112352"", ""67112352"")",0.7092731829573934
"=HYPERLINK(""https://stackoverflow.com/q/67173540"", ""67173540"")",0.49397590361445787
"=HYPERLINK(""https://stackoverflow.com/q/67174465"", ""67174465"")",0.7596899224806201
"=HYPERLINK(""https://stackoverflow.com/q/67205645"", ""67205645"")",0.42380952380952375
"=HYPERLINK(""https://stackoverflow.com/q/67229210"", ""67229210"")",0.24908424908424912
"=HYPERLINK(""https://stackoverflow.com/q/67304621"", ""67304621"")",0.32106339468302664
"=HYPERLINK(""https://stackoverflow.com/q/67330304"", ""67330304"")",0.5175438596491229
"=HYPERLINK(""https://stackoverflow.com/q/67389257"", ""67389257"")",0.5619834710743803
"=HYPERLINK(""https://stackoverflow.com/q/67394962"", ""67394962"")",0.6299019607843137
"=HYPERLINK(""https://stackoverflow.com/q/67410390"", ""67410390"")",0.5290519877675841
"=HYPERLINK(""https://stackoverflow.com/q/67424702"", ""67424702"")",0.7291666666666667
"=HYPERLINK(""https://stackoverflow.com/q/67434261"", ""67434261"")",0.7868852459016393
"=HYPERLINK(""https://stackoverflow.com/q/67477297"", ""67477297"")",0.7887596899224806
"=HYPERLINK(""https://stackoverflow.com/q/67495862"", ""67495862"")",0.43781094527363185
"=HYPERLINK(""https://stackoverflow.com/q/67530392"", ""67530392"")",0.6844919786096256
"=HYPERLINK(""https://stackoverflow.com/q/67574669"", ""67574669"")",0.45314900153609833
"=HYPERLINK(""https://stackoverflow.com/q/67588434"", ""67588434"")",0.4076923076923078
"=HYPERLINK(""https://stackoverflow.com/q/67633979"", ""67633979"")",0.4588014981273407
"=HYPERLINK(""https://stackoverflow.com/q/67695517"", ""67695517"")",0.8581780538302277
"=HYPERLINK(""https://stackoverflow.com/q/67706574"", ""67706574"")",0.5305719921104536
"=HYPERLINK(""https://stackoverflow.com/q/67830791"", ""67830791"")",0.7168949771689498
"=HYPERLINK(""https://stackoverflow.com/q/67868525"", ""67868525"")",0.5312500000000001
"=HYPERLINK(""https://stackoverflow.com/q/67874897"", ""67874897"")",0.889308176100629
"=HYPERLINK(""https://stackoverflow.com/q/67875469"", ""67875469"")",0.44658944658944655
"=HYPERLINK(""https://stackoverflow.com/q/67906599"", ""67906599"")",0.48387096774193544
"=HYPERLINK(""https://stackoverflow.com/q/67914742"", ""67914742"")",0.7681159420289856
"=HYPERLINK(""https://stackoverflow.com/q/68004444"", ""68004444"")",0.32795698924731187
"=HYPERLINK(""https://stackoverflow.com/q/68134704"", ""68134704"")",0.4976303317535545
"=HYPERLINK(""https://stackoverflow.com/q/68169998"", ""68169998"")",0.7388316151202748
"=HYPERLINK(""https://stackoverflow.com/q/68208237"", ""68208237"")",0.5653333333333334
"=HYPERLINK(""https://stackoverflow.com/q/68269132"", ""68269132"")",0.4242424242424242
"=HYPERLINK(""https://stackoverflow.com/q/68295688"", ""68295688"")",0.5224719101123595
"=HYPERLINK(""https://stackoverflow.com/q/68296624"", ""68296624"")",0.6980392156862746
"=HYPERLINK(""https://stackoverflow.com/q/68312281"", ""68312281"")",0.6106442577030813
"=HYPERLINK(""https://stackoverflow.com/q/68322677"", ""68322677"")",0.44822695035460997
"=HYPERLINK(""https://stackoverflow.com/q/68351471"", ""68351471"")",0.5125881168177241
"=HYPERLINK(""https://stackoverflow.com/q/68384064"", ""68384064"")",0.8308457711442786
"=HYPERLINK(""https://stackoverflow.com/q/68461022"", ""68461022"")",0.7339449541284404
"=HYPERLINK(""https://stackoverflow.com/q/68468069"", ""68468069"")",0.6150234741784038
"=HYPERLINK(""https://stackoverflow.com/q/68479024"", ""68479024"")",0.5921568627450982
"=HYPERLINK(""https://stackoverflow.com/q/68484585"", ""68484585"")",0.36345381526104414
"=HYPERLINK(""https://stackoverflow.com/q/68490905"", ""68490905"")",0.47959183673469385
"=HYPERLINK(""https://stackoverflow.com/q/68498208"", ""68498208"")",0.6919831223628692
"=HYPERLINK(""https://stackoverflow.com/q/68542206"", ""68542206"")",0.7805907172995781
"=HYPERLINK(""https://stackoverflow.com/q/68550799"", ""68550799"")",0.6433566433566433
"=HYPERLINK(""https://stackoverflow.com/q/68581002"", ""68581002"")",0.5386904761904763
"=HYPERLINK(""https://stackoverflow.com/q/68642413"", ""68642413"")",0.7370892018779343
"=HYPERLINK(""https://stackoverflow.com/q/68645825"", ""68645825"")",0.5584415584415584
"=HYPERLINK(""https://stackoverflow.com/q/68659326"", ""68659326"")",0.818452380952381
"=HYPERLINK(""https://stackoverflow.com/q/68674172"", ""68674172"")",0.842857142857143
"=HYPERLINK(""https://stackoverflow.com/q/68678466"", ""68678466"")",0.5964912280701754
"=HYPERLINK(""https://stackoverflow.com/q/68699105"", ""68699105"")",0.4801223241590214
"=HYPERLINK(""https://stackoverflow.com/q/68708432"", ""68708432"")",0.5628415300546449
"=HYPERLINK(""https://stackoverflow.com/q/68765482"", ""68765482"")",0.7830188679245284
"=HYPERLINK(""https://stackoverflow.com/q/68838013"", ""68838013"")",0.576923076923077
"=HYPERLINK(""https://stackoverflow.com/q/68838020"", ""68838020"")",0.47560975609756095
"=HYPERLINK(""https://stackoverflow.com/q/68866445"", ""68866445"")",0.3229166666666667
"=HYPERLINK(""https://stackoverflow.com/q/68886885"", ""68886885"")",0.807843137254902
"=HYPERLINK(""https://stackoverflow.com/q/68920229"", ""68920229"")",0.29811320754716986
"=HYPERLINK(""https://stackoverflow.com/q/68929886"", ""68929886"")",0.6069182389937107
"=HYPERLINK(""https://stackoverflow.com/q/68929990"", ""68929990"")",0.729559748427673
"=HYPERLINK(""https://stackoverflow.com/q/68938841"", ""68938841"")",0.5297619047619048
"=HYPERLINK(""https://stackoverflow.com/q/68945743"", ""68945743"")",0.7056277056277056
"=HYPERLINK(""https://stackoverflow.com/q/68955230"", ""68955230"")",0.4981684981684983
"=HYPERLINK(""https://stackoverflow.com/q/68967207"", ""68967207"")",0.7945205479452054
"=HYPERLINK(""https://stackoverflow.com/q/68999123"", ""68999123"")",0.807909604519774
"=HYPERLINK(""https://stackoverflow.com/q/69002527"", ""69002527"")",0.6304347826086956
"=HYPERLINK(""https://stackoverflow.com/q/69020852"", ""69020852"")",0.7452229299363057
"=HYPERLINK(""https://stackoverflow.com/q/69066747"", ""69066747"")",0.6867924528301887
"=HYPERLINK(""https://stackoverflow.com/q/69157721"", ""69157721"")",0.7739130434782608
"=HYPERLINK(""https://stackoverflow.com/q/69159662"", ""69159662"")",0.6598639455782312
"=HYPERLINK(""https://stackoverflow.com/q/69198174"", ""69198174"")",0.7216117216117216
"=HYPERLINK(""https://stackoverflow.com/q/69219964"", ""69219964"")",0.6446540880503145
"=HYPERLINK(""https://stackoverflow.com/q/69251613"", ""69251613"")",0.7340425531914895
"=HYPERLINK(""https://stackoverflow.com/q/69280696"", ""69280696"")",0.36054421768707484
"=HYPERLINK(""https://stackoverflow.com/q/69288768"", ""69288768"")",0.6987179487179487
"=HYPERLINK(""https://stackoverflow.com/q/69293737"", ""69293737"")",0.5507246376811594
"=HYPERLINK(""https://stackoverflow.com/q/69294371"", ""69294371"")",0.5509641873278237
"=HYPERLINK(""https://stackoverflow.com/q/69310472"", ""69310472"")",0.3135593220338983
"=HYPERLINK(""https://stackoverflow.com/q/69326096"", ""69326096"")",0.7431693989071038
"=HYPERLINK(""https://stackoverflow.com/q/69340156"", ""69340156"")",0.3560606060606061
"=HYPERLINK(""https://stackoverflow.com/q/69356894"", ""69356894"")",0.7714285714285715
"=HYPERLINK(""https://stackoverflow.com/q/69359575"", ""69359575"")",0.7669902912621359
"=HYPERLINK(""https://stackoverflow.com/q/69380033"", ""69380033"")",0.7032967032967034
"=HYPERLINK(""https://stackoverflow.com/q/69385567"", ""69385567"")",0.4931972789115646
"=HYPERLINK(""https://stackoverflow.com/q/69411374"", ""69411374"")",0.32338308457711445
"=HYPERLINK(""https://stackoverflow.com/q/69412986"", ""69412986"")",0.5264797507788163
"=HYPERLINK(""https://stackoverflow.com/q/69418942"", ""69418942"")",0.30081300813008127
"=HYPERLINK(""https://stackoverflow.com/q/69462028"", ""69462028"")",0.7261146496815287
"=HYPERLINK(""https://stackoverflow.com/q/69463082"", ""69463082"")",0.42250530785562634
"=HYPERLINK(""https://stackoverflow.com/q/69469837"", ""69469837"")",0.5611814345991561
"=HYPERLINK(""https://stackoverflow.com/q/69473330"", ""69473330"")",0.73
"=HYPERLINK(""https://stackoverflow.com/q/69485944"", ""69485944"")",0.5572916666666666
"=HYPERLINK(""https://stackoverflow.com/q/69534413"", ""69534413"")",0.4384615384615385
"=HYPERLINK(""https://stackoverflow.com/q/69543754"", ""69543754"")",0.42898550724637674
"=HYPERLINK(""https://stackoverflow.com/q/69605959"", ""69605959"")",0.44067796610169496
"=HYPERLINK(""https://stackoverflow.com/q/69629769"", ""69629769"")",0.40350877192982454
"=HYPERLINK(""https://stackoverflow.com/q/69666789"", ""69666789"")",0.36180904522613067
"=HYPERLINK(""https://stackoverflow.com/q/69707314"", ""69707314"")",0.5097580015612803
"=HYPERLINK(""https://stackoverflow.com/q/69727917"", ""69727917"")",0.736231884057971
"=HYPERLINK(""https://stackoverflow.com/q/69728790"", ""69728790"")",0.8133333333333334
"=HYPERLINK(""https://stackoverflow.com/q/69744959"", ""69744959"")",0.3076923076923077
"=HYPERLINK(""https://stackoverflow.com/q/69747790"", ""69747790"")",0.7168949771689498
"=HYPERLINK(""https://stackoverflow.com/q/69749324"", ""69749324"")",0.5747126436781609
"=HYPERLINK(""https://stackoverflow.com/q/69766663"", ""69766663"")",0.2647058823529412
"=HYPERLINK(""https://stackoverflow.com/q/69792540"", ""69792540"")",0.31988041853512705
"=HYPERLINK(""https://stackoverflow.com/q/69822642"", ""69822642"")",0.6697154471544715
"=HYPERLINK(""https://stackoverflow.com/q/69843787"", ""69843787"")",0.5524344569288389
"=HYPERLINK(""https://stackoverflow.com/q/69896820"", ""69896820"")",0.8
"=HYPERLINK(""https://stackoverflow.com/q/69922395"", ""69922395"")",0.5833333333333334
"=HYPERLINK(""https://stackoverflow.com/q/69948917"", ""69948917"")",0.5576923076923077
"=HYPERLINK(""https://stackoverflow.com/q/69981364"", ""69981364"")",0.5559796437659034
"=HYPERLINK(""https://stackoverflow.com/q/69989329"", ""69989329"")",0.6742424242424242
"=HYPERLINK(""https://stackoverflow.com/q/69994671"", ""69994671"")",0.5333333333333332
"=HYPERLINK(""https://stackoverflow.com/q/70076222"", ""70076222"")",0.45652173913043476
"=HYPERLINK(""https://stackoverflow.com/q/70076867"", ""70076867"")",0.5891472868217055
"=HYPERLINK(""https://stackoverflow.com/q/70163093"", ""70163093"")",0.46858359957401496
"=HYPERLINK(""https://stackoverflow.com/q/70204059"", ""70204059"")",0.41146817895400123
"=HYPERLINK(""https://stackoverflow.com/q/70232100"", ""70232100"")",0.5232067510548524
"=HYPERLINK(""https://stackoverflow.com/q/70245098"", ""70245098"")",0.44927536231884063
"=HYPERLINK(""https://stackoverflow.com/q/70258679"", ""70258679"")",0.5307443365695794
"=HYPERLINK(""https://stackoverflow.com/q/70366962"", ""70366962"")",0.44000000000000006
"=HYPERLINK(""https://stackoverflow.com/q/70373438"", ""70373438"")",0.7359735973597361
"=HYPERLINK(""https://stackoverflow.com/q/70379395"", ""70379395"")",0.33333333333333337
"=HYPERLINK(""https://stackoverflow.com/q/70420398"", ""70420398"")",0.6329113924050633
"=HYPERLINK(""https://stackoverflow.com/q/70497974"", ""70497974"")",0.4969325153374233
"=HYPERLINK(""https://stackoverflow.com/q/70514309"", ""70514309"")",0.6463768115942029
"=HYPERLINK(""https://stackoverflow.com/q/70563730"", ""70563730"")",0.7619047619047619
"=HYPERLINK(""https://stackoverflow.com/q/70575434"", ""70575434"")",0.8135593220338982
"=HYPERLINK(""https://stackoverflow.com/q/70613366"", ""70613366"")",0.37660256410256404
"=HYPERLINK(""https://stackoverflow.com/q/70649668"", ""70649668"")",0.5989583333333334
"=HYPERLINK(""https://stackoverflow.com/q/70671669"", ""70671669"")",0.6816143497757847
"=HYPERLINK(""https://stackoverflow.com/q/70717752"", ""70717752"")",0.5140845070422536
"=HYPERLINK(""https://stackoverflow.com/q/70743372"", ""70743372"")",0.6566666666666667
"=HYPERLINK(""https://stackoverflow.com/q/70753282"", ""70753282"")",0.7007575757575758
"=HYPERLINK(""https://stackoverflow.com/q/70759456"", ""70759456"")",0.6430446194225723
"=HYPERLINK(""https://stackoverflow.com/q/70760852"", ""70760852"")",0.47701149425287354
"=HYPERLINK(""https://stackoverflow.com/q/70776980"", ""70776980"")",0.7126436781609196
"=HYPERLINK(""https://stackoverflow.com/q/70802593"", ""70802593"")",0.673992673992674
"=HYPERLINK(""https://stackoverflow.com/q/70804093"", ""70804093"")",0.8925619834710744
"=HYPERLINK(""https://stackoverflow.com/q/70812564"", ""70812564"")",0.7319587628865979
"=HYPERLINK(""https://stackoverflow.com/q/70822130"", ""70822130"")",0.7506561679790026
"=HYPERLINK(""https://stackoverflow.com/q/70838954"", ""70838954"")",0.3030303030303031
"=HYPERLINK(""https://stackoverflow.com/q/70853920"", ""70853920"")",0.6737588652482269
"=HYPERLINK(""https://stackoverflow.com/q/70921673"", ""70921673"")",0.6104651162790697
"=HYPERLINK(""https://stackoverflow.com/q/70939307"", ""70939307"")",0.6666666666666667
"=HYPERLINK(""https://stackoverflow.com/q/70949990"", ""70949990"")",0.4727272727272727
"=HYPERLINK(""https://stackoverflow.com/q/70958381"", ""70958381"")",0.621676891615542
"=HYPERLINK(""https://stackoverflow.com/q/70968550"", ""70968550"")",0.5151515151515151
"=HYPERLINK(""https://stackoverflow.com/q/70971811"", ""70971811"")",0.41079812206572774
"=HYPERLINK(""https://stackoverflow.com/q/70989206"", ""70989206"")",0.679245283018868
"=HYPERLINK(""https://stackoverflow.com/q/70996279"", ""70996279"")",0.6124999999999999
"=HYPERLINK(""https://stackoverflow.com/q/71025407"", ""71025407"")",0.5929203539823009
"=HYPERLINK(""https://stackoverflow.com/q/71029128"", ""71029128"")",0.610441767068273
"=HYPERLINK(""https://stackoverflow.com/q/71042060"", ""71042060"")",0.7411764705882353
"=HYPERLINK(""https://stackoverflow.com/q/71051495"", ""71051495"")",0.6017543859649123
"=HYPERLINK(""https://stackoverflow.com/q/71054620"", ""71054620"")",0.6390328151986182
"=HYPERLINK(""https://stackoverflow.com/q/71082534"", ""71082534"")",0.7702127659574467
"=HYPERLINK(""https://stackoverflow.com/q/71109953"", ""71109953"")",0.8050314465408804
"=HYPERLINK(""https://stackoverflow.com/q/71131587"", ""71131587"")",0.7805128205128204
"=HYPERLINK(""https://stackoverflow.com/q/71147155"", ""71147155"")",0.6875000000000001
"=HYPERLINK(""https://stackoverflow.com/q/71149202"", ""71149202"")",0.3280701754385965
"=HYPERLINK(""https://stackoverflow.com/q/71157615"", ""71157615"")",0.534435261707989
"=HYPERLINK(""https://stackoverflow.com/q/71172747"", ""71172747"")",0.34951456310679613
"=HYPERLINK(""https://stackoverflow.com/q/71176221"", ""71176221"")",0.6473684210526316
"=HYPERLINK(""https://stackoverflow.com/q/71202750"", ""71202750"")",0.5135135135135136
"=HYPERLINK(""https://stackoverflow.com/q/71243719"", ""71243719"")",0.680365296803653
"=HYPERLINK(""https://stackoverflow.com/q/71302467"", ""71302467"")",0.4433656957928804
"=HYPERLINK(""https://stackoverflow.com/q/71322325"", ""71322325"")",0.42982456140350883
"=HYPERLINK(""https://stackoverflow.com/q/71325022"", ""71325022"")",0.5310344827586206
"=HYPERLINK(""https://stackoverflow.com/q/71326356"", ""71326356"")",0.6495327102803738
"=HYPERLINK(""https://stackoverflow.com/q/71333255"", ""71333255"")",0.8409090909090908
"=HYPERLINK(""https://stackoverflow.com/q/71389190"", ""71389190"")",0.735632183908046
"=HYPERLINK(""https://stackoverflow.com/q/71402633"", ""71402633"")",0.6025641025641026
"=HYPERLINK(""https://stackoverflow.com/q/71415767"", ""71415767"")",0.4177489177489178
"=HYPERLINK(""https://stackoverflow.com/q/71527141"", ""71527141"")",0.5628140703517588
"=HYPERLINK(""https://stackoverflow.com/q/71534191"", ""71534191"")",0.5479452054794521
"=HYPERLINK(""https://stackoverflow.com/q/71552972"", ""71552972"")",0.7894736842105263
"=HYPERLINK(""https://stackoverflow.com/q/71586104"", ""71586104"")",0.5211442786069652
"=HYPERLINK(""https://stackoverflow.com/q/71658850"", ""71658850"")",0.6190476190476192
"=HYPERLINK(""https://stackoverflow.com/q/71682079"", ""71682079"")",0.8588435374149661
"=HYPERLINK(""https://stackoverflow.com/q/71703393"", ""71703393"")",0.46994535519125685
"=HYPERLINK(""https://stackoverflow.com/q/71714247"", ""71714247"")",0.5414364640883977
"=HYPERLINK(""https://stackoverflow.com/q/71719391"", ""71719391"")",0.5778443113772456
"=HYPERLINK(""https://stackoverflow.com/q/71734347"", ""71734347"")",0.6551724137931034
"=HYPERLINK(""https://stackoverflow.com/q/71734500"", ""71734500"")",0.2285298398835517
"=HYPERLINK(""https://stackoverflow.com/q/71735167"", ""71735167"")",0.4975124378109453
"=HYPERLINK(""https://stackoverflow.com/q/71739497"", ""71739497"")",0.44236760124610597
"=HYPERLINK(""https://stackoverflow.com/q/71751863"", ""71751863"")",0.3919597989949749
"=HYPERLINK(""https://stackoverflow.com/q/71752953"", ""71752953"")",0.6274509803921569
"=HYPERLINK(""https://stackoverflow.com/q/71783709"", ""71783709"")",0.5479452054794521
"=HYPERLINK(""https://stackoverflow.com/q/71784962"", ""71784962"")",0.6458333333333334
"=HYPERLINK(""https://stackoverflow.com/q/71791315"", ""71791315"")",0.3068181818181818
"=HYPERLINK(""https://stackoverflow.com/q/71830450"", ""71830450"")",0.1955128205128206
"=HYPERLINK(""https://stackoverflow.com/q/71835017"", ""71835017"")",0.4692982456140351
"=HYPERLINK(""https://stackoverflow.com/q/71836567"", ""71836567"")",0.6285714285714286
"=HYPERLINK(""https://stackoverflow.com/q/71874500"", ""71874500"")",0.39912280701754393
"=HYPERLINK(""https://stackoverflow.com/q/72012384"", ""72012384"")",0.7031963470319635
"=HYPERLINK(""https://stackoverflow.com/q/72074191"", ""72074191"")",0.6412213740458015
"=HYPERLINK(""https://stackoverflow.com/q/72091274"", ""72091274"")",0.8163841807909605
"=HYPERLINK(""https://stackoverflow.com/q/72091870"", ""72091870"")",0.5163120567375887
"=HYPERLINK(""https://stackoverflow.com/q/72136573"", ""72136573"")",0.5864978902953587
"=HYPERLINK(""https://stackoverflow.com/q/72184163"", ""72184163"")",0.3563218390804597
"=HYPERLINK(""https://stackoverflow.com/q/72188819"", ""72188819"")",0.2413793103448276
"=HYPERLINK(""https://stackoverflow.com/q/72228593"", ""72228593"")",0.6403508771929826
"=HYPERLINK(""https://stackoverflow.com/q/72233387"", ""72233387"")",0.8453038674033149
"=HYPERLINK(""https://stackoverflow.com/q/72251766"", ""72251766"")",0.8793456032719836
"=HYPERLINK(""https://stackoverflow.com/q/72254261"", ""72254261"")",0.6002460024600247
"=HYPERLINK(""https://stackoverflow.com/q/72261946"", ""72261946"")",0.4700239808153478
"=HYPERLINK(""https://stackoverflow.com/q/72281216"", ""72281216"")",0.7766666666666666
"=HYPERLINK(""https://stackoverflow.com/q/72290273"", ""72290273"")",0.502450980392157
"=HYPERLINK(""https://stackoverflow.com/q/72379594"", ""72379594"")",0.7243107769423559
"=HYPERLINK(""https://stackoverflow.com/q/72392838"", ""72392838"")",0.5400291120815137
"=HYPERLINK(""https://stackoverflow.com/q/72431710"", ""72431710"")",0.6699999999999999
"=HYPERLINK(""https://stackoverflow.com/q/72433431"", ""72433431"")",0.6582914572864321
"=HYPERLINK(""https://stackoverflow.com/q/72462873"", ""72462873"")",0.7943262411347517
"=HYPERLINK(""https://stackoverflow.com/q/72463662"", ""72463662"")",0.4625
"=HYPERLINK(""https://stackoverflow.com/q/72478530"", ""72478530"")",0.5218068535825545
"=HYPERLINK(""https://stackoverflow.com/q/72496532"", ""72496532"")",0.4696969696969697
