link,Correlation
"=HYPERLINK(""https://stackoverflow.com/a/1092988"", ""1092988"")",0.44961240310077516
"=HYPERLINK(""https://stackoverflow.com/a/1640206"", ""1640206"")",0.4858299595141701
"=HYPERLINK(""https://stackoverflow.com/a/3332479"", ""3332479"")",0.6124031007751939
"=HYPERLINK(""https://stackoverflow.com/a/4921637"", ""4921637"")",0.6076923076923079
"=HYPERLINK(""https://stackoverflow.com/a/5794540"", ""5794540"")",0.5522388059701493
"=HYPERLINK(""https://stackoverflow.com/a/7531781"", ""7531781"")",0.36350574712643663
"=HYPERLINK(""https://stackoverflow.com/a/8334053"", ""8334053"")",0.44408602150537624
"=HYPERLINK(""https://stackoverflow.com/a/10015794"", ""10015794"")",0.29057337220602525
"=HYPERLINK(""https://stackoverflow.com/a/11226875"", ""11226875"")",0.350877192982456
"=HYPERLINK(""https://stackoverflow.com/a/12186675"", ""12186675"")",0.47679324894514763
"=HYPERLINK(""https://stackoverflow.com/a/14206733"", ""14206733"")",0.38617886178861777
"=HYPERLINK(""https://stackoverflow.com/a/14519280"", ""14519280"")",0.3385964912280702
"=HYPERLINK(""https://stackoverflow.com/a/15510183"", ""15510183"")",0.39130434782608686
"=HYPERLINK(""https://stackoverflow.com/a/16422743"", ""16422743"")",0.5271739130434783
"=HYPERLINK(""https://stackoverflow.com/a/17208163"", ""17208163"")",0.3818181818181818
"=HYPERLINK(""https://stackoverflow.com/a/17875510"", ""17875510"")",0.5476190476190478
"=HYPERLINK(""https://stackoverflow.com/a/18058288"", ""18058288"")",0.3033333333333333
"=HYPERLINK(""https://stackoverflow.com/a/18466221"", ""18466221"")",0.39583333333333326
"=HYPERLINK(""https://stackoverflow.com/a/19428027"", ""19428027"")",0.15384615384615385
"=HYPERLINK(""https://stackoverflow.com/a/20405138"", ""20405138"")",0.2051282051282051
"=HYPERLINK(""https://stackoverflow.com/a/22114990"", ""22114990"")",0.5677083333333333
"=HYPERLINK(""https://stackoverflow.com/a/24125778"", ""24125778"")",0.22916666666666666
"=HYPERLINK(""https://stackoverflow.com/a/24172839"", ""24172839"")",0.5120481927710843
"=HYPERLINK(""https://stackoverflow.com/a/24203342"", ""24203342"")",0.18279569892473116
"=HYPERLINK(""https://stackoverflow.com/a/24827805"", ""24827805"")",0.4031007751937984
"=HYPERLINK(""https://stackoverflow.com/a/25073009"", ""25073009"")",0.38262910798122074
"=HYPERLINK(""https://stackoverflow.com/a/25635397"", ""25635397"")",0.6000000000000001
"=HYPERLINK(""https://stackoverflow.com/a/25838584"", ""25838584"")",0.4376811594202899
"=HYPERLINK(""https://stackoverflow.com/a/26477801"", ""26477801"")",0.6091954022988505
"=HYPERLINK(""https://stackoverflow.com/a/27493144"", ""27493144"")",0.55
"=HYPERLINK(""https://stackoverflow.com/a/27742680"", ""27742680"")",0.5029761904761906
"=HYPERLINK(""https://stackoverflow.com/a/27759590"", ""27759590"")",0.2570725707257073
"=HYPERLINK(""https://stackoverflow.com/a/27828058"", ""27828058"")",0.3115942028985507
"=HYPERLINK(""https://stackoverflow.com/a/27841430"", ""27841430"")",0.28787878787878773
"=HYPERLINK(""https://stackoverflow.com/a/28179323"", ""28179323"")",0.3019853709508881
"=HYPERLINK(""https://stackoverflow.com/a/29245072"", ""29245072"")",0.3702127659574468
"=HYPERLINK(""https://stackoverflow.com/a/30070228"", ""30070228"")",0.303921568627451
"=HYPERLINK(""https://stackoverflow.com/a/30290362"", ""30290362"")",0.20689655172413793
"=HYPERLINK(""https://stackoverflow.com/a/30979004"", ""30979004"")",0.21212121212121207
"=HYPERLINK(""https://stackoverflow.com/a/31173802"", ""31173802"")",0.9235772357723576
"=HYPERLINK(""https://stackoverflow.com/a/31521212"", ""31521212"")",0.2688172043010752
"=HYPERLINK(""https://stackoverflow.com/a/31818930"", ""31818930"")",0.36842105263157876
"=HYPERLINK(""https://stackoverflow.com/a/31846659"", ""31846659"")",0.37810945273631846
"=HYPERLINK(""https://stackoverflow.com/a/31998584"", ""31998584"")",0.8114035087719298
"=HYPERLINK(""https://stackoverflow.com/a/32060236"", ""32060236"")",0.3763440860215055
"=HYPERLINK(""https://stackoverflow.com/a/32075371"", ""32075371"")",0.3106796116504854
"=HYPERLINK(""https://stackoverflow.com/a/32259829"", ""32259829"")",0.3643410852713178
"=HYPERLINK(""https://stackoverflow.com/a/32277337"", ""32277337"")",0.4053030303030303
"=HYPERLINK(""https://stackoverflow.com/a/32393341"", ""32393341"")",0.3916666666666668
"=HYPERLINK(""https://stackoverflow.com/a/32513192"", ""32513192"")",0.3647058823529412
"=HYPERLINK(""https://stackoverflow.com/a/32688384"", ""32688384"")",0.31249999999999994
"=HYPERLINK(""https://stackoverflow.com/a/33286756"", ""33286756"")",0.37931034482758624
"=HYPERLINK(""https://stackoverflow.com/a/33402425"", ""33402425"")",0.1538461538461538
"=HYPERLINK(""https://stackoverflow.com/a/33760463"", ""33760463"")",0.23999999999999996
"=HYPERLINK(""https://stackoverflow.com/a/33816519"", ""33816519"")",0.24324324324324323
"=HYPERLINK(""https://stackoverflow.com/a/33910322"", ""33910322"")",0.38699186991869927
"=HYPERLINK(""https://stackoverflow.com/a/34326529"", ""34326529"")",0.3790322580645161
"=HYPERLINK(""https://stackoverflow.com/a/34335626"", ""34335626"")",0.30971128608923887
"=HYPERLINK(""https://stackoverflow.com/a/34615413"", ""34615413"")",0.3114754098360657
"=HYPERLINK(""https://stackoverflow.com/a/34833057"", ""34833057"")",0.1282051282051282
"=HYPERLINK(""https://stackoverflow.com/a/35423846"", ""35423846"")",0.35072463768115947
"=HYPERLINK(""https://stackoverflow.com/a/35472726"", ""35472726"")",0.39303482587064675
"=HYPERLINK(""https://stackoverflow.com/a/35601231"", ""35601231"")",0.2934272300469484
"=HYPERLINK(""https://stackoverflow.com/a/35650197"", ""35650197"")",0.2560975609756098
"=HYPERLINK(""https://stackoverflow.com/a/35698081"", ""35698081"")",0.4504504504504505
"=HYPERLINK(""https://stackoverflow.com/a/35714569"", ""35714569"")",0.26739926739926745
"=HYPERLINK(""https://stackoverflow.com/a/35786076"", ""35786076"")",0.43835616438356156
"=HYPERLINK(""https://stackoverflow.com/a/36002193"", ""36002193"")",0.2933333333333333
"=HYPERLINK(""https://stackoverflow.com/a/36148545"", ""36148545"")",0.3254593175853019
"=HYPERLINK(""https://stackoverflow.com/a/36270430"", ""36270430"")",0.4230769230769231
"=HYPERLINK(""https://stackoverflow.com/a/36504587"", ""36504587"")",0.20833333333333334
"=HYPERLINK(""https://stackoverflow.com/a/36707894"", ""36707894"")",0.5033333333333334
"=HYPERLINK(""https://stackoverflow.com/a/36926234"", ""36926234"")",0.3642384105960265
"=HYPERLINK(""https://stackoverflow.com/a/37243704"", ""37243704"")",0.36041666666666666
"=HYPERLINK(""https://stackoverflow.com/a/37273515"", ""37273515"")",0.2380952380952381
"=HYPERLINK(""https://stackoverflow.com/a/37319824"", ""37319824"")",0.20833333333333331
"=HYPERLINK(""https://stackoverflow.com/a/37459718"", ""37459718"")",0.45771144278606957
"=HYPERLINK(""https://stackoverflow.com/a/37542430"", ""37542430"")",0.35087719298245623
"=HYPERLINK(""https://stackoverflow.com/a/37547665"", ""37547665"")",0.40773809523809534
"=HYPERLINK(""https://stackoverflow.com/a/37862673"", ""37862673"")",0.3967280163599183
"=HYPERLINK(""https://stackoverflow.com/a/38290069"", ""38290069"")",0.23076923076923075
"=HYPERLINK(""https://stackoverflow.com/a/38358325"", ""38358325"")",0.30136986301369867
"=HYPERLINK(""https://stackoverflow.com/a/38446001"", ""38446001"")",0.4326241134751773
"=HYPERLINK(""https://stackoverflow.com/a/38565416"", ""38565416"")",0.44096133751306155
"=HYPERLINK(""https://stackoverflow.com/a/38737474"", ""38737474"")",0.658792650918635
"=HYPERLINK(""https://stackoverflow.com/a/38860691"", ""38860691"")",0.41954022988505735
"=HYPERLINK(""https://stackoverflow.com/a/39135080"", ""39135080"")",0.5476796830786644
"=HYPERLINK(""https://stackoverflow.com/a/39176039"", ""39176039"")",0.6140350877192982
"=HYPERLINK(""https://stackoverflow.com/a/39176074"", ""39176074"")",0.41212121212121205
"=HYPERLINK(""https://stackoverflow.com/a/39201541"", ""39201541"")",0.33333333333333337
"=HYPERLINK(""https://stackoverflow.com/a/39258398"", ""39258398"")",0.5565476190476192
"=HYPERLINK(""https://stackoverflow.com/a/39258814"", ""39258814"")",0.2577597840755736
"=HYPERLINK(""https://stackoverflow.com/a/39525797"", ""39525797"")",0.23655913978494614
"=HYPERLINK(""https://stackoverflow.com/a/39967391"", ""39967391"")",0.33333333333333337
"=HYPERLINK(""https://stackoverflow.com/a/40242073"", ""40242073"")",0.39855072463768115
"=HYPERLINK(""https://stackoverflow.com/a/40545929"", ""40545929"")",0.3770114942528737
"=HYPERLINK(""https://stackoverflow.com/a/40652307"", ""40652307"")",0.31818181818181807
"=HYPERLINK(""https://stackoverflow.com/a/40933356"", ""40933356"")",0.323943661971831
"=HYPERLINK(""https://stackoverflow.com/a/40979538"", ""40979538"")",0.37414965986394555
"=HYPERLINK(""https://stackoverflow.com/a/41454135"", ""41454135"")",0.43448275862068964
"=HYPERLINK(""https://stackoverflow.com/a/41610642"", ""41610642"")",0.29663608562691135
"=HYPERLINK(""https://stackoverflow.com/a/41629358"", ""41629358"")",0.4078947368421052
"=HYPERLINK(""https://stackoverflow.com/a/42057530"", ""42057530"")",0.3783783783783784
"=HYPERLINK(""https://stackoverflow.com/a/42062540"", ""42062540"")",0.2708333333333333
"=HYPERLINK(""https://stackoverflow.com/a/42492037"", ""42492037"")",0.43939393939393934
"=HYPERLINK(""https://stackoverflow.com/a/42962695"", ""42962695"")",0.4166666666666667
"=HYPERLINK(""https://stackoverflow.com/a/42965786"", ""42965786"")",0.32608695652173914
"=HYPERLINK(""https://stackoverflow.com/a/43259627"", ""43259627"")",0.2333333333333333
"=HYPERLINK(""https://stackoverflow.com/a/43539913"", ""43539913"")",0.5362318840579711
"=HYPERLINK(""https://stackoverflow.com/a/43674594"", ""43674594"")",0.4337899543378995
"=HYPERLINK(""https://stackoverflow.com/a/43733053"", ""43733053"")",0.3411764705882353
"=HYPERLINK(""https://stackoverflow.com/a/43742464"", ""43742464"")",0.5178777393310265
"=HYPERLINK(""https://stackoverflow.com/a/43743453"", ""43743453"")",0.26315789473684204
"=HYPERLINK(""https://stackoverflow.com/a/43878849"", ""43878849"")",0.24479166666666666
"=HYPERLINK(""https://stackoverflow.com/a/43899470"", ""43899470"")",0.27564102564102566
"=HYPERLINK(""https://stackoverflow.com/a/44114420"", ""44114420"")",0.7028985507246376
"=HYPERLINK(""https://stackoverflow.com/a/44300384"", ""44300384"")",0.5757575757575757
"=HYPERLINK(""https://stackoverflow.com/a/44316282"", ""44316282"")",0.427536231884058
"=HYPERLINK(""https://stackoverflow.com/a/44317516"", ""44317516"")",0.47500000000000003
"=HYPERLINK(""https://stackoverflow.com/a/44319414"", ""44319414"")",0.4466019417475728
"=HYPERLINK(""https://stackoverflow.com/a/44320081"", ""44320081"")",0.3755274261603376
"=HYPERLINK(""https://stackoverflow.com/a/44365614"", ""44365614"")",0.32
"=HYPERLINK(""https://stackoverflow.com/a/44643691"", ""44643691"")",0.2841530054644808
"=HYPERLINK(""https://stackoverflow.com/a/44778550"", ""44778550"")",0.40104166666666663
"=HYPERLINK(""https://stackoverflow.com/a/44954308"", ""44954308"")",0.30913978494623656
"=HYPERLINK(""https://stackoverflow.com/a/44977136"", ""44977136"")",0.4848484848484847
"=HYPERLINK(""https://stackoverflow.com/a/45021279"", ""45021279"")",0.5116279069767442
"=HYPERLINK(""https://stackoverflow.com/a/45053314"", ""45053314"")",0.46327683615819215
"=HYPERLINK(""https://stackoverflow.com/a/45156480"", ""45156480"")",0.7263681592039801
"=HYPERLINK(""https://stackoverflow.com/a/45407939"", ""45407939"")",0.27142857142857146
"=HYPERLINK(""https://stackoverflow.com/a/45543797"", ""45543797"")",0.4217687074829931
"=HYPERLINK(""https://stackoverflow.com/a/45642638"", ""45642638"")",0.35658914728682173
"=HYPERLINK(""https://stackoverflow.com/a/45680831"", ""45680831"")",0.3200883002207506
"=HYPERLINK(""https://stackoverflow.com/a/45746135"", ""45746135"")",0.2760736196319019
"=HYPERLINK(""https://stackoverflow.com/a/45843574"", ""45843574"")",0.47395833333333337
"=HYPERLINK(""https://stackoverflow.com/a/45863175"", ""45863175"")",0.42713567839195987
"=HYPERLINK(""https://stackoverflow.com/a/45876881"", ""45876881"")",0.3798449612403101
"=HYPERLINK(""https://stackoverflow.com/a/45928270"", ""45928270"")",0.5128205128205129
"=HYPERLINK(""https://stackoverflow.com/a/45933560"", ""45933560"")",0.4121621621621621
"=HYPERLINK(""https://stackoverflow.com/a/46058346"", ""46058346"")",0.24324324324324326
"=HYPERLINK(""https://stackoverflow.com/a/46111536"", ""46111536"")",0.35
"=HYPERLINK(""https://stackoverflow.com/a/46229446"", ""46229446"")",0.5166666666666667
"=HYPERLINK(""https://stackoverflow.com/a/46374948"", ""46374948"")",0.41666666666666674
"=HYPERLINK(""https://stackoverflow.com/a/46585554"", ""46585554"")",0.5057471264367815
"=HYPERLINK(""https://stackoverflow.com/a/46791912"", ""46791912"")",0.40310077519379844
"=HYPERLINK(""https://stackoverflow.com/a/46818677"", ""46818677"")",0.21666666666666667
"=HYPERLINK(""https://stackoverflow.com/a/46980671"", ""46980671"")",0.22727272727272727
"=HYPERLINK(""https://stackoverflow.com/a/47230888"", ""47230888"")",0.3398373983739838
"=HYPERLINK(""https://stackoverflow.com/a/47445683"", ""47445683"")",0.327217125382263
"=HYPERLINK(""https://stackoverflow.com/a/47505569"", ""47505569"")",0.7210884353741495
"=HYPERLINK(""https://stackoverflow.com/a/47523107"", ""47523107"")",0.23691460055096422
"=HYPERLINK(""https://stackoverflow.com/a/47563989"", ""47563989"")",0.326923076923077
"=HYPERLINK(""https://stackoverflow.com/a/47685623"", ""47685623"")",0.4563106796116505
"=HYPERLINK(""https://stackoverflow.com/a/47780661"", ""47780661"")",0.3532338308457712
"=HYPERLINK(""https://stackoverflow.com/a/47785053"", ""47785053"")",0.5833333333333335
"=HYPERLINK(""https://stackoverflow.com/a/47938758"", ""47938758"")",0.42635658914728686
"=HYPERLINK(""https://stackoverflow.com/a/48067686"", ""48067686"")",0.36612021857923494
"=HYPERLINK(""https://stackoverflow.com/a/48072561"", ""48072561"")",0.2342342342342342
"=HYPERLINK(""https://stackoverflow.com/a/48130011"", ""48130011"")",0.23999999999999994
"=HYPERLINK(""https://stackoverflow.com/a/48151974"", ""48151974"")",0.5498281786941582
"=HYPERLINK(""https://stackoverflow.com/a/48222392"", ""48222392"")",0.27956989247311814
"=HYPERLINK(""https://stackoverflow.com/a/48307885"", ""48307885"")",0.6424731182795699
"=HYPERLINK(""https://stackoverflow.com/a/48388545"", ""48388545"")",0.4083333333333333
"=HYPERLINK(""https://stackoverflow.com/a/48433927"", ""48433927"")",0.5600000000000002
"=HYPERLINK(""https://stackoverflow.com/a/48598958"", ""48598958"")",0.3178294573643411
"=HYPERLINK(""https://stackoverflow.com/a/48605538"", ""48605538"")",0.35833333333333334
"=HYPERLINK(""https://stackoverflow.com/a/48646234"", ""48646234"")",0.41991341991341996
"=HYPERLINK(""https://stackoverflow.com/a/48743187"", ""48743187"")",0.3156028368794325
"=HYPERLINK(""https://stackoverflow.com/a/48813008"", ""48813008"")",0.34057971014492755
"=HYPERLINK(""https://stackoverflow.com/a/48849691"", ""48849691"")",0.3115942028985508
"=HYPERLINK(""https://stackoverflow.com/a/48938657"", ""48938657"")",0.4899598393574297
"=HYPERLINK(""https://stackoverflow.com/a/49002443"", ""49002443"")",0.27142857142857146
"=HYPERLINK(""https://stackoverflow.com/a/49025798"", ""49025798"")",0.3989501312335958
"=HYPERLINK(""https://stackoverflow.com/a/49056630"", ""49056630"")",0.35000000000000003
"=HYPERLINK(""https://stackoverflow.com/a/49078427"", ""49078427"")",0.34782608695652173
"=HYPERLINK(""https://stackoverflow.com/a/49267663"", ""49267663"")",0.4863387978142077
"=HYPERLINK(""https://stackoverflow.com/a/49394307"", ""49394307"")",0.5578231292517006
"=HYPERLINK(""https://stackoverflow.com/a/49547009"", ""49547009"")",0.5833333333333335
"=HYPERLINK(""https://stackoverflow.com/a/49630542"", ""49630542"")",0.29268292682926833
"=HYPERLINK(""https://stackoverflow.com/a/49633308"", ""49633308"")",0.3548387096774193
"=HYPERLINK(""https://stackoverflow.com/a/49691185"", ""49691185"")",0.4
"=HYPERLINK(""https://stackoverflow.com/a/49712644"", ""49712644"")",0.7490196078431374
"=HYPERLINK(""https://stackoverflow.com/a/49792931"", ""49792931"")",0.4954128440366972
"=HYPERLINK(""https://stackoverflow.com/a/49809088"", ""49809088"")",0.3368421052631579
"=HYPERLINK(""https://stackoverflow.com/a/49825349"", ""49825349"")",0.6393442622950818
"=HYPERLINK(""https://stackoverflow.com/a/49910070"", ""49910070"")",0.38709677419354827
"=HYPERLINK(""https://stackoverflow.com/a/49985763"", ""49985763"")",0.3333333333333333
"=HYPERLINK(""https://stackoverflow.com/a/50007888"", ""50007888"")",0.24731182795698922
"=HYPERLINK(""https://stackoverflow.com/a/50055668"", ""50055668"")",0.3478260869565217
"=HYPERLINK(""https://stackoverflow.com/a/50124678"", ""50124678"")",0.3870056497175141
"=HYPERLINK(""https://stackoverflow.com/a/50261540"", ""50261540"")",0.29223744292237436
"=HYPERLINK(""https://stackoverflow.com/a/50450760"", ""50450760"")",0.39999999999999986
"=HYPERLINK(""https://stackoverflow.com/a/50478858"", ""50478858"")",0.2412280701754386
"=HYPERLINK(""https://stackoverflow.com/a/50587442"", ""50587442"")",0.346969696969697
"=HYPERLINK(""https://stackoverflow.com/a/50876324"", ""50876324"")",0.4274193548387097
"=HYPERLINK(""https://stackoverflow.com/a/50883011"", ""50883011"")",0.2835820895522388
"=HYPERLINK(""https://stackoverflow.com/a/50951236"", ""50951236"")",0.3333333333333333
"=HYPERLINK(""https://stackoverflow.com/a/50983632"", ""50983632"")",0.41176470588235303
"=HYPERLINK(""https://stackoverflow.com/a/51006671"", ""51006671"")",0.22727272727272715
"=HYPERLINK(""https://stackoverflow.com/a/51052851"", ""51052851"")",0.2925170068027211
"=HYPERLINK(""https://stackoverflow.com/a/51069834"", ""51069834"")",0.33333333333333337
"=HYPERLINK(""https://stackoverflow.com/a/51071285"", ""51071285"")",0.28048780487804875
"=HYPERLINK(""https://stackoverflow.com/a/51099116"", ""51099116"")",0.4190476190476191
"=HYPERLINK(""https://stackoverflow.com/a/51148017"", ""51148017"")",0.4095238095238096
"=HYPERLINK(""https://stackoverflow.com/a/51149875"", ""51149875"")",0.4696969696969696
"=HYPERLINK(""https://stackoverflow.com/a/51163791"", ""51163791"")",0.3833333333333334
"=HYPERLINK(""https://stackoverflow.com/a/51267479"", ""51267479"")",0.39743589743589747
"=HYPERLINK(""https://stackoverflow.com/a/51297369"", ""51297369"")",0.1864406779661017
"=HYPERLINK(""https://stackoverflow.com/a/51311533"", ""51311533"")",0.44362745098039214
"=HYPERLINK(""https://stackoverflow.com/a/51411949"", ""51411949"")",0.5376344086021505
"=HYPERLINK(""https://stackoverflow.com/a/51451308"", ""51451308"")",0.24731182795698917
"=HYPERLINK(""https://stackoverflow.com/a/51510952"", ""51510952"")",0.3878787878787879
"=HYPERLINK(""https://stackoverflow.com/a/51521743"", ""51521743"")",0.3673469387755102
"=HYPERLINK(""https://stackoverflow.com/a/51640668"", ""51640668"")",0.20930232558139536
"=HYPERLINK(""https://stackoverflow.com/a/51663901"", ""51663901"")",0.3192090395480226
"=HYPERLINK(""https://stackoverflow.com/a/51677189"", ""51677189"")",0.4275362318840579
"=HYPERLINK(""https://stackoverflow.com/a/51732070"", ""51732070"")",0.45945945945945943
"=HYPERLINK(""https://stackoverflow.com/a/51819406"", ""51819406"")",0.4715447154471545
"=HYPERLINK(""https://stackoverflow.com/a/51880661"", ""51880661"")",0.34333333333333327
"=HYPERLINK(""https://stackoverflow.com/a/52010762"", ""52010762"")",0.44876325088339225
"=HYPERLINK(""https://stackoverflow.com/a/52043281"", ""52043281"")",0.5272727272727272
"=HYPERLINK(""https://stackoverflow.com/a/52062592"", ""52062592"")",0.603921568627451
"=HYPERLINK(""https://stackoverflow.com/a/52147652"", ""52147652"")",0.2869198312236287
"=HYPERLINK(""https://stackoverflow.com/a/52161668"", ""52161668"")",0.5025906735751295
"=HYPERLINK(""https://stackoverflow.com/a/52396536"", ""52396536"")",0.5784313725490197
"=HYPERLINK(""https://stackoverflow.com/a/52523421"", ""52523421"")",0.40909090909090906
"=HYPERLINK(""https://stackoverflow.com/a/52631306"", ""52631306"")",0.2896174863387978
"=HYPERLINK(""https://stackoverflow.com/a/52643287"", ""52643287"")",0.6416666666666667
"=HYPERLINK(""https://stackoverflow.com/a/52823119"", ""52823119"")",0.427450980392157
"=HYPERLINK(""https://stackoverflow.com/a/52866406"", ""52866406"")",0.4561403508771928
"=HYPERLINK(""https://stackoverflow.com/a/52904432"", ""52904432"")",0.4285714285714287
"=HYPERLINK(""https://stackoverflow.com/a/52967713"", ""52967713"")",0.3153153153153153
"=HYPERLINK(""https://stackoverflow.com/a/52974027"", ""52974027"")",0.3272251308900524
"=HYPERLINK(""https://stackoverflow.com/a/53008673"", ""53008673"")",0.427860696517413
"=HYPERLINK(""https://stackoverflow.com/a/53059130"", ""53059130"")",0.33787878787878795
"=HYPERLINK(""https://stackoverflow.com/a/53096121"", ""53096121"")",0.4057971014492752
"=HYPERLINK(""https://stackoverflow.com/a/53182631"", ""53182631"")",0.33333333333333337
"=HYPERLINK(""https://stackoverflow.com/a/53212415"", ""53212415"")",0.21666666666666667
"=HYPERLINK(""https://stackoverflow.com/a/53285949"", ""53285949"")",0.2702702702702703
"=HYPERLINK(""https://stackoverflow.com/a/53402390"", ""53402390"")",0.350877192982456
"=HYPERLINK(""https://stackoverflow.com/a/53510090"", ""53510090"")",0.2552083333333333
"=HYPERLINK(""https://stackoverflow.com/a/53599637"", ""53599637"")",0.2583333333333333
"=HYPERLINK(""https://stackoverflow.com/a/53723588"", ""53723588"")",0.649122807017544
"=HYPERLINK(""https://stackoverflow.com/a/53770193"", ""53770193"")",0.4000000000000001
"=HYPERLINK(""https://stackoverflow.com/a/53791939"", ""53791939"")",0.21839080459770116
"=HYPERLINK(""https://stackoverflow.com/a/53892198"", ""53892198"")",0.4133333333333333
"=HYPERLINK(""https://stackoverflow.com/a/53985934"", ""53985934"")",0.32876712328767127
"=HYPERLINK(""https://stackoverflow.com/a/54024327"", ""54024327"")",0.29245283018867924
"=HYPERLINK(""https://stackoverflow.com/a/54046949"", ""54046949"")",0.5319148936170213
"=HYPERLINK(""https://stackoverflow.com/a/54102774"", ""54102774"")",0.2261904761904761
"=HYPERLINK(""https://stackoverflow.com/a/54111335"", ""54111335"")",0.3978494623655913
"=HYPERLINK(""https://stackoverflow.com/a/54119552"", ""54119552"")",0.35323383084577115
"=HYPERLINK(""https://stackoverflow.com/a/54172529"", ""54172529"")",0.380952380952381
"=HYPERLINK(""https://stackoverflow.com/a/54250127"", ""54250127"")",0.14583333333333334
"=HYPERLINK(""https://stackoverflow.com/a/54328765"", ""54328765"")",0.4352941176470589
"=HYPERLINK(""https://stackoverflow.com/a/54432762"", ""54432762"")",0.39102564102564097
"=HYPERLINK(""https://stackoverflow.com/a/54467473"", ""54467473"")",0.619047619047619
"=HYPERLINK(""https://stackoverflow.com/a/54487602"", ""54487602"")",0.37499999999999994
"=HYPERLINK(""https://stackoverflow.com/a/54562199"", ""54562199"")",0.5411255411255412
"=HYPERLINK(""https://stackoverflow.com/a/54568655"", ""54568655"")",0.6431372549019609
"=HYPERLINK(""https://stackoverflow.com/a/54787238"", ""54787238"")",0.6815920398009951
"=HYPERLINK(""https://stackoverflow.com/a/54813950"", ""54813950"")",0.42380952380952386
"=HYPERLINK(""https://stackoverflow.com/a/54896480"", ""54896480"")",0.35526315789473684
"=HYPERLINK(""https://stackoverflow.com/a/54914589"", ""54914589"")",0.22745098039215686
"=HYPERLINK(""https://stackoverflow.com/a/54948873"", ""54948873"")",0.3583333333333334
"=HYPERLINK(""https://stackoverflow.com/a/54952503"", ""54952503"")",0.327536231884058
"=HYPERLINK(""https://stackoverflow.com/a/55111178"", ""55111178"")",0.3522727272727273
"=HYPERLINK(""https://stackoverflow.com/a/55157300"", ""55157300"")",0.36708860759493667
"=HYPERLINK(""https://stackoverflow.com/a/55270524"", ""55270524"")",0.3712121212121212
"=HYPERLINK(""https://stackoverflow.com/a/55368089"", ""55368089"")",0.45402298850574707
"=HYPERLINK(""https://stackoverflow.com/a/55386904"", ""55386904"")",0.15999999999999995
"=HYPERLINK(""https://stackoverflow.com/a/55484848"", ""55484848"")",0.32110091743119273
"=HYPERLINK(""https://stackoverflow.com/a/55766862"", ""55766862"")",0.3083333333333334
"=HYPERLINK(""https://stackoverflow.com/a/55823714"", ""55823714"")",0.4411764705882353
"=HYPERLINK(""https://stackoverflow.com/a/55979955"", ""55979955"")",0.40476190476190477
"=HYPERLINK(""https://stackoverflow.com/a/56058397"", ""56058397"")",0.3763440860215053
"=HYPERLINK(""https://stackoverflow.com/a/56134388"", ""56134388"")",0.3134328358208956
"=HYPERLINK(""https://stackoverflow.com/a/56134436"", ""56134436"")",0.1282051282051282
"=HYPERLINK(""https://stackoverflow.com/a/56239618"", ""56239618"")",0.25490196078431376
"=HYPERLINK(""https://stackoverflow.com/a/56247259"", ""56247259"")",0.434108527131783
"=HYPERLINK(""https://stackoverflow.com/a/56290908"", ""56290908"")",0.36842105263157887
"=HYPERLINK(""https://stackoverflow.com/a/56302668"", ""56302668"")",0.6279069767441862
"=HYPERLINK(""https://stackoverflow.com/a/56337484"", ""56337484"")",0.125
"=HYPERLINK(""https://stackoverflow.com/a/56427990"", ""56427990"")",0.19047619047619044
"=HYPERLINK(""https://stackoverflow.com/a/56512241"", ""56512241"")",0.35310734463276844
"=HYPERLINK(""https://stackoverflow.com/a/56638584"", ""56638584"")",0.4421768707482993
"=HYPERLINK(""https://stackoverflow.com/a/56695428"", ""56695428"")",0.3130630630630631
"=HYPERLINK(""https://stackoverflow.com/a/56711183"", ""56711183"")",0.28070175438596484
"=HYPERLINK(""https://stackoverflow.com/a/56760939"", ""56760939"")",0.27984496124031005
"=HYPERLINK(""https://stackoverflow.com/a/56772260"", ""56772260"")",0.2189054726368159
"=HYPERLINK(""https://stackoverflow.com/a/56820527"", ""56820527"")",0.42424242424242425
"=HYPERLINK(""https://stackoverflow.com/a/56827363"", ""56827363"")",0.37229437229437234
"=HYPERLINK(""https://stackoverflow.com/a/56843635"", ""56843635"")",0.6274509803921569
"=HYPERLINK(""https://stackoverflow.com/a/56911453"", ""56911453"")",0.4561403508771928
"=HYPERLINK(""https://stackoverflow.com/a/56934148"", ""56934148"")",0.3363095238095239
"=HYPERLINK(""https://stackoverflow.com/a/56940361"", ""56940361"")",0.2807017543859648
"=HYPERLINK(""https://stackoverflow.com/a/56958837"", ""56958837"")",0.33541666666666675
"=HYPERLINK(""https://stackoverflow.com/a/57075838"", ""57075838"")",0.5
"=HYPERLINK(""https://stackoverflow.com/a/57207342"", ""57207342"")",0.27577937649880097
"=HYPERLINK(""https://stackoverflow.com/a/57402921"", ""57402921"")",0.3928571428571429
"=HYPERLINK(""https://stackoverflow.com/a/57439122"", ""57439122"")",0.228310502283105
"=HYPERLINK(""https://stackoverflow.com/a/57484823"", ""57484823"")",0.32
"=HYPERLINK(""https://stackoverflow.com/a/57525918"", ""57525918"")",0.4114942528735633
"=HYPERLINK(""https://stackoverflow.com/a/57684742"", ""57684742"")",0.25000000000000006
"=HYPERLINK(""https://stackoverflow.com/a/57700010"", ""57700010"")",0.4666666666666667
"=HYPERLINK(""https://stackoverflow.com/a/57796296"", ""57796296"")",0.3089430894308943
"=HYPERLINK(""https://stackoverflow.com/a/57812504"", ""57812504"")",0.38187702265372164
"=HYPERLINK(""https://stackoverflow.com/a/57843702"", ""57843702"")",0.33676975945017185
"=HYPERLINK(""https://stackoverflow.com/a/57989522"", ""57989522"")",0.5406504065040652
"=HYPERLINK(""https://stackoverflow.com/a/57991106"", ""57991106"")",0.3859649122807016
"=HYPERLINK(""https://stackoverflow.com/a/58014202"", ""58014202"")",0.36065573770491804
"=HYPERLINK(""https://stackoverflow.com/a/58020935"", ""58020935"")",0.3450980392156864
"=HYPERLINK(""https://stackoverflow.com/a/58044148"", ""58044148"")",0.3873873873873874
"=HYPERLINK(""https://stackoverflow.com/a/58121517"", ""58121517"")",0.23188405797101447
"=HYPERLINK(""https://stackoverflow.com/a/58154082"", ""58154082"")",0.4202898550724638
"=HYPERLINK(""https://stackoverflow.com/a/58293681"", ""58293681"")",0.5681159420289856
"=HYPERLINK(""https://stackoverflow.com/a/58546809"", ""58546809"")",0.32352941176470595
"=HYPERLINK(""https://stackoverflow.com/a/58547988"", ""58547988"")",0.27147766323024053
"=HYPERLINK(""https://stackoverflow.com/a/58646341"", ""58646341"")",0.2271062271062271
"=HYPERLINK(""https://stackoverflow.com/a/58652167"", ""58652167"")",0.4946236559139784
"=HYPERLINK(""https://stackoverflow.com/a/58716132"", ""58716132"")",0.39303482587064675
"=HYPERLINK(""https://stackoverflow.com/a/58774373"", ""58774373"")",0.29761904761904756
"=HYPERLINK(""https://stackoverflow.com/a/58814212"", ""58814212"")",0.3378995433789954
"=HYPERLINK(""https://stackoverflow.com/a/58884383"", ""58884383"")",0.37500000000000006
"=HYPERLINK(""https://stackoverflow.com/a/59002763"", ""59002763"")",0.337748344370861
"=HYPERLINK(""https://stackoverflow.com/a/59053697"", ""59053697"")",0.2533333333333333
"=HYPERLINK(""https://stackoverflow.com/a/59107724"", ""59107724"")",0.16666666666666663
"=HYPERLINK(""https://stackoverflow.com/a/59186484"", ""59186484"")",0.4419047619047619
"=HYPERLINK(""https://stackoverflow.com/a/59308601"", ""59308601"")",0.17054263565891473
"=HYPERLINK(""https://stackoverflow.com/a/59417992"", ""59417992"")",0.27272727272727265
"=HYPERLINK(""https://stackoverflow.com/a/59419604"", ""59419604"")",0.4599156118143459
"=HYPERLINK(""https://stackoverflow.com/a/59436943"", ""59436943"")",0.4175824175824177
"=HYPERLINK(""https://stackoverflow.com/a/59569185"", ""59569185"")",0.280952380952381
"=HYPERLINK(""https://stackoverflow.com/a/59687094"", ""59687094"")",0.3333333333333333
"=HYPERLINK(""https://stackoverflow.com/a/59690717"", ""59690717"")",0.3273092369477912
"=HYPERLINK(""https://stackoverflow.com/a/59695756"", ""59695756"")",0.2691131498470948
"=HYPERLINK(""https://stackoverflow.com/a/59709157"", ""59709157"")",0.42786069651741293
"=HYPERLINK(""https://stackoverflow.com/a/59813317"", ""59813317"")",0.4516129032258064
"=HYPERLINK(""https://stackoverflow.com/a/59915844"", ""59915844"")",0.36363636363636365
"=HYPERLINK(""https://stackoverflow.com/a/59953293"", ""59953293"")",0.22916666666666663
"=HYPERLINK(""https://stackoverflow.com/a/59996908"", ""59996908"")",0.43169398907103834
"=HYPERLINK(""https://stackoverflow.com/a/60154285"", ""60154285"")",0.5038759689922481
"=HYPERLINK(""https://stackoverflow.com/a/60168307"", ""60168307"")",0.3937007874015749
"=HYPERLINK(""https://stackoverflow.com/a/60217782"", ""60217782"")",0.6084142394822006
"=HYPERLINK(""https://stackoverflow.com/a/60282267"", ""60282267"")",0.6236559139784945
"=HYPERLINK(""https://stackoverflow.com/a/60345464"", ""60345464"")",0.6645435244161358
"=HYPERLINK(""https://stackoverflow.com/a/60406190"", ""60406190"")",0.29223744292237436
"=HYPERLINK(""https://stackoverflow.com/a/60439473"", ""60439473"")",0.27058823529411763
"=HYPERLINK(""https://stackoverflow.com/a/60472369"", ""60472369"")",0.34108527131782945
"=HYPERLINK(""https://stackoverflow.com/a/60512298"", ""60512298"")",0.12820512820512817
"=HYPERLINK(""https://stackoverflow.com/a/60573290"", ""60573290"")",0.37974683544303794
"=HYPERLINK(""https://stackoverflow.com/a/60585886"", ""60585886"")",0.2482269503546099
"=HYPERLINK(""https://stackoverflow.com/a/60623517"", ""60623517"")",0.14583333333333337
"=HYPERLINK(""https://stackoverflow.com/a/60645259"", ""60645259"")",0.360655737704918
"=HYPERLINK(""https://stackoverflow.com/a/60672395"", ""60672395"")",0.49358974358974367
"=HYPERLINK(""https://stackoverflow.com/a/60742917"", ""60742917"")",0.3517786561264821
"=HYPERLINK(""https://stackoverflow.com/a/60790044"", ""60790044"")",0.5173333333333334
"=HYPERLINK(""https://stackoverflow.com/a/60902224"", ""60902224"")",0.30263157894736836
"=HYPERLINK(""https://stackoverflow.com/a/60922359"", ""60922359"")",0.608974358974359
"=HYPERLINK(""https://stackoverflow.com/a/60955242"", ""60955242"")",0.33333333333333326
"=HYPERLINK(""https://stackoverflow.com/a/61002796"", ""61002796"")",0.3269230769230769
"=HYPERLINK(""https://stackoverflow.com/a/61150293"", ""61150293"")",0.48373983739837406
"=HYPERLINK(""https://stackoverflow.com/a/61150503"", ""61150503"")",0.6126126126126126
"=HYPERLINK(""https://stackoverflow.com/a/61155387"", ""61155387"")",0.2941176470588235
"=HYPERLINK(""https://stackoverflow.com/a/61257546"", ""61257546"")",0.5654008438818565
"=HYPERLINK(""https://stackoverflow.com/a/61416003"", ""61416003"")",0.4303030303030303
"=HYPERLINK(""https://stackoverflow.com/a/61476223"", ""61476223"")",0.4039548022598871
"=HYPERLINK(""https://stackoverflow.com/a/61500809"", ""61500809"")",0.4833333333333334
"=HYPERLINK(""https://stackoverflow.com/a/61550523"", ""61550523"")",0.6590909090909091
"=HYPERLINK(""https://stackoverflow.com/a/61965378"", ""61965378"")",0.3515981735159817
"=HYPERLINK(""https://stackoverflow.com/a/62016913"", ""62016913"")",0.4242424242424242
"=HYPERLINK(""https://stackoverflow.com/a/62058898"", ""62058898"")",0.4382284382284382
"=HYPERLINK(""https://stackoverflow.com/a/62062985"", ""62062985"")",0.36190476190476195
"=HYPERLINK(""https://stackoverflow.com/a/62153940"", ""62153940"")",0.2585034013605442
"=HYPERLINK(""https://stackoverflow.com/a/62299764"", ""62299764"")",0.3963963963963964
"=HYPERLINK(""https://stackoverflow.com/a/62455093"", ""62455093"")",0.4242424242424242
"=HYPERLINK(""https://stackoverflow.com/a/62522735"", ""62522735"")",0.4825870646766169
"=HYPERLINK(""https://stackoverflow.com/a/62582193"", ""62582193"")",0.3991228070175438
"=HYPERLINK(""https://stackoverflow.com/a/62652238"", ""62652238"")",0.43169398907103823
"=HYPERLINK(""https://stackoverflow.com/a/62657388"", ""62657388"")",0.5165562913907283
"=HYPERLINK(""https://stackoverflow.com/a/62685525"", ""62685525"")",0.6000000000000001
"=HYPERLINK(""https://stackoverflow.com/a/62779000"", ""62779000"")",0.4353070175438597
"=HYPERLINK(""https://stackoverflow.com/a/62904111"", ""62904111"")",0.18749999999999997
"=HYPERLINK(""https://stackoverflow.com/a/62995901"", ""62995901"")",0.5205479452054795
"=HYPERLINK(""https://stackoverflow.com/a/63065432"", ""63065432"")",0.39143730886850153
"=HYPERLINK(""https://stackoverflow.com/a/63080752"", ""63080752"")",0.20689655172413793
"=HYPERLINK(""https://stackoverflow.com/a/63156401"", ""63156401"")",0.279874213836478
"=HYPERLINK(""https://stackoverflow.com/a/63166056"", ""63166056"")",0.4761904761904762
"=HYPERLINK(""https://stackoverflow.com/a/63171173"", ""63171173"")",0.21333333333333332
"=HYPERLINK(""https://stackoverflow.com/a/63176937"", ""63176937"")",0.36426116838487976
"=HYPERLINK(""https://stackoverflow.com/a/63292356"", ""63292356"")",0.6509803921568629
"=HYPERLINK(""https://stackoverflow.com/a/63307133"", ""63307133"")",0.3687943262411347
"=HYPERLINK(""https://stackoverflow.com/a/63358395"", ""63358395"")",0.36274509803921573
"=HYPERLINK(""https://stackoverflow.com/a/63374548"", ""63374548"")",0.28763440860215056
"=HYPERLINK(""https://stackoverflow.com/a/63400885"", ""63400885"")",0.244131455399061
"=HYPERLINK(""https://stackoverflow.com/a/63582926"", ""63582926"")",0.19182389937106917
"=HYPERLINK(""https://stackoverflow.com/a/63597226"", ""63597226"")",0.5190476190476191
"=HYPERLINK(""https://stackoverflow.com/a/63673578"", ""63673578"")",0.6601941747572815
"=HYPERLINK(""https://stackoverflow.com/a/63690486"", ""63690486"")",0.45238095238095244
"=HYPERLINK(""https://stackoverflow.com/a/63820436"", ""63820436"")",0.3309265944645006
"=HYPERLINK(""https://stackoverflow.com/a/63886721"", ""63886721"")",0.3802083333333333
"=HYPERLINK(""https://stackoverflow.com/a/63920220"", ""63920220"")",0.10256410256410257
"=HYPERLINK(""https://stackoverflow.com/a/64156815"", ""64156815"")",0.3273092369477912
"=HYPERLINK(""https://stackoverflow.com/a/64157188"", ""64157188"")",0.3961038961038961
"=HYPERLINK(""https://stackoverflow.com/a/64262356"", ""64262356"")",0.19999999999999993
"=HYPERLINK(""https://stackoverflow.com/a/64359469"", ""64359469"")",0.1538461538461538
"=HYPERLINK(""https://stackoverflow.com/a/64481779"", ""64481779"")",0.14666666666666664
"=HYPERLINK(""https://stackoverflow.com/a/64523514"", ""64523514"")",0.4782608695652174
"=HYPERLINK(""https://stackoverflow.com/a/64527288"", ""64527288"")",0.17948717948717943
"=HYPERLINK(""https://stackoverflow.com/a/64687727"", ""64687727"")",0.42982456140350883
"=HYPERLINK(""https://stackoverflow.com/a/64744223"", ""64744223"")",0.5083333333333334
"=HYPERLINK(""https://stackoverflow.com/a/64779562"", ""64779562"")",0.28
"=HYPERLINK(""https://stackoverflow.com/a/64806445"", ""64806445"")",0.1282051282051282
"=HYPERLINK(""https://stackoverflow.com/a/64936101"", ""64936101"")",0.4142857142857143
"=HYPERLINK(""https://stackoverflow.com/a/64994316"", ""64994316"")",0.22764227642276424
"=HYPERLINK(""https://stackoverflow.com/a/65012021"", ""65012021"")",0.2945736434108528
"=HYPERLINK(""https://stackoverflow.com/a/65032470"", ""65032470"")",0.37457044673539525
"=HYPERLINK(""https://stackoverflow.com/a/65087498"", ""65087498"")",0.3432835820895523
"=HYPERLINK(""https://stackoverflow.com/a/65109031"", ""65109031"")",0.30645161290322576
"=HYPERLINK(""https://stackoverflow.com/a/65149662"", ""65149662"")",0.2688172043010752
"=HYPERLINK(""https://stackoverflow.com/a/65357400"", ""65357400"")",0.44791666666666663
"=HYPERLINK(""https://stackoverflow.com/a/65525729"", ""65525729"")",0.4428571428571429
"=HYPERLINK(""https://stackoverflow.com/a/65557986"", ""65557986"")",0.29670329670329676
"=HYPERLINK(""https://stackoverflow.com/a/65721638"", ""65721638"")",0.41314553990610337
"=HYPERLINK(""https://stackoverflow.com/a/65835703"", ""65835703"")",0.5733333333333335
"=HYPERLINK(""https://stackoverflow.com/a/65883615"", ""65883615"")",0.5376344086021505
"=HYPERLINK(""https://stackoverflow.com/a/65941460"", ""65941460"")",0.26771653543307083
"=HYPERLINK(""https://stackoverflow.com/a/66035378"", ""66035378"")",0.4766666666666667
"=HYPERLINK(""https://stackoverflow.com/a/66071542"", ""66071542"")",0.509090909090909
"=HYPERLINK(""https://stackoverflow.com/a/66098094"", ""66098094"")",0.40350877192982454
"=HYPERLINK(""https://stackoverflow.com/a/66136676"", ""66136676"")",0.2473118279569892
"=HYPERLINK(""https://stackoverflow.com/a/66255389"", ""66255389"")",0.27027027027027023
"=HYPERLINK(""https://stackoverflow.com/a/66416823"", ""66416823"")",0.4086021505376343
"=HYPERLINK(""https://stackoverflow.com/a/66463802"", ""66463802"")",0.4011299435028248
"=HYPERLINK(""https://stackoverflow.com/a/66475351"", ""66475351"")",0.6916666666666668
"=HYPERLINK(""https://stackoverflow.com/a/66621323"", ""66621323"")",0.29824561403508754
"=HYPERLINK(""https://stackoverflow.com/a/66696194"", ""66696194"")",0.17948717948717943
"=HYPERLINK(""https://stackoverflow.com/a/66710387"", ""66710387"")",0.36274509803921573
"=HYPERLINK(""https://stackoverflow.com/a/66743137"", ""66743137"")",0.31675874769797424
"=HYPERLINK(""https://stackoverflow.com/a/66851021"", ""66851021"")",0.46601941747572817
"=HYPERLINK(""https://stackoverflow.com/a/66915200"", ""66915200"")",0.558139534883721
"=HYPERLINK(""https://stackoverflow.com/a/67042391"", ""67042391"")",0.4076923076923078
"=HYPERLINK(""https://stackoverflow.com/a/67086546"", ""67086546"")",0.49333333333333335
"=HYPERLINK(""https://stackoverflow.com/a/67127382"", ""67127382"")",0.34745762711864414
"=HYPERLINK(""https://stackoverflow.com/a/67375742"", ""67375742"")",0.34848484848484845
"=HYPERLINK(""https://stackoverflow.com/a/67420097"", ""67420097"")",0.5913978494623654
"=HYPERLINK(""https://stackoverflow.com/a/67452497"", ""67452497"")",0.375
"=HYPERLINK(""https://stackoverflow.com/a/67479533"", ""67479533"")",0.3536585365853659
"=HYPERLINK(""https://stackoverflow.com/a/67537231"", ""67537231"")",0.6513761467889908
"=HYPERLINK(""https://stackoverflow.com/a/67589199"", ""67589199"")",0.3141486810551559
"=HYPERLINK(""https://stackoverflow.com/a/67619153"", ""67619153"")",0.3913043478260869
"=HYPERLINK(""https://stackoverflow.com/a/67683192"", ""67683192"")",0.35526315789473684
"=HYPERLINK(""https://stackoverflow.com/a/67684496"", ""67684496"")",0.6166666666666667
"=HYPERLINK(""https://stackoverflow.com/a/67698871"", ""67698871"")",0.5971014492753624
"=HYPERLINK(""https://stackoverflow.com/a/67865335"", ""67865335"")",0.49696969696969706
"=HYPERLINK(""https://stackoverflow.com/a/67919224"", ""67919224"")",0.4523809523809525
"=HYPERLINK(""https://stackoverflow.com/a/68117484"", ""68117484"")",0.4503546099290781
"=HYPERLINK(""https://stackoverflow.com/a/68202551"", ""68202551"")",0.40392156862745104
"=HYPERLINK(""https://stackoverflow.com/a/68290120"", ""68290120"")",0.37179487179487186
"=HYPERLINK(""https://stackoverflow.com/a/68374318"", ""68374318"")",0.35087719298245607
"=HYPERLINK(""https://stackoverflow.com/a/68401329"", ""68401329"")",0.38144329896907225
"=HYPERLINK(""https://stackoverflow.com/a/68487405"", ""68487405"")",0.3205128205128206
"=HYPERLINK(""https://stackoverflow.com/a/68580115"", ""68580115"")",0.17543859649122806
"=HYPERLINK(""https://stackoverflow.com/a/68658973"", ""68658973"")",0.4666666666666667
"=HYPERLINK(""https://stackoverflow.com/a/68855304"", ""68855304"")",0.2558139534883721
"=HYPERLINK(""https://stackoverflow.com/a/68876751"", ""68876751"")",0.4170040485829959
"=HYPERLINK(""https://stackoverflow.com/a/68913355"", ""68913355"")",0.37920489296636095
"=HYPERLINK(""https://stackoverflow.com/a/68913959"", ""68913959"")",0.28
"=HYPERLINK(""https://stackoverflow.com/a/69005277"", ""69005277"")",0.38636363636363635
"=HYPERLINK(""https://stackoverflow.com/a/69035694"", ""69035694"")",0.22275641025641033
"=HYPERLINK(""https://stackoverflow.com/a/69044631"", ""69044631"")",0.38461538461538464
"=HYPERLINK(""https://stackoverflow.com/a/69170605"", ""69170605"")",0.2876344086021505
"=HYPERLINK(""https://stackoverflow.com/a/69271109"", ""69271109"")",0.41666666666666674
"=HYPERLINK(""https://stackoverflow.com/a/69522564"", ""69522564"")",0.1705426356589147
"=HYPERLINK(""https://stackoverflow.com/a/69829694"", ""69829694"")",0.26666666666666666
"=HYPERLINK(""https://stackoverflow.com/a/69926386"", ""69926386"")",0.3900709219858155
"=HYPERLINK(""https://stackoverflow.com/a/69927107"", ""69927107"")",0.46666666666666684
"=HYPERLINK(""https://stackoverflow.com/a/69941391"", ""69941391"")",0.47321428571428586
"=HYPERLINK(""https://stackoverflow.com/a/69990198"", ""69990198"")",0.37634408602150543
"=HYPERLINK(""https://stackoverflow.com/a/70006162"", ""70006162"")",0.46413502109704635
"=HYPERLINK(""https://stackoverflow.com/a/70019268"", ""70019268"")",0.42090395480226
"=HYPERLINK(""https://stackoverflow.com/a/70025605"", ""70025605"")",0.3333333333333333
"=HYPERLINK(""https://stackoverflow.com/a/70092932"", ""70092932"")",0.3741496598639455
"=HYPERLINK(""https://stackoverflow.com/a/70102015"", ""70102015"")",0.4868421052631579
"=HYPERLINK(""https://stackoverflow.com/a/70184259"", ""70184259"")",0.49523809523809526
"=HYPERLINK(""https://stackoverflow.com/a/70204038"", ""70204038"")",0.5729166666666666
"=HYPERLINK(""https://stackoverflow.com/a/70250170"", ""70250170"")",0.2807017543859648
"=HYPERLINK(""https://stackoverflow.com/a/70255055"", ""70255055"")",0.23717948717948723
"=HYPERLINK(""https://stackoverflow.com/a/70382233"", ""70382233"")",0.39393939393939387
"=HYPERLINK(""https://stackoverflow.com/a/70437141"", ""70437141"")",0.5604166666666668
"=HYPERLINK(""https://stackoverflow.com/a/70526065"", ""70526065"")",0.325
"=HYPERLINK(""https://stackoverflow.com/a/70627002"", ""70627002"")",0.2736318407960199
"=HYPERLINK(""https://stackoverflow.com/a/70675984"", ""70675984"")",0.3605442176870748
"=HYPERLINK(""https://stackoverflow.com/a/70783199"", ""70783199"")",0.43478260869565216
"=HYPERLINK(""https://stackoverflow.com/a/70784446"", ""70784446"")",0.3066666666666667
"=HYPERLINK(""https://stackoverflow.com/a/70803693"", ""70803693"")",0.3529411764705883
"=HYPERLINK(""https://stackoverflow.com/a/70860992"", ""70860992"")",0.2487804878048781
"=HYPERLINK(""https://stackoverflow.com/a/70874655"", ""70874655"")",0.3470319634703196
"=HYPERLINK(""https://stackoverflow.com/a/70956659"", ""70956659"")",0.45482866043613707
"=HYPERLINK(""https://stackoverflow.com/a/70965602"", ""70965602"")",0.17543859649122803
"=HYPERLINK(""https://stackoverflow.com/a/70983857"", ""70983857"")",0.5019607843137256
"=HYPERLINK(""https://stackoverflow.com/a/71118457"", ""71118457"")",0.36054421768707484
"=HYPERLINK(""https://stackoverflow.com/a/71342802"", ""71342802"")",0.23913043478260873
"=HYPERLINK(""https://stackoverflow.com/a/71362310"", ""71362310"")",0.5107033639143731
"=HYPERLINK(""https://stackoverflow.com/a/71402773"", ""71402773"")",0.2105263157894736
"=HYPERLINK(""https://stackoverflow.com/a/71409206"", ""71409206"")",0.4322916666666667
"=HYPERLINK(""https://stackoverflow.com/a/71410748"", ""71410748"")",0.35064935064935077
"=HYPERLINK(""https://stackoverflow.com/a/71530878"", ""71530878"")",0.2133333333333333
"=HYPERLINK(""https://stackoverflow.com/a/71586272"", ""71586272"")",0.37142857142857144
"=HYPERLINK(""https://stackoverflow.com/a/71612326"", ""71612326"")",0.4383561643835616
"=HYPERLINK(""https://stackoverflow.com/a/71662271"", ""71662271"")",0.3991228070175438
"=HYPERLINK(""https://stackoverflow.com/a/71693135"", ""71693135"")",0.4285714285714287
"=HYPERLINK(""https://stackoverflow.com/a/71718636"", ""71718636"")",0.2631578947368421
"=HYPERLINK(""https://stackoverflow.com/a/71933606"", ""71933606"")",0.24137931034482757
"=HYPERLINK(""https://stackoverflow.com/a/71973994"", ""71973994"")",0.2011661807580175
"=HYPERLINK(""https://stackoverflow.com/a/71984684"", ""71984684"")",0.17647058823529413
"=HYPERLINK(""https://stackoverflow.com/a/72048755"", ""72048755"")",0.5544554455445545
"=HYPERLINK(""https://stackoverflow.com/a/72068142"", ""72068142"")",0.5376344086021505
"=HYPERLINK(""https://stackoverflow.com/a/72076007"", ""72076007"")",0.4010416666666667
"=HYPERLINK(""https://stackoverflow.com/a/72107195"", ""72107195"")",0.3160919540229885
"=HYPERLINK(""https://stackoverflow.com/a/72107244"", ""72107244"")",0.19607843137254902
"=HYPERLINK(""https://stackoverflow.com/a/72211127"", ""72211127"")",0.2568306010928962
"=HYPERLINK(""https://stackoverflow.com/a/72215391"", ""72215391"")",0.125
"=HYPERLINK(""https://stackoverflow.com/a/72234164"", ""72234164"")",0.18749999999999997
"=HYPERLINK(""https://stackoverflow.com/a/72277021"", ""72277021"")",0.3860544217687075
"=HYPERLINK(""https://stackoverflow.com/a/72320189"", ""72320189"")",0.3333333333333334
"=HYPERLINK(""https://stackoverflow.com/a/72349586"", ""72349586"")",0.19166666666666668
"=HYPERLINK(""https://stackoverflow.com/a/72389875"", ""72389875"")",0.4364261168384881
"=HYPERLINK(""https://stackoverflow.com/a/72410891"", ""72410891"")",0.6956521739130435
"=HYPERLINK(""https://stackoverflow.com/a/72411068"", ""72411068"")",0.2864583333333333
"=HYPERLINK(""https://stackoverflow.com/a/72427719"", ""72427719"")",0.2916666666666667
"=HYPERLINK(""https://stackoverflow.com/a/72475643"", ""72475643"")",0.40650406504065034
"=HYPERLINK(""https://stackoverflow.com/a/72492007"", ""72492007"")",0.33333333333333337
