link,Correlation
"=HYPERLINK(""https://stackoverflow.com/q/3096131"", ""3096131"")",0.26005188067444873
"=HYPERLINK(""https://stackoverflow.com/q/4911686"", ""4911686"")",0.38320209973753283
"=HYPERLINK(""https://stackoverflow.com/q/5234936"", ""5234936"")",0.45075757575757575
"=HYPERLINK(""https://stackoverflow.com/q/6302691"", ""6302691"")",0.28374655647382924
"=HYPERLINK(""https://stackoverflow.com/q/8324659"", ""8324659"")",0.4854368932038835
"=HYPERLINK(""https://stackoverflow.com/q/10416219"", ""10416219"")",0.2753623188405797
"=HYPERLINK(""https://stackoverflow.com/q/13047452"", ""13047452"")",0.2359550561797753
"=HYPERLINK(""https://stackoverflow.com/q/13123491"", ""13123491"")",0.2129032258064516
"=HYPERLINK(""https://stackoverflow.com/q/13738581"", ""13738581"")",0.2882882882882883
"=HYPERLINK(""https://stackoverflow.com/q/14001697"", ""14001697"")",0.3106796116504854
"=HYPERLINK(""https://stackoverflow.com/q/14819750"", ""14819750"")",0.2758620689655173
"=HYPERLINK(""https://stackoverflow.com/q/15619583"", ""15619583"")",0.3004866180048662
"=HYPERLINK(""https://stackoverflow.com/q/22154075"", ""22154075"")",0.35772357723577236
"=HYPERLINK(""https://stackoverflow.com/q/23389878"", ""23389878"")",0.23333333333333334
"=HYPERLINK(""https://stackoverflow.com/q/25412086"", ""25412086"")",0.31911532385466035
"=HYPERLINK(""https://stackoverflow.com/q/25634252"", ""25634252"")",0.4410339256865912
"=HYPERLINK(""https://stackoverflow.com/q/27569065"", ""27569065"")",0.3462783171521035
"=HYPERLINK(""https://stackoverflow.com/q/27742281"", ""27742281"")",0.42708333333333337
"=HYPERLINK(""https://stackoverflow.com/q/27841198"", ""27841198"")",0.35714285714285726
"=HYPERLINK(""https://stackoverflow.com/q/28186144"", ""28186144"")",0.5057471264367817
"=HYPERLINK(""https://stackoverflow.com/q/29149326"", ""29149326"")",0.30476190476190484
"=HYPERLINK(""https://stackoverflow.com/q/29369746"", ""29369746"")",0.2191528545119706
"=HYPERLINK(""https://stackoverflow.com/q/30633007"", ""30633007"")",0.3693693693693694
"=HYPERLINK(""https://stackoverflow.com/q/30859824"", ""30859824"")",0.2578947368421053
"=HYPERLINK(""https://stackoverflow.com/q/31172775"", ""31172775"")",0.5673289183222958
"=HYPERLINK(""https://stackoverflow.com/q/31283953"", ""31283953"")",0.4553191489361702
"=HYPERLINK(""https://stackoverflow.com/q/31863977"", ""31863977"")",0.3443223443223444
"=HYPERLINK(""https://stackoverflow.com/q/32368331"", ""32368331"")",0.4596491228070176
"=HYPERLINK(""https://stackoverflow.com/q/32434805"", ""32434805"")",0.3693045563549161
"=HYPERLINK(""https://stackoverflow.com/q/32764021"", ""32764021"")",0.3962264150943396
"=HYPERLINK(""https://stackoverflow.com/q/33422795"", ""33422795"")",0.5099999999999999
"=HYPERLINK(""https://stackoverflow.com/q/33439768"", ""33439768"")",0.4053030303030302
"=HYPERLINK(""https://stackoverflow.com/q/33442536"", ""33442536"")",0.34972677595628415
"=HYPERLINK(""https://stackoverflow.com/q/33925864"", ""33925864"")",0.2806324110671937
"=HYPERLINK(""https://stackoverflow.com/q/34335483"", ""34335483"")",0.35576923076923084
"=HYPERLINK(""https://stackoverflow.com/q/34699443"", ""34699443"")",0.5092024539877301
"=HYPERLINK(""https://stackoverflow.com/q/35562896"", ""35562896"")",0.33021806853582564
"=HYPERLINK(""https://stackoverflow.com/q/35599743"", ""35599743"")",0.3727735368956742
"=HYPERLINK(""https://stackoverflow.com/q/35870839"", ""35870839"")",0.2967479674796748
"=HYPERLINK(""https://stackoverflow.com/q/36192374"", ""36192374"")",0.38069544364508395
"=HYPERLINK(""https://stackoverflow.com/q/36267304"", ""36267304"")",0.3573141486810552
"=HYPERLINK(""https://stackoverflow.com/q/36483153"", ""36483153"")",0.39516129032258074
"=HYPERLINK(""https://stackoverflow.com/q/36811862"", ""36811862"")",0.2747252747252748
"=HYPERLINK(""https://stackoverflow.com/q/36919095"", ""36919095"")",0.43468468468468463
"=HYPERLINK(""https://stackoverflow.com/q/37191043"", ""37191043"")",0.3009523809523809
"=HYPERLINK(""https://stackoverflow.com/q/37210500"", ""37210500"")",0.3532338308457712
"=HYPERLINK(""https://stackoverflow.com/q/37947524"", ""37947524"")",0.3724137931034483
"=HYPERLINK(""https://stackoverflow.com/q/38135557"", ""38135557"")",0.5575757575757576
"=HYPERLINK(""https://stackoverflow.com/q/38313010"", ""38313010"")",0.532008830022075
"=HYPERLINK(""https://stackoverflow.com/q/38335068"", ""38335068"")",0.43220338983050854
"=HYPERLINK(""https://stackoverflow.com/q/38505336"", ""38505336"")",0.29195402298850587
"=HYPERLINK(""https://stackoverflow.com/q/38564708"", ""38564708"")",0.5264367816091954
"=HYPERLINK(""https://stackoverflow.com/q/39941622"", ""39941622"")",0.30792227204783257
"=HYPERLINK(""https://stackoverflow.com/q/40157468"", ""40157468"")",0.2985507246376811
"=HYPERLINK(""https://stackoverflow.com/q/40184473"", ""40184473"")",0.2528735632183908
"=HYPERLINK(""https://stackoverflow.com/q/40227519"", ""40227519"")",0.3228346456692913
"=HYPERLINK(""https://stackoverflow.com/q/41693411"", ""41693411"")",0.5238095238095238
"=HYPERLINK(""https://stackoverflow.com/q/41788232"", ""41788232"")",0.4252873563218391
"=HYPERLINK(""https://stackoverflow.com/q/42446046"", ""42446046"")",0.3755274261603376
"=HYPERLINK(""https://stackoverflow.com/q/43103022"", ""43103022"")",0.42176870748299317
"=HYPERLINK(""https://stackoverflow.com/q/43726877"", ""43726877"")",0.4107981220657278
"=HYPERLINK(""https://stackoverflow.com/q/43741958"", ""43741958"")",0.5670289855072462
"=HYPERLINK(""https://stackoverflow.com/q/43877962"", ""43877962"")",0.40392156862745104
"=HYPERLINK(""https://stackoverflow.com/q/43879388"", ""43879388"")",0.41666666666666674
"=HYPERLINK(""https://stackoverflow.com/q/44236078"", ""44236078"")",0.5105485232067511
"=HYPERLINK(""https://stackoverflow.com/q/44268964"", ""44268964"")",0.47058823529411764
"=HYPERLINK(""https://stackoverflow.com/q/44315642"", ""44315642"")",0.23333333333333334
"=HYPERLINK(""https://stackoverflow.com/q/45258952"", ""45258952"")",0.4487179487179488
"=HYPERLINK(""https://stackoverflow.com/q/45480442"", ""45480442"")",0.4
"=HYPERLINK(""https://stackoverflow.com/q/45530189"", ""45530189"")",0.2686567164179105
"=HYPERLINK(""https://stackoverflow.com/q/45576092"", ""45576092"")",0.3002915451895043
"=HYPERLINK(""https://stackoverflow.com/q/45634616"", ""45634616"")",0.36054421768707495
"=HYPERLINK(""https://stackoverflow.com/q/45837493"", ""45837493"")",0.4649122807017544
"=HYPERLINK(""https://stackoverflow.com/q/45948642"", ""45948642"")",0.41942604856512145
"=HYPERLINK(""https://stackoverflow.com/q/46025161"", ""46025161"")",0.34276729559748426
"=HYPERLINK(""https://stackoverflow.com/q/46937314"", ""46937314"")",0.2463768115942029
"=HYPERLINK(""https://stackoverflow.com/q/47847736"", ""47847736"")",0.43181818181818177
"=HYPERLINK(""https://stackoverflow.com/q/47904508"", ""47904508"")",0.29896907216494856
"=HYPERLINK(""https://stackoverflow.com/q/47984428"", ""47984428"")",0.38785046728971956
"=HYPERLINK(""https://stackoverflow.com/q/48011862"", ""48011862"")",0.42819499341238476
"=HYPERLINK(""https://stackoverflow.com/q/48094985"", ""48094985"")",0.46919431279620843
"=HYPERLINK(""https://stackoverflow.com/q/48097646"", ""48097646"")",0.25516224188790565
"=HYPERLINK(""https://stackoverflow.com/q/48833097"", ""48833097"")",0.32941176470588235
"=HYPERLINK(""https://stackoverflow.com/q/49467713"", ""49467713"")",0.5693069306930693
"=HYPERLINK(""https://stackoverflow.com/q/49501096"", ""49501096"")",0.2642487046632125
"=HYPERLINK(""https://stackoverflow.com/q/49508870"", ""49508870"")",0.43636363636363634
"=HYPERLINK(""https://stackoverflow.com/q/49716815"", ""49716815"")",0.21788617886178868
"=HYPERLINK(""https://stackoverflow.com/q/50162700"", ""50162700"")",0.372168284789644
"=HYPERLINK(""https://stackoverflow.com/q/50162987"", ""50162987"")",0.48743718592964824
"=HYPERLINK(""https://stackoverflow.com/q/50447863"", ""50447863"")",0.3466933867735471
"=HYPERLINK(""https://stackoverflow.com/q/50870166"", ""50870166"")",0.2960199004975124
"=HYPERLINK(""https://stackoverflow.com/q/50872338"", ""50872338"")",0.23214285714285718
"=HYPERLINK(""https://stackoverflow.com/q/51084343"", ""51084343"")",0.3659420289855072
"=HYPERLINK(""https://stackoverflow.com/q/51288629"", ""51288629"")",0.25641025641025644
"=HYPERLINK(""https://stackoverflow.com/q/52030499"", ""52030499"")",0.5678610206297502
"=HYPERLINK(""https://stackoverflow.com/q/52110839"", ""52110839"")",0.3581267217630854
"=HYPERLINK(""https://stackoverflow.com/q/52181839"", ""52181839"")",0.3759398496240602
"=HYPERLINK(""https://stackoverflow.com/q/52305760"", ""52305760"")",0.6509186351706037
"=HYPERLINK(""https://stackoverflow.com/q/52317237"", ""52317237"")",0.315955766192733
"=HYPERLINK(""https://stackoverflow.com/q/52521844"", ""52521844"")",0.3527508090614887
"=HYPERLINK(""https://stackoverflow.com/q/52706456"", ""52706456"")",0.42384105960264906
"=HYPERLINK(""https://stackoverflow.com/q/52839361"", ""52839361"")",0.3310961968680088
"=HYPERLINK(""https://stackoverflow.com/q/53057067"", ""53057067"")",0.5045045045045045
"=HYPERLINK(""https://stackoverflow.com/q/53202776"", ""53202776"")",0.4894514767932491
"=HYPERLINK(""https://stackoverflow.com/q/53217878"", ""53217878"")",0.4928909952606635
"=HYPERLINK(""https://stackoverflow.com/q/53862456"", ""53862456"")",0.23206751054852326
"=HYPERLINK(""https://stackoverflow.com/q/54129766"", ""54129766"")",0.36489151873767256
"=HYPERLINK(""https://stackoverflow.com/q/54223663"", ""54223663"")",0.7165354330708661
"=HYPERLINK(""https://stackoverflow.com/q/54287231"", ""54287231"")",0.5015576323987538
"=HYPERLINK(""https://stackoverflow.com/q/54438185"", ""54438185"")",0.3980099502487563
"=HYPERLINK(""https://stackoverflow.com/q/54487534"", ""54487534"")",0.4746136865342163
"=HYPERLINK(""https://stackoverflow.com/q/54669400"", ""54669400"")",0.37229437229437234
"=HYPERLINK(""https://stackoverflow.com/q/54755451"", ""54755451"")",0.3525641025641026
"=HYPERLINK(""https://stackoverflow.com/q/54910861"", ""54910861"")",0.4427284427284428
"=HYPERLINK(""https://stackoverflow.com/q/54947194"", ""54947194"")",0.4053156146179402
"=HYPERLINK(""https://stackoverflow.com/q/54975034"", ""54975034"")",0.2756892230576441
"=HYPERLINK(""https://stackoverflow.com/q/55690141"", ""55690141"")",0.28354978354978366
"=HYPERLINK(""https://stackoverflow.com/q/55884641"", ""55884641"")",0.549645390070922
"=HYPERLINK(""https://stackoverflow.com/q/55998189"", ""55998189"")",0.25128205128205133
"=HYPERLINK(""https://stackoverflow.com/q/56086214"", ""56086214"")",0.45490196078431383
"=HYPERLINK(""https://stackoverflow.com/q/56706527"", ""56706527"")",0.4219653179190751
"=HYPERLINK(""https://stackoverflow.com/q/56763772"", ""56763772"")",0.23529411764705882
"=HYPERLINK(""https://stackoverflow.com/q/56938579"", ""56938579"")",0.33049645390070925
"=HYPERLINK(""https://stackoverflow.com/q/57054077"", ""57054077"")",0.3488372093023256
"=HYPERLINK(""https://stackoverflow.com/q/57119969"", ""57119969"")",0.43645083932853723
"=HYPERLINK(""https://stackoverflow.com/q/57466903"", ""57466903"")",0.4497991967871486
"=HYPERLINK(""https://stackoverflow.com/q/57483440"", ""57483440"")",0.3833333333333334
"=HYPERLINK(""https://stackoverflow.com/q/57526707"", ""57526707"")",0.27796234772978967
"=HYPERLINK(""https://stackoverflow.com/q/58018893"", ""58018893"")",0.3623188405797101
"=HYPERLINK(""https://stackoverflow.com/q/58293193"", ""58293193"")",0.2750373692077728
"=HYPERLINK(""https://stackoverflow.com/q/58572657"", ""58572657"")",0.24094202898550726
"=HYPERLINK(""https://stackoverflow.com/q/58715074"", ""58715074"")",0.2842215256008359
"=HYPERLINK(""https://stackoverflow.com/q/58753413"", ""58753413"")",0.3608815426997246
"=HYPERLINK(""https://stackoverflow.com/q/59033824"", ""59033824"")",0.436046511627907
"=HYPERLINK(""https://stackoverflow.com/q/59297755"", ""59297755"")",0.18125960061443935
"=HYPERLINK(""https://stackoverflow.com/q/59328925"", ""59328925"")",0.26366120218579225
"=HYPERLINK(""https://stackoverflow.com/q/59492635"", ""59492635"")",0.36150234741784043
"=HYPERLINK(""https://stackoverflow.com/q/59649072"", ""59649072"")",0.4025717111770524
"=HYPERLINK(""https://stackoverflow.com/q/59812521"", ""59812521"")",0.3014861995753716
"=HYPERLINK(""https://stackoverflow.com/q/60046449"", ""60046449"")",0.5647058823529412
"=HYPERLINK(""https://stackoverflow.com/q/60304923"", ""60304923"")",0.36910569105691055
"=HYPERLINK(""https://stackoverflow.com/q/60339842"", ""60339842"")",0.5886524822695035
"=HYPERLINK(""https://stackoverflow.com/q/60469223"", ""60469223"")",0.24159021406727832
"=HYPERLINK(""https://stackoverflow.com/q/60554471"", ""60554471"")",0.3661971830985916
"=HYPERLINK(""https://stackoverflow.com/q/60667920"", ""60667920"")",0.6820512820512822
"=HYPERLINK(""https://stackoverflow.com/q/60742991"", ""60742991"")",0.4315476190476191
"=HYPERLINK(""https://stackoverflow.com/q/60839279"", ""60839279"")",0.2753623188405797
"=HYPERLINK(""https://stackoverflow.com/q/61510439"", ""61510439"")",0.28
"=HYPERLINK(""https://stackoverflow.com/q/61586328"", ""61586328"")",0.2918825561312608
"=HYPERLINK(""https://stackoverflow.com/q/61722372"", ""61722372"")",0.2596006144393242
"=HYPERLINK(""https://stackoverflow.com/q/62151473"", ""62151473"")",0.2694704049844237
"=HYPERLINK(""https://stackoverflow.com/q/62170192"", ""62170192"")",0.3211009174311926
"=HYPERLINK(""https://stackoverflow.com/q/62188204"", ""62188204"")",0.3559870550161812
"=HYPERLINK(""https://stackoverflow.com/q/62201814"", ""62201814"")",0.33823529411764713
"=HYPERLINK(""https://stackoverflow.com/q/62222912"", ""62222912"")",0.30282485875706205
"=HYPERLINK(""https://stackoverflow.com/q/62309772"", ""62309772"")",0.4657534246575342
"=HYPERLINK(""https://stackoverflow.com/q/62506409"", ""62506409"")",0.32051282051282054
"=HYPERLINK(""https://stackoverflow.com/q/62673468"", ""62673468"")",0.35423197492163006
"=HYPERLINK(""https://stackoverflow.com/q/62736562"", ""62736562"")",0.24933333333333335
"=HYPERLINK(""https://stackoverflow.com/q/63099865"", ""63099865"")",0.3333333333333335
"=HYPERLINK(""https://stackoverflow.com/q/63138291"", ""63138291"")",0.26754385964912275
"=HYPERLINK(""https://stackoverflow.com/q/63371534"", ""63371534"")",0.36666666666666675
"=HYPERLINK(""https://stackoverflow.com/q/63399806"", ""63399806"")",0.35323383084577115
"=HYPERLINK(""https://stackoverflow.com/q/63451567"", ""63451567"")",0.3064516129032258
"=HYPERLINK(""https://stackoverflow.com/q/63827706"", ""63827706"")",0.4091954022988506
"=HYPERLINK(""https://stackoverflow.com/q/64147902"", ""64147902"")",0.6036745406824147
"=HYPERLINK(""https://stackoverflow.com/q/64159072"", ""64159072"")",0.35598705501618133
"=HYPERLINK(""https://stackoverflow.com/q/64247245"", ""64247245"")",0.5721393034825871
"=HYPERLINK(""https://stackoverflow.com/q/64282238"", ""64282238"")",0.2344322344322345
"=HYPERLINK(""https://stackoverflow.com/q/64756465"", ""64756465"")",0.3001007049345417
"=HYPERLINK(""https://stackoverflow.com/q/65191030"", ""65191030"")",0.23438280859570215
"=HYPERLINK(""https://stackoverflow.com/q/65410259"", ""65410259"")",0.4124700239808153
"=HYPERLINK(""https://stackoverflow.com/q/65512435"", ""65512435"")",0.45474613686534227
"=HYPERLINK(""https://stackoverflow.com/q/65684187"", ""65684187"")",0.3287671232876712
"=HYPERLINK(""https://stackoverflow.com/q/65766697"", ""65766697"")",0.4242424242424242
"=HYPERLINK(""https://stackoverflow.com/q/66393201"", ""66393201"")",0.41291810841983845
"=HYPERLINK(""https://stackoverflow.com/q/66404547"", ""66404547"")",0.39933993399339934
"=HYPERLINK(""https://stackoverflow.com/q/66817781"", ""66817781"")",0.3775438596491228
"=HYPERLINK(""https://stackoverflow.com/q/66888622"", ""66888622"")",0.3420289855072465
"=HYPERLINK(""https://stackoverflow.com/q/67065023"", ""67065023"")",0.27272727272727276
"=HYPERLINK(""https://stackoverflow.com/q/67099116"", ""67099116"")",0.384180790960452
"=HYPERLINK(""https://stackoverflow.com/q/67231334"", ""67231334"")",0.2720478325859491
"=HYPERLINK(""https://stackoverflow.com/q/67376720"", ""67376720"")",0.2837370242214533
"=HYPERLINK(""https://stackoverflow.com/q/67559435"", ""67559435"")",0.41620626151012896
"=HYPERLINK(""https://stackoverflow.com/q/68152594"", ""68152594"")",0.6348484848484849
"=HYPERLINK(""https://stackoverflow.com/q/68210190"", ""68210190"")",0.29191321499013806
"=HYPERLINK(""https://stackoverflow.com/q/68238053"", ""68238053"")",0.28553459119496855
"=HYPERLINK(""https://stackoverflow.com/q/68241601"", ""68241601"")",0.3088235294117648
"=HYPERLINK(""https://stackoverflow.com/q/68564943"", ""68564943"")",0.22395833333333337
"=HYPERLINK(""https://stackoverflow.com/q/68603026"", ""68603026"")",0.45864661654135347
"=HYPERLINK(""https://stackoverflow.com/q/68785596"", ""68785596"")",0.31372549019607837
"=HYPERLINK(""https://stackoverflow.com/q/68888281"", ""68888281"")",0.3236245954692556
"=HYPERLINK(""https://stackoverflow.com/q/68978891"", ""68978891"")",0.2935323383084577
"=HYPERLINK(""https://stackoverflow.com/q/69000752"", ""69000752"")",0.33656957928802583
"=HYPERLINK(""https://stackoverflow.com/q/69003849"", ""69003849"")",0.47503373819163297
"=HYPERLINK(""https://stackoverflow.com/q/69167374"", ""69167374"")",0.3553719008264463
"=HYPERLINK(""https://stackoverflow.com/q/69322312"", ""69322312"")",0.3098201936376211
"=HYPERLINK(""https://stackoverflow.com/q/69473829"", ""69473829"")",0.32435129740518964
"=HYPERLINK(""https://stackoverflow.com/q/69543552"", ""69543552"")",0.40789473684210525
"=HYPERLINK(""https://stackoverflow.com/q/69575308"", ""69575308"")",0.2938856015779093
"=HYPERLINK(""https://stackoverflow.com/q/69659260"", ""69659260"")",0.30242825607064017
"=HYPERLINK(""https://stackoverflow.com/q/69741581"", ""69741581"")",0.3859649122807016
"=HYPERLINK(""https://stackoverflow.com/q/70191668"", ""70191668"")",0.3826429980276134
"=HYPERLINK(""https://stackoverflow.com/q/70195933"", ""70195933"")",0.33789954337899547
"=HYPERLINK(""https://stackoverflow.com/q/70202905"", ""70202905"")",0.3231083844580777
"=HYPERLINK(""https://stackoverflow.com/q/70349443"", ""70349443"")",0.45890410958904104
"=HYPERLINK(""https://stackoverflow.com/q/70380861"", ""70380861"")",0.308300395256917
"=HYPERLINK(""https://stackoverflow.com/q/70464072"", ""70464072"")",0.38
"=HYPERLINK(""https://stackoverflow.com/q/70599300"", ""70599300"")",0.22720478325859492
"=HYPERLINK(""https://stackoverflow.com/q/70731956"", ""70731956"")",0.32712215320910976
"=HYPERLINK(""https://stackoverflow.com/q/70833499"", ""70833499"")",0.2227979274611399
"=HYPERLINK(""https://stackoverflow.com/q/71038823"", ""71038823"")",0.371584699453552
"=HYPERLINK(""https://stackoverflow.com/q/71053554"", ""71053554"")",0.24865280985373361
"=HYPERLINK(""https://stackoverflow.com/q/71076952"", ""71076952"")",0.32704402515723274
"=HYPERLINK(""https://stackoverflow.com/q/71153838"", ""71153838"")",0.2990196078431373
"=HYPERLINK(""https://stackoverflow.com/q/71169178"", ""71169178"")",0.2967032967032967
"=HYPERLINK(""https://stackoverflow.com/q/71346372"", ""71346372"")",0.42355889724310775
"=HYPERLINK(""https://stackoverflow.com/q/71351821"", ""71351821"")",0.35135135135135137
"=HYPERLINK(""https://stackoverflow.com/q/71708046"", ""71708046"")",0.5274261603375527
"=HYPERLINK(""https://stackoverflow.com/q/71777914"", ""71777914"")",0.28623188405797106
"=HYPERLINK(""https://stackoverflow.com/q/71802097"", ""71802097"")",0.44397163120567373
"=HYPERLINK(""https://stackoverflow.com/q/71959035"", ""71959035"")",0.43768115942028996
"=HYPERLINK(""https://stackoverflow.com/q/71962260"", ""71962260"")",0.3488612836438923
"=HYPERLINK(""https://stackoverflow.com/q/72054242"", ""72054242"")",0.26553672316384186
"=HYPERLINK(""https://stackoverflow.com/q/72073763"", ""72073763"")",0.38392857142857145
"=HYPERLINK(""https://stackoverflow.com/q/72098968"", ""72098968"")",0.32150776053215074
"=HYPERLINK(""https://stackoverflow.com/q/72103000"", ""72103000"")",0.301521438450899
"=HYPERLINK(""https://stackoverflow.com/q/72115056"", ""72115056"")",0.31615120274914094
"=HYPERLINK(""https://stackoverflow.com/q/72128454"", ""72128454"")",0.2625
"=HYPERLINK(""https://stackoverflow.com/q/72300188"", ""72300188"")",0.3546099290780142
"=HYPERLINK(""https://stackoverflow.com/q/72378157"", ""72378157"")",0.2857142857142858
"=HYPERLINK(""https://stackoverflow.com/q/72385022"", ""72385022"")",0.4236947791164659
"=HYPERLINK(""https://stackoverflow.com/q/72408785"", ""72408785"")",0.3673469387755102
"=HYPERLINK(""https://stackoverflow.com/q/72476599"", ""72476599"")",0.3205128205128205
