link,Correlation
"=HYPERLINK(""https://stackoverflow.com/a/21953873"", ""21953873"")",0.30240549828178703
"=HYPERLINK(""https://stackoverflow.com/a/24175492"", ""24175492"")",0.35833333333333345
"=HYPERLINK(""https://stackoverflow.com/a/25549531"", ""25549531"")",0.5047619047619049
"=HYPERLINK(""https://stackoverflow.com/a/25675336"", ""25675336"")",0.28099173553719015
"=HYPERLINK(""https://stackoverflow.com/a/28706941"", ""28706941"")",0.44342507645259926
"=HYPERLINK(""https://stackoverflow.com/a/32465554"", ""32465554"")",0.372093023255814
"=HYPERLINK(""https://stackoverflow.com/a/34208081"", ""34208081"")",0.5406824146981627
"=HYPERLINK(""https://stackoverflow.com/a/34341959"", ""34341959"")",0.7287356321839079
"=HYPERLINK(""https://stackoverflow.com/a/35020997"", ""35020997"")",0.39340400471142517
"=HYPERLINK(""https://stackoverflow.com/a/35237286"", ""35237286"")",0.4047619047619048
"=HYPERLINK(""https://stackoverflow.com/a/35279653"", ""35279653"")",0.6171428571428571
"=HYPERLINK(""https://stackoverflow.com/a/35983684"", ""35983684"")",0.23589743589743592
"=HYPERLINK(""https://stackoverflow.com/a/37334625"", ""37334625"")",0.2344827586206896
"=HYPERLINK(""https://stackoverflow.com/a/37448421"", ""37448421"")",0.20765027322404372
"=HYPERLINK(""https://stackoverflow.com/a/38089670"", ""38089670"")",0.4375000000000001
"=HYPERLINK(""https://stackoverflow.com/a/38399481"", ""38399481"")",0.3560606060606061
"=HYPERLINK(""https://stackoverflow.com/a/39549658"", ""39549658"")",0.337519623233909
"=HYPERLINK(""https://stackoverflow.com/a/39944927"", ""39944927"")",0.4633699633699635
"=HYPERLINK(""https://stackoverflow.com/a/40845482"", ""40845482"")",0.459349593495935
"=HYPERLINK(""https://stackoverflow.com/a/41239636"", ""41239636"")",0.4514767932489452
"=HYPERLINK(""https://stackoverflow.com/a/41643581"", ""41643581"")",0.565947242206235
"=HYPERLINK(""https://stackoverflow.com/a/43444826"", ""43444826"")",0.46292446292446293
"=HYPERLINK(""https://stackoverflow.com/a/43667021"", ""43667021"")",0.125
"=HYPERLINK(""https://stackoverflow.com/a/43688522"", ""43688522"")",0.34642032332563516
"=HYPERLINK(""https://stackoverflow.com/a/43787106"", ""43787106"")",0.327683615819209
"=HYPERLINK(""https://stackoverflow.com/a/43877562"", ""43877562"")",0.5273631840796021
"=HYPERLINK(""https://stackoverflow.com/a/44286883"", ""44286883"")",0.47058823529411786
"=HYPERLINK(""https://stackoverflow.com/a/44550936"", ""44550936"")",0.20734908136482938
"=HYPERLINK(""https://stackoverflow.com/a/45193530"", ""45193530"")",0.26315789473684204
"=HYPERLINK(""https://stackoverflow.com/a/45338148"", ""45338148"")",0.5283842794759824
"=HYPERLINK(""https://stackoverflow.com/a/45450912"", ""45450912"")",0.24
"=HYPERLINK(""https://stackoverflow.com/a/45496049"", ""45496049"")",0.7066052227342551
"=HYPERLINK(""https://stackoverflow.com/a/45933887"", ""45933887"")",0.39743589743589747
"=HYPERLINK(""https://stackoverflow.com/a/45977094"", ""45977094"")",0.5463228271251195
"=HYPERLINK(""https://stackoverflow.com/a/46057980"", ""46057980"")",0.7487179487179488
"=HYPERLINK(""https://stackoverflow.com/a/46112580"", ""46112580"")",0.4310344827586207
"=HYPERLINK(""https://stackoverflow.com/a/46355344"", ""46355344"")",0.4313725490196079
"=HYPERLINK(""https://stackoverflow.com/a/46555914"", ""46555914"")",0.3757575757575758
"=HYPERLINK(""https://stackoverflow.com/a/47106939"", ""47106939"")",0.3696682464454976
"=HYPERLINK(""https://stackoverflow.com/a/47201623"", ""47201623"")",0.575968992248062
"=HYPERLINK(""https://stackoverflow.com/a/47518752"", ""47518752"")",0.39821882951653936
"=HYPERLINK(""https://stackoverflow.com/a/47879940"", ""47879940"")",0.6069651741293535
"=HYPERLINK(""https://stackoverflow.com/a/47895493"", ""47895493"")",0.3666666666666667
"=HYPERLINK(""https://stackoverflow.com/a/48191066"", ""48191066"")",0.38095238095238093
"=HYPERLINK(""https://stackoverflow.com/a/48603753"", ""48603753"")",0.42434210526315796
"=HYPERLINK(""https://stackoverflow.com/a/49510911"", ""49510911"")",0.5056497175141245
"=HYPERLINK(""https://stackoverflow.com/a/50030391"", ""50030391"")",0.2826086956521739
"=HYPERLINK(""https://stackoverflow.com/a/50166136"", ""50166136"")",0.4328358208955224
"=HYPERLINK(""https://stackoverflow.com/a/50413344"", ""50413344"")",0.5736434108527132
"=HYPERLINK(""https://stackoverflow.com/a/50739411"", ""50739411"")",0.5866666666666668
"=HYPERLINK(""https://stackoverflow.com/a/50820886"", ""50820886"")",0.5394736842105262
"=HYPERLINK(""https://stackoverflow.com/a/51600441"", ""51600441"")",0.24102564102564106
"=HYPERLINK(""https://stackoverflow.com/a/51712102"", ""51712102"")",0.2371794871794872
"=HYPERLINK(""https://stackoverflow.com/a/51863436"", ""51863436"")",0.6510416666666669
"=HYPERLINK(""https://stackoverflow.com/a/51864105"", ""51864105"")",0.44835680751173723
"=HYPERLINK(""https://stackoverflow.com/a/52396607"", ""52396607"")",0.449404761904762
"=HYPERLINK(""https://stackoverflow.com/a/52823515"", ""52823515"")",0.3836477987421384
"=HYPERLINK(""https://stackoverflow.com/a/52881456"", ""52881456"")",0.14035087719298245
"=HYPERLINK(""https://stackoverflow.com/a/53085034"", ""53085034"")",0.5151515151515152
"=HYPERLINK(""https://stackoverflow.com/a/53099800"", ""53099800"")",0.6994535519125683
"=HYPERLINK(""https://stackoverflow.com/a/53294254"", ""53294254"")",0.49019607843137264
"=HYPERLINK(""https://stackoverflow.com/a/53717457"", ""53717457"")",0.4651162790697675
"=HYPERLINK(""https://stackoverflow.com/a/53733743"", ""53733743"")",0.5538461538461539
"=HYPERLINK(""https://stackoverflow.com/a/53847753"", ""53847753"")",0.3164556962025316
"=HYPERLINK(""https://stackoverflow.com/a/54034372"", ""54034372"")",0.6597938144329898
"=HYPERLINK(""https://stackoverflow.com/a/54041816"", ""54041816"")",0.3780369290573372
"=HYPERLINK(""https://stackoverflow.com/a/54261434"", ""54261434"")",0.41287878787878785
"=HYPERLINK(""https://stackoverflow.com/a/54324717"", ""54324717"")",0.2678571428571429
"=HYPERLINK(""https://stackoverflow.com/a/54467283"", ""54467283"")",0.30386740331491724
"=HYPERLINK(""https://stackoverflow.com/a/54483249"", ""54483249"")",0.25581395348837216
"=HYPERLINK(""https://stackoverflow.com/a/54674413"", ""54674413"")",0.52734375
"=HYPERLINK(""https://stackoverflow.com/a/54686680"", ""54686680"")",0.27094474153297693
"=HYPERLINK(""https://stackoverflow.com/a/54687170"", ""54687170"")",0.25114155251141546
"=HYPERLINK(""https://stackoverflow.com/a/54983229"", ""54983229"")",0.4731182795698924
"=HYPERLINK(""https://stackoverflow.com/a/55105707"", ""55105707"")",0.3529411764705883
"=HYPERLINK(""https://stackoverflow.com/a/55110309"", ""55110309"")",0.24896265560165975
"=HYPERLINK(""https://stackoverflow.com/a/55251437"", ""55251437"")",0.3793103448275862
"=HYPERLINK(""https://stackoverflow.com/a/55461578"", ""55461578"")",0.33702337023370227
"=HYPERLINK(""https://stackoverflow.com/a/55498254"", ""55498254"")",0.5053763440860216
"=HYPERLINK(""https://stackoverflow.com/a/55673943"", ""55673943"")",0.1568627450980392
"=HYPERLINK(""https://stackoverflow.com/a/55788136"", ""55788136"")",0.5706214689265539
"=HYPERLINK(""https://stackoverflow.com/a/55857185"", ""55857185"")",0.4408602150537635
"=HYPERLINK(""https://stackoverflow.com/a/55940836"", ""55940836"")",0.3565217391304349
"=HYPERLINK(""https://stackoverflow.com/a/56400590"", ""56400590"")",0.30915371329879104
"=HYPERLINK(""https://stackoverflow.com/a/56791381"", ""56791381"")",0.4736842105263158
"=HYPERLINK(""https://stackoverflow.com/a/57202067"", ""57202067"")",0.35443037974683544
"=HYPERLINK(""https://stackoverflow.com/a/57211994"", ""57211994"")",0.36036036036036034
"=HYPERLINK(""https://stackoverflow.com/a/57353082"", ""57353082"")",0.4795918367346939
"=HYPERLINK(""https://stackoverflow.com/a/57484874"", ""57484874"")",0.3967280163599183
"=HYPERLINK(""https://stackoverflow.com/a/57643650"", ""57643650"")",0.28155339805825247
"=HYPERLINK(""https://stackoverflow.com/a/57778286"", ""57778286"")",0.19166666666666668
"=HYPERLINK(""https://stackoverflow.com/a/57778839"", ""57778839"")",0.4195402298850575
"=HYPERLINK(""https://stackoverflow.com/a/57814156"", ""57814156"")",0.32506887052341604
"=HYPERLINK(""https://stackoverflow.com/a/57911797"", ""57911797"")",0.4114583333333333
"=HYPERLINK(""https://stackoverflow.com/a/57920151"", ""57920151"")",0.26153846153846155
"=HYPERLINK(""https://stackoverflow.com/a/58081888"", ""58081888"")",0.4186046511627907
"=HYPERLINK(""https://stackoverflow.com/a/58102579"", ""58102579"")",0.2272727272727272
"=HYPERLINK(""https://stackoverflow.com/a/58696115"", ""58696115"")",0.24137931034482757
"=HYPERLINK(""https://stackoverflow.com/a/58756308"", ""58756308"")",0.4685534591194969
"=HYPERLINK(""https://stackoverflow.com/a/58842224"", ""58842224"")",0.3496821071752951
"=HYPERLINK(""https://stackoverflow.com/a/58920521"", ""58920521"")",0.3605442176870748
"=HYPERLINK(""https://stackoverflow.com/a/59454463"", ""59454463"")",0.49641873278236925
"=HYPERLINK(""https://stackoverflow.com/a/59563158"", ""59563158"")",0.5902503293807642
"=HYPERLINK(""https://stackoverflow.com/a/59564648"", ""59564648"")",0.2659574468085106
"=HYPERLINK(""https://stackoverflow.com/a/59658693"", ""59658693"")",0.32552083333333337
"=HYPERLINK(""https://stackoverflow.com/a/59672893"", ""59672893"")",0.22784810126582275
"=HYPERLINK(""https://stackoverflow.com/a/59777366"", ""59777366"")",0.33887043189368776
"=HYPERLINK(""https://stackoverflow.com/a/59908752"", ""59908752"")",0.4842931937172775
"=HYPERLINK(""https://stackoverflow.com/a/60266473"", ""60266473"")",0.3848039215686275
"=HYPERLINK(""https://stackoverflow.com/a/60346880"", ""60346880"")",0.3502109704641349
"=HYPERLINK(""https://stackoverflow.com/a/60441403"", ""60441403"")",0.3500837520938023
"=HYPERLINK(""https://stackoverflow.com/a/60532320"", ""60532320"")",0.33944954128440363
"=HYPERLINK(""https://stackoverflow.com/a/60609215"", ""60609215"")",0.6862745098039218
"=HYPERLINK(""https://stackoverflow.com/a/60877213"", ""60877213"")",0.45662100456621
"=HYPERLINK(""https://stackoverflow.com/a/60976540"", ""60976540"")",0.35087719298245623
"=HYPERLINK(""https://stackoverflow.com/a/61092974"", ""61092974"")",0.4475853945818609
"=HYPERLINK(""https://stackoverflow.com/a/61169003"", ""61169003"")",0.3423423423423424
"=HYPERLINK(""https://stackoverflow.com/a/61214016"", ""61214016"")",0.24999999999999997
"=HYPERLINK(""https://stackoverflow.com/a/61655193"", ""61655193"")",0.4895833333333333
"=HYPERLINK(""https://stackoverflow.com/a/61861467"", ""61861467"")",0.17054263565891473
"=HYPERLINK(""https://stackoverflow.com/a/62129254"", ""62129254"")",0.1973684210526316
"=HYPERLINK(""https://stackoverflow.com/a/62245005"", ""62245005"")",0.2982456140350877
"=HYPERLINK(""https://stackoverflow.com/a/62477844"", ""62477844"")",0.36704119850187267
"=HYPERLINK(""https://stackoverflow.com/a/62535280"", ""62535280"")",0.33
"=HYPERLINK(""https://stackoverflow.com/a/62593441"", ""62593441"")",0.23636363636363636
"=HYPERLINK(""https://stackoverflow.com/a/62783682"", ""62783682"")",0.6428571428571427
"=HYPERLINK(""https://stackoverflow.com/a/62816770"", ""62816770"")",0.540084388185654
"=HYPERLINK(""https://stackoverflow.com/a/62958369"", ""62958369"")",0.3699186991869919
"=HYPERLINK(""https://stackoverflow.com/a/62973351"", ""62973351"")",0.3586497890295359
"=HYPERLINK(""https://stackoverflow.com/a/63063386"", ""63063386"")",0.23958333333333331
"=HYPERLINK(""https://stackoverflow.com/a/63133627"", ""63133627"")",0.6850574712643678
"=HYPERLINK(""https://stackoverflow.com/a/63473731"", ""63473731"")",0.3681818181818182
"=HYPERLINK(""https://stackoverflow.com/a/63482649"", ""63482649"")",0.4609929078014185
"=HYPERLINK(""https://stackoverflow.com/a/63636399"", ""63636399"")",0.2953586497890296
"=HYPERLINK(""https://stackoverflow.com/a/63662028"", ""63662028"")",0.15315315315315314
"=HYPERLINK(""https://stackoverflow.com/a/63680081"", ""63680081"")",0.3333333333333333
"=HYPERLINK(""https://stackoverflow.com/a/63733438"", ""63733438"")",0.3466666666666666
"=HYPERLINK(""https://stackoverflow.com/a/63769857"", ""63769857"")",0.3953051643192488
"=HYPERLINK(""https://stackoverflow.com/a/63960059"", ""63960059"")",0.25850340136054417
"=HYPERLINK(""https://stackoverflow.com/a/64001885"", ""64001885"")",0.5312954876273653
"=HYPERLINK(""https://stackoverflow.com/a/64414765"", ""64414765"")",0.39253539253539255
"=HYPERLINK(""https://stackoverflow.com/a/64559991"", ""64559991"")",0.3921568627450981
"=HYPERLINK(""https://stackoverflow.com/a/65092191"", ""65092191"")",0.25
"=HYPERLINK(""https://stackoverflow.com/a/65332317"", ""65332317"")",0.34469696969696967
"=HYPERLINK(""https://stackoverflow.com/a/65358482"", ""65358482"")",0.5196969696969698
"=HYPERLINK(""https://stackoverflow.com/a/65412745"", ""65412745"")",0.17948717948717943
"=HYPERLINK(""https://stackoverflow.com/a/65614130"", ""65614130"")",0.556874381800198
"=HYPERLINK(""https://stackoverflow.com/a/65683520"", ""65683520"")",0.3735632183908046
"=HYPERLINK(""https://stackoverflow.com/a/65771061"", ""65771061"")",0.27272727272727254
"=HYPERLINK(""https://stackoverflow.com/a/65809667"", ""65809667"")",0.350877192982456
"=HYPERLINK(""https://stackoverflow.com/a/65935665"", ""65935665"")",0.38095238095238104
"=HYPERLINK(""https://stackoverflow.com/a/65943075"", ""65943075"")",0.39513108614232206
"=HYPERLINK(""https://stackoverflow.com/a/65977591"", ""65977591"")",0.3243243243243244
"=HYPERLINK(""https://stackoverflow.com/a/66016641"", ""66016641"")",0.25
"=HYPERLINK(""https://stackoverflow.com/a/66079679"", ""66079679"")",0.49186991869918706
"=HYPERLINK(""https://stackoverflow.com/a/66250800"", ""66250800"")",0.25
"=HYPERLINK(""https://stackoverflow.com/a/66267130"", ""66267130"")",0.5000000000000001
"=HYPERLINK(""https://stackoverflow.com/a/66889105"", ""66889105"")",0.4684684684684684
"=HYPERLINK(""https://stackoverflow.com/a/66899132"", ""66899132"")",0.23076923076923067
"=HYPERLINK(""https://stackoverflow.com/a/66932914"", ""66932914"")",0.38063063063063063
"=HYPERLINK(""https://stackoverflow.com/a/66981008"", ""66981008"")",0.4304207119741099
"=HYPERLINK(""https://stackoverflow.com/a/67206331"", ""67206331"")",0.3706070287539936
"=HYPERLINK(""https://stackoverflow.com/a/67720172"", ""67720172"")",0.5315315315315315
"=HYPERLINK(""https://stackoverflow.com/a/67879715"", ""67879715"")",0.45728643216080406
"=HYPERLINK(""https://stackoverflow.com/a/68444248"", ""68444248"")",0.4133771929824562
"=HYPERLINK(""https://stackoverflow.com/a/68683497"", ""68683497"")",0.2764227642276423
"=HYPERLINK(""https://stackoverflow.com/a/68725996"", ""68725996"")",0.48633879781420764
"=HYPERLINK(""https://stackoverflow.com/a/68780495"", ""68780495"")",0.1875
"=HYPERLINK(""https://stackoverflow.com/a/68873476"", ""68873476"")",0.7701149425287358
"=HYPERLINK(""https://stackoverflow.com/a/69007441"", ""69007441"")",0.38095238095238093
"=HYPERLINK(""https://stackoverflow.com/a/69351997"", ""69351997"")",0.7166666666666668
"=HYPERLINK(""https://stackoverflow.com/a/69426778"", ""69426778"")",0.26356589147286824
"=HYPERLINK(""https://stackoverflow.com/a/69465818"", ""69465818"")",0.5349462365591398
"=HYPERLINK(""https://stackoverflow.com/a/69757368"", ""69757368"")",0.4029304029304031
"=HYPERLINK(""https://stackoverflow.com/a/69769215"", ""69769215"")",0.24615384615384622
"=HYPERLINK(""https://stackoverflow.com/a/69923045"", ""69923045"")",0.5112107623318385
"=HYPERLINK(""https://stackoverflow.com/a/69974546"", ""69974546"")",0.28828828828828823
"=HYPERLINK(""https://stackoverflow.com/a/69998834"", ""69998834"")",0.38095238095238093
"=HYPERLINK(""https://stackoverflow.com/a/70247085"", ""70247085"")",0.31972789115646255
"=HYPERLINK(""https://stackoverflow.com/a/70269263"", ""70269263"")",0.2816091954022988
"=HYPERLINK(""https://stackoverflow.com/a/70431246"", ""70431246"")",0.47560975609756106
"=HYPERLINK(""https://stackoverflow.com/a/70563679"", ""70563679"")",0.5189504373177845
"=HYPERLINK(""https://stackoverflow.com/a/70678030"", ""70678030"")",0.6796536796536797
"=HYPERLINK(""https://stackoverflow.com/a/71149693"", ""71149693"")",0.4473684210526316
"=HYPERLINK(""https://stackoverflow.com/a/71192375"", ""71192375"")",0.3020833333333333
"=HYPERLINK(""https://stackoverflow.com/a/71229124"", ""71229124"")",0.33944954128440363
"=HYPERLINK(""https://stackoverflow.com/a/71305701"", ""71305701"")",0.4748062015503875
"=HYPERLINK(""https://stackoverflow.com/a/71399097"", ""71399097"")",0.5437500000000001
"=HYPERLINK(""https://stackoverflow.com/a/71657950"", ""71657950"")",0.3000000000000001
"=HYPERLINK(""https://stackoverflow.com/a/71747990"", ""71747990"")",0.5897435897435898
"=HYPERLINK(""https://stackoverflow.com/a/71881279"", ""71881279"")",0.5022831050228312
"=HYPERLINK(""https://stackoverflow.com/a/71965351"", ""71965351"")",0.5028985507246375
"=HYPERLINK(""https://stackoverflow.com/a/72105583"", ""72105583"")",0.2113821138211382
"=HYPERLINK(""https://stackoverflow.com/a/72409316"", ""72409316"")",0.4346666666666667
"=HYPERLINK(""https://stackoverflow.com/a/72409920"", ""72409920"")",0.6115942028985507
"=HYPERLINK(""https://stackoverflow.com/a/72418673"", ""72418673"")",0.3093525179856116
"=HYPERLINK(""https://stackoverflow.com/a/72454566"", ""72454566"")",0.3728070175438598
