link,Correlation
"=HYPERLINK(""https://stackoverflow.com/q/17696012"", ""17696012"")",0.2800788954635109
"=HYPERLINK(""https://stackoverflow.com/q/18374181"", ""18374181"")",0.3282051282051283
"=HYPERLINK(""https://stackoverflow.com/q/18876169"", ""18876169"")",0.41836734693877553
"=HYPERLINK(""https://stackoverflow.com/q/19476457"", ""19476457"")",0.43153526970954365
"=HYPERLINK(""https://stackoverflow.com/q/21795708"", ""21795708"")",0.2372634643377002
"=HYPERLINK(""https://stackoverflow.com/q/22173722"", ""22173722"")",0.38189845474613693
"=HYPERLINK(""https://stackoverflow.com/q/23215958"", ""23215958"")",0.4029850746268657
"=HYPERLINK(""https://stackoverflow.com/q/24732808"", ""24732808"")",0.42944785276073616
"=HYPERLINK(""https://stackoverflow.com/q/25134570"", ""25134570"")",0.45208333333333345
"=HYPERLINK(""https://stackoverflow.com/q/25386499"", ""25386499"")",0.32878787878787874
"=HYPERLINK(""https://stackoverflow.com/q/26826228"", ""26826228"")",0.39473684210526316
"=HYPERLINK(""https://stackoverflow.com/q/27759277"", ""27759277"")",0.624113475177305
"=HYPERLINK(""https://stackoverflow.com/q/28068090"", ""28068090"")",0.49645390070921985
"=HYPERLINK(""https://stackoverflow.com/q/28703121"", ""28703121"")",0.48839662447257387
"=HYPERLINK(""https://stackoverflow.com/q/30803627"", ""30803627"")",0.2984496124031008
"=HYPERLINK(""https://stackoverflow.com/q/31901422"", ""31901422"")",0.29696969696969705
"=HYPERLINK(""https://stackoverflow.com/q/32971288"", ""32971288"")",0.28810720268006706
"=HYPERLINK(""https://stackoverflow.com/q/33801857"", ""33801857"")",0.44398907103825125
"=HYPERLINK(""https://stackoverflow.com/q/34047782"", ""34047782"")",0.2816091954022989
"=HYPERLINK(""https://stackoverflow.com/q/34082792"", ""34082792"")",0.4292565947242208
"=HYPERLINK(""https://stackoverflow.com/q/34454393"", ""34454393"")",0.32596685082872934
"=HYPERLINK(""https://stackoverflow.com/q/34537686"", ""34537686"")",0.4138702460850111
"=HYPERLINK(""https://stackoverflow.com/q/34990561"", ""34990561"")",0.388
"=HYPERLINK(""https://stackoverflow.com/q/35119071"", ""35119071"")",0.48602150537634403
"=HYPERLINK(""https://stackoverflow.com/q/35504458"", ""35504458"")",0.4483568075117372
"=HYPERLINK(""https://stackoverflow.com/q/35621424"", ""35621424"")",0.5238095238095238
"=HYPERLINK(""https://stackoverflow.com/q/35760910"", ""35760910"")",0.2885572139303483
"=HYPERLINK(""https://stackoverflow.com/q/35763574"", ""35763574"")",0.391705069124424
"=HYPERLINK(""https://stackoverflow.com/q/35973168"", ""35973168"")",0.3088235294117648
"=HYPERLINK(""https://stackoverflow.com/q/36465240"", ""36465240"")",0.457044673539519
"=HYPERLINK(""https://stackoverflow.com/q/36680046"", ""36680046"")",0.6861788617886179
"=HYPERLINK(""https://stackoverflow.com/q/36811319"", ""36811319"")",0.6089238845144356
"=HYPERLINK(""https://stackoverflow.com/q/37221700"", ""37221700"")",0.3215686274509804
"=HYPERLINK(""https://stackoverflow.com/q/38253782"", ""38253782"")",0.2852564102564103
"=HYPERLINK(""https://stackoverflow.com/q/38275868"", ""38275868"")",0.49418604651162795
"=HYPERLINK(""https://stackoverflow.com/q/38389352"", ""38389352"")",0.3333333333333335
"=HYPERLINK(""https://stackoverflow.com/q/38558332"", ""38558332"")",0.319634703196347
"=HYPERLINK(""https://stackoverflow.com/q/38659437"", ""38659437"")",0.27219796215429404
"=HYPERLINK(""https://stackoverflow.com/q/39536372"", ""39536372"")",0.27142857142857146
"=HYPERLINK(""https://stackoverflow.com/q/40036956"", ""40036956"")",0.41242937853107353
"=HYPERLINK(""https://stackoverflow.com/q/40358476"", ""40358476"")",0.41428571428571437
"=HYPERLINK(""https://stackoverflow.com/q/41010551"", ""41010551"")",0.4583333333333334
"=HYPERLINK(""https://stackoverflow.com/q/41023086"", ""41023086"")",0.4067278287461774
"=HYPERLINK(""https://stackoverflow.com/q/41029009"", ""41029009"")",0.4207119741100322
"=HYPERLINK(""https://stackoverflow.com/q/41034078"", ""41034078"")",0.559852670349908
"=HYPERLINK(""https://stackoverflow.com/q/41270947"", ""41270947"")",0.3939393939393938
"=HYPERLINK(""https://stackoverflow.com/q/41643327"", ""41643327"")",0.4361904761904762
"=HYPERLINK(""https://stackoverflow.com/q/42233552"", ""42233552"")",0.4959016393442622
"=HYPERLINK(""https://stackoverflow.com/q/42851914"", ""42851914"")",0.335680751173709
"=HYPERLINK(""https://stackoverflow.com/q/43048126"", ""43048126"")",0.2863849765258217
"=HYPERLINK(""https://stackoverflow.com/q/43072344"", ""43072344"")",0.4198895027624311
"=HYPERLINK(""https://stackoverflow.com/q/43444333"", ""43444333"")",0.5234159779614325
"=HYPERLINK(""https://stackoverflow.com/q/43515062"", ""43515062"")",0.5637254901960786
"=HYPERLINK(""https://stackoverflow.com/q/43668371"", ""43668371"")",0.6022988505747127
"=HYPERLINK(""https://stackoverflow.com/q/43746769"", ""43746769"")",0.4482758620689655
"=HYPERLINK(""https://stackoverflow.com/q/43872917"", ""43872917"")",0.4791666666666666
"=HYPERLINK(""https://stackoverflow.com/q/44269267"", ""44269267"")",0.4001468428781204
"=HYPERLINK(""https://stackoverflow.com/q/44738316"", ""44738316"")",0.5487804878048781
"=HYPERLINK(""https://stackoverflow.com/q/44859033"", ""44859033"")",0.3205944798301486
"=HYPERLINK(""https://stackoverflow.com/q/45107028"", ""45107028"")",0.7235772357723579
"=HYPERLINK(""https://stackoverflow.com/q/45217753"", ""45217753"")",0.36538461538461553
"=HYPERLINK(""https://stackoverflow.com/q/45290052"", ""45290052"")",0.3768115942028985
"=HYPERLINK(""https://stackoverflow.com/q/45358671"", ""45358671"")",0.4932432432432432
"=HYPERLINK(""https://stackoverflow.com/q/45360398"", ""45360398"")",0.42718446601941745
"=HYPERLINK(""https://stackoverflow.com/q/45435739"", ""45435739"")",0.32786885245901637
"=HYPERLINK(""https://stackoverflow.com/q/45485680"", ""45485680"")",0.52504816955684
"=HYPERLINK(""https://stackoverflow.com/q/45512346"", ""45512346"")",0.36708860759493656
"=HYPERLINK(""https://stackoverflow.com/q/45538140"", ""45538140"")",0.4734848484848485
"=HYPERLINK(""https://stackoverflow.com/q/45725614"", ""45725614"")",0.4681372549019609
"=HYPERLINK(""https://stackoverflow.com/q/45976338"", ""45976338"")",0.6056701030927835
"=HYPERLINK(""https://stackoverflow.com/q/46056853"", ""46056853"")",0.7239915074309977
"=HYPERLINK(""https://stackoverflow.com/q/46102269"", ""46102269"")",0.33333333333333337
"=HYPERLINK(""https://stackoverflow.com/q/46787105"", ""46787105"")",0.6458333333333336
"=HYPERLINK(""https://stackoverflow.com/q/46826758"", ""46826758"")",0.42857142857142866
"=HYPERLINK(""https://stackoverflow.com/q/46831672"", ""46831672"")",0.3429718875502007
"=HYPERLINK(""https://stackoverflow.com/q/46956051"", ""46956051"")",0.3568075117370893
"=HYPERLINK(""https://stackoverflow.com/q/46977685"", ""46977685"")",0.3883792048929665
"=HYPERLINK(""https://stackoverflow.com/q/47041404"", ""47041404"")",0.4114942528735633
"=HYPERLINK(""https://stackoverflow.com/q/47201028"", ""47201028"")",0.6299694189602445
"=HYPERLINK(""https://stackoverflow.com/q/47222985"", ""47222985"")",0.324858757062147
"=HYPERLINK(""https://stackoverflow.com/q/47638187"", ""47638187"")",0.4689826302729528
"=HYPERLINK(""https://stackoverflow.com/q/47711406"", ""47711406"")",0.27304964539007087
"=HYPERLINK(""https://stackoverflow.com/q/47776815"", ""47776815"")",0.29333333333333345
"=HYPERLINK(""https://stackoverflow.com/q/48075535"", ""48075535"")",0.2865013774104684
"=HYPERLINK(""https://stackoverflow.com/q/48140279"", ""48140279"")",0.37101449275362325
"=HYPERLINK(""https://stackoverflow.com/q/48319893"", ""48319893"")",0.31858407079646023
"=HYPERLINK(""https://stackoverflow.com/q/48469361"", ""48469361"")",0.4766666666666666
"=HYPERLINK(""https://stackoverflow.com/q/48496162"", ""48496162"")",0.30845771144278605
"=HYPERLINK(""https://stackoverflow.com/q/48581155"", ""48581155"")",0.33009708737864074
"=HYPERLINK(""https://stackoverflow.com/q/48697292"", ""48697292"")",0.3542857142857143
"=HYPERLINK(""https://stackoverflow.com/q/49106838"", ""49106838"")",0.4503311258278146
"=HYPERLINK(""https://stackoverflow.com/q/49153340"", ""49153340"")",0.4146341463414635
"=HYPERLINK(""https://stackoverflow.com/q/49538287"", ""49538287"")",0.5081300813008129
"=HYPERLINK(""https://stackoverflow.com/q/49582307"", ""49582307"")",0.49180327868852447
"=HYPERLINK(""https://stackoverflow.com/q/49592926"", ""49592926"")",0.5109289617486338
"=HYPERLINK(""https://stackoverflow.com/q/49597671"", ""49597671"")",0.5690866510538642
"=HYPERLINK(""https://stackoverflow.com/q/49681116"", ""49681116"")",0.5323910482921083
"=HYPERLINK(""https://stackoverflow.com/q/49940262"", ""49940262"")",0.2689655172413794
"=HYPERLINK(""https://stackoverflow.com/q/50158647"", ""50158647"")",0.2997601918465229
"=HYPERLINK(""https://stackoverflow.com/q/50345080"", ""50345080"")",0.2717219589257504
"=HYPERLINK(""https://stackoverflow.com/q/50367769"", ""50367769"")",0.38028169014084506
"=HYPERLINK(""https://stackoverflow.com/q/50704982"", ""50704982"")",0.2978723404255319
"=HYPERLINK(""https://stackoverflow.com/q/50753130"", ""50753130"")",0.35943775100401604
"=HYPERLINK(""https://stackoverflow.com/q/50761201"", ""50761201"")",0.6497175141242939
"=HYPERLINK(""https://stackoverflow.com/q/50810039"", ""50810039"")",0.37666666666666676
"=HYPERLINK(""https://stackoverflow.com/q/51058833"", ""51058833"")",0.4050632911392405
"=HYPERLINK(""https://stackoverflow.com/q/51136687"", ""51136687"")",0.391304347826087
"=HYPERLINK(""https://stackoverflow.com/q/51296829"", ""51296829"")",0.40061162079510704
"=HYPERLINK(""https://stackoverflow.com/q/51373908"", ""51373908"")",0.33534136546184745
"=HYPERLINK(""https://stackoverflow.com/q/51391639"", ""51391639"")",0.3092369477911647
"=HYPERLINK(""https://stackoverflow.com/q/51507995"", ""51507995"")",0.2903885480572598
"=HYPERLINK(""https://stackoverflow.com/q/51533650"", ""51533650"")",0.3551673944687045
"=HYPERLINK(""https://stackoverflow.com/q/51535866"", ""51535866"")",0.3643410852713178
"=HYPERLINK(""https://stackoverflow.com/q/51583633"", ""51583633"")",0.3387978142076502
"=HYPERLINK(""https://stackoverflow.com/q/51711737"", ""51711737"")",0.4173913043478262
"=HYPERLINK(""https://stackoverflow.com/q/51848917"", ""51848917"")",0.36142748671222474
"=HYPERLINK(""https://stackoverflow.com/q/52198660"", ""52198660"")",0.32113821138211385
"=HYPERLINK(""https://stackoverflow.com/q/52318332"", ""52318332"")",0.3523809523809524
"=HYPERLINK(""https://stackoverflow.com/q/52354671"", ""52354671"")",0.5867895545314901
"=HYPERLINK(""https://stackoverflow.com/q/52414987"", ""52414987"")",0.29834254143646416
"=HYPERLINK(""https://stackoverflow.com/q/52416852"", ""52416852"")",0.4436781609195404
"=HYPERLINK(""https://stackoverflow.com/q/52424067"", ""52424067"")",0.45323741007194257
"=HYPERLINK(""https://stackoverflow.com/q/52538201"", ""52538201"")",0.3192307692307693
"=HYPERLINK(""https://stackoverflow.com/q/52617911"", ""52617911"")",0.2900432900432901
"=HYPERLINK(""https://stackoverflow.com/q/53081964"", ""53081964"")",0.5747126436781608
"=HYPERLINK(""https://stackoverflow.com/q/53097823"", ""53097823"")",0.5769230769230771
"=HYPERLINK(""https://stackoverflow.com/q/53174325"", ""53174325"")",0.31794871794871804
"=HYPERLINK(""https://stackoverflow.com/q/53180074"", ""53180074"")",0.28662420382165604
"=HYPERLINK(""https://stackoverflow.com/q/53294034"", ""53294034"")",0.3378995433789954
"=HYPERLINK(""https://stackoverflow.com/q/53446954"", ""53446954"")",0.5245901639344263
"=HYPERLINK(""https://stackoverflow.com/q/53486784"", ""53486784"")",0.2386363636363636
"=HYPERLINK(""https://stackoverflow.com/q/53636589"", ""53636589"")",0.3564102564102565
"=HYPERLINK(""https://stackoverflow.com/q/53657146"", ""53657146"")",0.42708333333333337
"=HYPERLINK(""https://stackoverflow.com/q/53782766"", ""53782766"")",0.5977011494252874
"=HYPERLINK(""https://stackoverflow.com/q/53825750"", ""53825750"")",0.39808153477218233
"=HYPERLINK(""https://stackoverflow.com/q/54003442"", ""54003442"")",0.41501103752759383
"=HYPERLINK(""https://stackoverflow.com/q/54033697"", ""54033697"")",0.4066924066924067
"=HYPERLINK(""https://stackoverflow.com/q/54091323"", ""54091323"")",0.27172195892575035
"=HYPERLINK(""https://stackoverflow.com/q/54131854"", ""54131854"")",0.36781609195402304
"=HYPERLINK(""https://stackoverflow.com/q/54334462"", ""54334462"")",0.35539215686274517
"=HYPERLINK(""https://stackoverflow.com/q/54370973"", ""54370973"")",0.5588972431077694
"=HYPERLINK(""https://stackoverflow.com/q/54417135"", ""54417135"")",0.5398009950248757
"=HYPERLINK(""https://stackoverflow.com/q/54446521"", ""54446521"")",0.5087719298245614
"=HYPERLINK(""https://stackoverflow.com/q/54769559"", ""54769559"")",0.2927536231884058
"=HYPERLINK(""https://stackoverflow.com/q/54869578"", ""54869578"")",0.4297520661157026
"=HYPERLINK(""https://stackoverflow.com/q/54919798"", ""54919798"")",0.39344262295081966
"=HYPERLINK(""https://stackoverflow.com/q/54984594"", ""54984594"")",0.432280701754386
"=HYPERLINK(""https://stackoverflow.com/q/55070396"", ""55070396"")",0.6478494623655914
"=HYPERLINK(""https://stackoverflow.com/q/55251381"", ""55251381"")",0.4120734908136483
"=HYPERLINK(""https://stackoverflow.com/q/55279202"", ""55279202"")",0.25049309664694286
"=HYPERLINK(""https://stackoverflow.com/q/55463916"", ""55463916"")",0.2167255594817432
"=HYPERLINK(""https://stackoverflow.com/q/55525445"", ""55525445"")",0.32719836400818
"=HYPERLINK(""https://stackoverflow.com/q/55586412"", ""55586412"")",0.4666666666666668
"=HYPERLINK(""https://stackoverflow.com/q/55718324"", ""55718324"")",0.36180904522613067
"=HYPERLINK(""https://stackoverflow.com/q/55844248"", ""55844248"")",0.5
"=HYPERLINK(""https://stackoverflow.com/q/55858442"", ""55858442"")",0.7083333333333335
"=HYPERLINK(""https://stackoverflow.com/q/56245644"", ""56245644"")",0.5143487858719648
"=HYPERLINK(""https://stackoverflow.com/q/56783867"", ""56783867"")",0.5089285714285716
"=HYPERLINK(""https://stackoverflow.com/q/56794562"", ""56794562"")",0.36426116838487976
"=HYPERLINK(""https://stackoverflow.com/q/57201357"", ""57201357"")",0.3739837398373984
"=HYPERLINK(""https://stackoverflow.com/q/57226758"", ""57226758"")",0.380168776371308
"=HYPERLINK(""https://stackoverflow.com/q/57344936"", ""57344936"")",0.3516483516483517
"=HYPERLINK(""https://stackoverflow.com/q/57347278"", ""57347278"")",0.3522906793048974
"=HYPERLINK(""https://stackoverflow.com/q/57531408"", ""57531408"")",0.38373983739837403
"=HYPERLINK(""https://stackoverflow.com/q/57815685"", ""57815685"")",0.39534883720930225
"=HYPERLINK(""https://stackoverflow.com/q/57896195"", ""57896195"")",0.5125786163522013
"=HYPERLINK(""https://stackoverflow.com/q/57971689"", ""57971689"")",0.22826086956521738
"=HYPERLINK(""https://stackoverflow.com/q/58031370"", ""58031370"")",0.43781094527363185
"=HYPERLINK(""https://stackoverflow.com/q/58064812"", ""58064812"")",0.2757575757575757
"=HYPERLINK(""https://stackoverflow.com/q/58107832"", ""58107832"")",0.37619047619047624
"=HYPERLINK(""https://stackoverflow.com/q/58200953"", ""58200953"")",0.2369477911646586
"=HYPERLINK(""https://stackoverflow.com/q/58461115"", ""58461115"")",0.3735632183908046
"=HYPERLINK(""https://stackoverflow.com/q/58535527"", ""58535527"")",0.526928675400291
"=HYPERLINK(""https://stackoverflow.com/q/58576117"", ""58576117"")",0.393939393939394
"=HYPERLINK(""https://stackoverflow.com/q/58661855"", ""58661855"")",0.3380952380952381
"=HYPERLINK(""https://stackoverflow.com/q/58764235"", ""58764235"")",0.4428571428571429
"=HYPERLINK(""https://stackoverflow.com/q/58798145"", ""58798145"")",0.5210355987055015
"=HYPERLINK(""https://stackoverflow.com/q/58970673"", ""58970673"")",0.37649880095923266
"=HYPERLINK(""https://stackoverflow.com/q/59077793"", ""59077793"")",0.32072829131652664
"=HYPERLINK(""https://stackoverflow.com/q/59157179"", ""59157179"")",0.2587719298245614
"=HYPERLINK(""https://stackoverflow.com/q/59229734"", ""59229734"")",0.41379310344827586
"=HYPERLINK(""https://stackoverflow.com/q/59312619"", ""59312619"")",0.2650918635170604
"=HYPERLINK(""https://stackoverflow.com/q/59357737"", ""59357737"")",0.3978919631093544
"=HYPERLINK(""https://stackoverflow.com/q/59370856"", ""59370856"")",0.3480392156862746
"=HYPERLINK(""https://stackoverflow.com/q/59373487"", ""59373487"")",0.4504065040650406
"=HYPERLINK(""https://stackoverflow.com/q/59434658"", ""59434658"")",0.29646697388632876
"=HYPERLINK(""https://stackoverflow.com/q/59552280"", ""59552280"")",0.4768211920529802
"=HYPERLINK(""https://stackoverflow.com/q/59555371"", ""59555371"")",0.48198198198198194
"=HYPERLINK(""https://stackoverflow.com/q/59573982"", ""59573982"")",0.4600456621004567
"=HYPERLINK(""https://stackoverflow.com/q/59863842"", ""59863842"")",0.3820512820512821
"=HYPERLINK(""https://stackoverflow.com/q/60024798"", ""60024798"")",0.38620245003223724
"=HYPERLINK(""https://stackoverflow.com/q/60141029"", ""60141029"")",0.36515912897822456
"=HYPERLINK(""https://stackoverflow.com/q/60219585"", ""60219585"")",0.4018264840182649
"=HYPERLINK(""https://stackoverflow.com/q/60243228"", ""60243228"")",0.49791666666666684
"=HYPERLINK(""https://stackoverflow.com/q/60269995"", ""60269995"")",0.37445887445887455
"=HYPERLINK(""https://stackoverflow.com/q/60286674"", ""60286674"")",0.378698224852071
"=HYPERLINK(""https://stackoverflow.com/q/60289746"", ""60289746"")",0.3576642335766424
"=HYPERLINK(""https://stackoverflow.com/q/60382714"", ""60382714"")",0.25373134328358204
"=HYPERLINK(""https://stackoverflow.com/q/60429339"", ""60429339"")",0.4255952380952382
"=HYPERLINK(""https://stackoverflow.com/q/60470926"", ""60470926"")",0.49581239530988275
"=HYPERLINK(""https://stackoverflow.com/q/60526713"", ""60526713"")",0.30240549828178703
"=HYPERLINK(""https://stackoverflow.com/q/60573260"", ""60573260"")",0.4198581560283688
"=HYPERLINK(""https://stackoverflow.com/q/60579719"", ""60579719"")",0.38951310861423216
"=HYPERLINK(""https://stackoverflow.com/q/60612901"", ""60612901"")",0.2617886178861789
"=HYPERLINK(""https://stackoverflow.com/q/60660480"", ""60660480"")",0.3415841584158416
"=HYPERLINK(""https://stackoverflow.com/q/60785324"", ""60785324"")",0.3896103896103896
"=HYPERLINK(""https://stackoverflow.com/q/60804117"", ""60804117"")",0.27508090614886727
"=HYPERLINK(""https://stackoverflow.com/q/60993833"", ""60993833"")",0.4248826291079813
"=HYPERLINK(""https://stackoverflow.com/q/61098457"", ""61098457"")",0.4569536423841061
"=HYPERLINK(""https://stackoverflow.com/q/61130625"", ""61130625"")",0.3049645390070921
"=HYPERLINK(""https://stackoverflow.com/q/61168984"", ""61168984"")",0.4347826086956522
"=HYPERLINK(""https://stackoverflow.com/q/61172226"", ""61172226"")",0.34953271028037375
"=HYPERLINK(""https://stackoverflow.com/q/61225608"", ""61225608"")",0.3511904761904763
"=HYPERLINK(""https://stackoverflow.com/q/61322491"", ""61322491"")",0.3824561403508771
"=HYPERLINK(""https://stackoverflow.com/q/61535887"", ""61535887"")",0.4105691056910569
"=HYPERLINK(""https://stackoverflow.com/q/61774628"", ""61774628"")",0.4378109452736319
"=HYPERLINK(""https://stackoverflow.com/q/61789949"", ""61789949"")",0.3160173160173161
"=HYPERLINK(""https://stackoverflow.com/q/61817203"", ""61817203"")",0.48875255623721897
"=HYPERLINK(""https://stackoverflow.com/q/61905345"", ""61905345"")",0.606516290726817
"=HYPERLINK(""https://stackoverflow.com/q/62171943"", ""62171943"")",0.6352459016393441
"=HYPERLINK(""https://stackoverflow.com/q/62183294"", ""62183294"")",0.29801324503311266
"=HYPERLINK(""https://stackoverflow.com/q/62274977"", ""62274977"")",0.4669738863287251
"=HYPERLINK(""https://stackoverflow.com/q/62305176"", ""62305176"")",0.6022727272727272
"=HYPERLINK(""https://stackoverflow.com/q/62309649"", ""62309649"")",0.5766666666666665
"=HYPERLINK(""https://stackoverflow.com/q/62327904"", ""62327904"")",0.3597122302158275
"=HYPERLINK(""https://stackoverflow.com/q/62332487"", ""62332487"")",0.24472573839662445
"=HYPERLINK(""https://stackoverflow.com/q/62384872"", ""62384872"")",0.42857142857142866
"=HYPERLINK(""https://stackoverflow.com/q/62407943"", ""62407943"")",0.5229166666666668
"=HYPERLINK(""https://stackoverflow.com/q/62408707"", ""62408707"")",0.6067146282973623
"=HYPERLINK(""https://stackoverflow.com/q/62410289"", ""62410289"")",0.47854785478547857
"=HYPERLINK(""https://stackoverflow.com/q/62453292"", ""62453292"")",0.21943048576214413
"=HYPERLINK(""https://stackoverflow.com/q/62523555"", ""62523555"")",0.3490813648293963
"=HYPERLINK(""https://stackoverflow.com/q/62761759"", ""62761759"")",0.33916083916083917
"=HYPERLINK(""https://stackoverflow.com/q/62765780"", ""62765780"")",0.38267148014440433
"=HYPERLINK(""https://stackoverflow.com/q/62815426"", ""62815426"")",0.5483870967741935
"=HYPERLINK(""https://stackoverflow.com/q/62949488"", ""62949488"")",0.3828828828828829
"=HYPERLINK(""https://stackoverflow.com/q/63055763"", ""63055763"")",0.515625
"=HYPERLINK(""https://stackoverflow.com/q/63128111"", ""63128111"")",0.4787234042553192
"=HYPERLINK(""https://stackoverflow.com/q/63306816"", ""63306816"")",0.5641025641025642
"=HYPERLINK(""https://stackoverflow.com/q/63401527"", ""63401527"")",0.4466666666666668
"=HYPERLINK(""https://stackoverflow.com/q/63441299"", ""63441299"")",0.43589743589743596
"=HYPERLINK(""https://stackoverflow.com/q/63505443"", ""63505443"")",0.4431818181818181
"=HYPERLINK(""https://stackoverflow.com/q/63508876"", ""63508876"")",0.3433583959899751
"=HYPERLINK(""https://stackoverflow.com/q/63615325"", ""63615325"")",0.3130755064456723
"=HYPERLINK(""https://stackoverflow.com/q/63656294"", ""63656294"")",0.4989384288747346
"=HYPERLINK(""https://stackoverflow.com/q/63719467"", ""63719467"")",0.5220125786163522
"=HYPERLINK(""https://stackoverflow.com/q/63776386"", ""63776386"")",0.3924050632911393
"=HYPERLINK(""https://stackoverflow.com/q/63861801"", ""63861801"")",0.40765765765765777
"=HYPERLINK(""https://stackoverflow.com/q/63896995"", ""63896995"")",0.36590662323561346
"=HYPERLINK(""https://stackoverflow.com/q/63915711"", ""63915711"")",0.4
"=HYPERLINK(""https://stackoverflow.com/q/64001253"", ""64001253"")",0.47766323024054996
"=HYPERLINK(""https://stackoverflow.com/q/64054150"", ""64054150"")",0.3554421768707483
"=HYPERLINK(""https://stackoverflow.com/q/64097278"", ""64097278"")",0.36211031175059955
"=HYPERLINK(""https://stackoverflow.com/q/64154069"", ""64154069"")",0.4725378787878788
"=HYPERLINK(""https://stackoverflow.com/q/64170759"", ""64170759"")",0.41869918699187
"=HYPERLINK(""https://stackoverflow.com/q/64280444"", ""64280444"")",0.22758620689655173
"=HYPERLINK(""https://stackoverflow.com/q/64358636"", ""64358636"")",0.386411889596603
"=HYPERLINK(""https://stackoverflow.com/q/64359321"", ""64359321"")",0.3051643192488263
"=HYPERLINK(""https://stackoverflow.com/q/64388033"", ""64388033"")",0.5515151515151515
"=HYPERLINK(""https://stackoverflow.com/q/64651996"", ""64651996"")",0.5386904761904764
"=HYPERLINK(""https://stackoverflow.com/q/64653569"", ""64653569"")",0.26378896882494013
"=HYPERLINK(""https://stackoverflow.com/q/64684503"", ""64684503"")",0.33999999999999997
"=HYPERLINK(""https://stackoverflow.com/q/64919028"", ""64919028"")",0.34095238095238095
"=HYPERLINK(""https://stackoverflow.com/q/65153543"", ""65153543"")",0.4876033057851241
"=HYPERLINK(""https://stackoverflow.com/q/65165535"", ""65165535"")",0.3432343234323433
"=HYPERLINK(""https://stackoverflow.com/q/65276017"", ""65276017"")",0.6570820021299256
"=HYPERLINK(""https://stackoverflow.com/q/65322286"", ""65322286"")",0.571794871794872
"=HYPERLINK(""https://stackoverflow.com/q/65609167"", ""65609167"")",0.3741007194244605
"=HYPERLINK(""https://stackoverflow.com/q/65613101"", ""65613101"")",0.4985994397759104
"=HYPERLINK(""https://stackoverflow.com/q/65630915"", ""65630915"")",0.43548387096774194
"=HYPERLINK(""https://stackoverflow.com/q/65748844"", ""65748844"")",0.5942028985507246
"=HYPERLINK(""https://stackoverflow.com/q/65807404"", ""65807404"")",0.3484848484848485
"=HYPERLINK(""https://stackoverflow.com/q/65843104"", ""65843104"")",0.3333333333333333
"=HYPERLINK(""https://stackoverflow.com/q/65882662"", ""65882662"")",0.5374149659863946
"=HYPERLINK(""https://stackoverflow.com/q/65882686"", ""65882686"")",0.44144144144144143
"=HYPERLINK(""https://stackoverflow.com/q/65897690"", ""65897690"")",0.31595576619273313
"=HYPERLINK(""https://stackoverflow.com/q/65902366"", ""65902366"")",0.5842105263157894
"=HYPERLINK(""https://stackoverflow.com/q/66014686"", ""66014686"")",0.35198135198135194
"=HYPERLINK(""https://stackoverflow.com/q/66107898"", ""66107898"")",0.23622047244094485
"=HYPERLINK(""https://stackoverflow.com/q/66142193"", ""66142193"")",0.27729885057471265
"=HYPERLINK(""https://stackoverflow.com/q/66242546"", ""66242546"")",0.4883227176220807
"=HYPERLINK(""https://stackoverflow.com/q/66246929"", ""66246929"")",0.5147679324894515
"=HYPERLINK(""https://stackoverflow.com/q/66418289"", ""66418289"")",0.3333333333333334
"=HYPERLINK(""https://stackoverflow.com/q/66425213"", ""66425213"")",0.3902053712480253
"=HYPERLINK(""https://stackoverflow.com/q/66591409"", ""66591409"")",0.4352941176470589
"=HYPERLINK(""https://stackoverflow.com/q/66887340"", ""66887340"")",0.34206695778748186
"=HYPERLINK(""https://stackoverflow.com/q/66891578"", ""66891578"")",0.435294117647059
"=HYPERLINK(""https://stackoverflow.com/q/66923216"", ""66923216"")",0.44666666666666677
"=HYPERLINK(""https://stackoverflow.com/q/67056768"", ""67056768"")",0.28436018957345965
"=HYPERLINK(""https://stackoverflow.com/q/67057782"", ""67057782"")",0.3529411764705883
"=HYPERLINK(""https://stackoverflow.com/q/67122932"", ""67122932"")",0.6811594202898551
"=HYPERLINK(""https://stackoverflow.com/q/67213383"", ""67213383"")",0.34736842105263155
"=HYPERLINK(""https://stackoverflow.com/q/67258465"", ""67258465"")",0.2824561403508771
"=HYPERLINK(""https://stackoverflow.com/q/67258917"", ""67258917"")",0.3421052631578947
"=HYPERLINK(""https://stackoverflow.com/q/67438874"", ""67438874"")",0.660377358490566
"=HYPERLINK(""https://stackoverflow.com/q/67579616"", ""67579616"")",0.4
"=HYPERLINK(""https://stackoverflow.com/q/67633018"", ""67633018"")",0.30882352941176483
"=HYPERLINK(""https://stackoverflow.com/q/67803349"", ""67803349"")",0.4100000000000001
"=HYPERLINK(""https://stackoverflow.com/q/67841663"", ""67841663"")",0.35362318840579715
"=HYPERLINK(""https://stackoverflow.com/q/67885831"", ""67885831"")",0.37291666666666673
"=HYPERLINK(""https://stackoverflow.com/q/67921788"", ""67921788"")",0.30939226519337026
"=HYPERLINK(""https://stackoverflow.com/q/68065670"", ""68065670"")",0.35446009389671373
"=HYPERLINK(""https://stackoverflow.com/q/68111777"", ""68111777"")",0.46478873239436624
"=HYPERLINK(""https://stackoverflow.com/q/68174415"", ""68174415"")",0.3997050147492625
"=HYPERLINK(""https://stackoverflow.com/q/68181153"", ""68181153"")",0.31586608442503644
"=HYPERLINK(""https://stackoverflow.com/q/68277691"", ""68277691"")",0.3979885057471265
"=HYPERLINK(""https://stackoverflow.com/q/68328584"", ""68328584"")",0.4856770833333333
"=HYPERLINK(""https://stackoverflow.com/q/68374676"", ""68374676"")",0.2714285714285714
"=HYPERLINK(""https://stackoverflow.com/q/68442999"", ""68442999"")",0.6039215686274512
"=HYPERLINK(""https://stackoverflow.com/q/68455131"", ""68455131"")",0.34210526315789463
"=HYPERLINK(""https://stackoverflow.com/q/68505571"", ""68505571"")",0.3938356164383561
"=HYPERLINK(""https://stackoverflow.com/q/68569742"", ""68569742"")",0.5728155339805823
"=HYPERLINK(""https://stackoverflow.com/q/68624368"", ""68624368"")",0.3770491803278688
"=HYPERLINK(""https://stackoverflow.com/q/68671509"", ""68671509"")",0.37793427230046955
"=HYPERLINK(""https://stackoverflow.com/q/68672166"", ""68672166"")",0.5922865013774107
"=HYPERLINK(""https://stackoverflow.com/q/68675615"", ""68675615"")",0.4050632911392405
"=HYPERLINK(""https://stackoverflow.com/q/68741326"", ""68741326"")",0.3700000000000001
"=HYPERLINK(""https://stackoverflow.com/q/68775733"", ""68775733"")",0.48195329087048827
"=HYPERLINK(""https://stackoverflow.com/q/68808547"", ""68808547"")",0.4116331096196868
"=HYPERLINK(""https://stackoverflow.com/q/68823709"", ""68823709"")",0.34269662921348315
"=HYPERLINK(""https://stackoverflow.com/q/68844666"", ""68844666"")",0.3747841105354059
"=HYPERLINK(""https://stackoverflow.com/q/68863619"", ""68863619"")",0.30232558139534893
"=HYPERLINK(""https://stackoverflow.com/q/68878481"", ""68878481"")",0.30519480519480524
"=HYPERLINK(""https://stackoverflow.com/q/68894940"", ""68894940"")",0.4724919093851133
"=HYPERLINK(""https://stackoverflow.com/q/68959190"", ""68959190"")",0.3270833333333334
"=HYPERLINK(""https://stackoverflow.com/q/69020388"", ""69020388"")",0.3517587939698492
"=HYPERLINK(""https://stackoverflow.com/q/69036277"", ""69036277"")",0.5031446540880503
"=HYPERLINK(""https://stackoverflow.com/q/69042524"", ""69042524"")",0.46666666666666673
"=HYPERLINK(""https://stackoverflow.com/q/69195292"", ""69195292"")",0.4691647150663544
"=HYPERLINK(""https://stackoverflow.com/q/69203143"", ""69203143"")",0.3915574963609898
"=HYPERLINK(""https://stackoverflow.com/q/69278625"", ""69278625"")",0.26956521739130435
"=HYPERLINK(""https://stackoverflow.com/q/69282549"", ""69282549"")",0.5591397849462366
"=HYPERLINK(""https://stackoverflow.com/q/69310670"", ""69310670"")",0.4465408805031446
"=HYPERLINK(""https://stackoverflow.com/q/69336056"", ""69336056"")",0.2876344086021505
"=HYPERLINK(""https://stackoverflow.com/q/69355385"", ""69355385"")",0.3159420289855073
"=HYPERLINK(""https://stackoverflow.com/q/69432047"", ""69432047"")",0.4746543778801844
"=HYPERLINK(""https://stackoverflow.com/q/69566674"", ""69566674"")",0.356687898089172
"=HYPERLINK(""https://stackoverflow.com/q/69571787"", ""69571787"")",0.35021097046413496
"=HYPERLINK(""https://stackoverflow.com/q/69737649"", ""69737649"")",0.540084388185654
"=HYPERLINK(""https://stackoverflow.com/q/69751254"", ""69751254"")",0.44799999999999995
"=HYPERLINK(""https://stackoverflow.com/q/69802191"", ""69802191"")",0.3251533742331289
"=HYPERLINK(""https://stackoverflow.com/q/69816868"", ""69816868"")",0.37627811860940696
"=HYPERLINK(""https://stackoverflow.com/q/69904211"", ""69904211"")",0.6451612903225806
"=HYPERLINK(""https://stackoverflow.com/q/69918002"", ""69918002"")",0.633720930232558
"=HYPERLINK(""https://stackoverflow.com/q/69924340"", ""69924340"")",0.5273809523809524
"=HYPERLINK(""https://stackoverflow.com/q/69972916"", ""69972916"")",0.6880570409982174
"=HYPERLINK(""https://stackoverflow.com/q/70099636"", ""70099636"")",0.3875000000000001
"=HYPERLINK(""https://stackoverflow.com/q/70137519"", ""70137519"")",0.38693467336683424
"=HYPERLINK(""https://stackoverflow.com/q/70162329"", ""70162329"")",0.48198198198198194
"=HYPERLINK(""https://stackoverflow.com/q/70178457"", ""70178457"")",0.5848484848484846
"=HYPERLINK(""https://stackoverflow.com/q/70248488"", ""70248488"")",0.4776632302405499
"=HYPERLINK(""https://stackoverflow.com/q/70274744"", ""70274744"")",0.3657142857142858
"=HYPERLINK(""https://stackoverflow.com/q/70279636"", ""70279636"")",0.3662182361733931
"=HYPERLINK(""https://stackoverflow.com/q/70337522"", ""70337522"")",0.3025641025641026
"=HYPERLINK(""https://stackoverflow.com/q/70347387"", ""70347387"")",0.5813008130081301
"=HYPERLINK(""https://stackoverflow.com/q/70364702"", ""70364702"")",0.3581081081081081
"=HYPERLINK(""https://stackoverflow.com/q/70369434"", ""70369434"")",0.3814432989690722
"=HYPERLINK(""https://stackoverflow.com/q/70429857"", ""70429857"")",0.34552845528455295
"=HYPERLINK(""https://stackoverflow.com/q/70449117"", ""70449117"")",0.2629107981220657
"=HYPERLINK(""https://stackoverflow.com/q/70565147"", ""70565147"")",0.45897435897435906
"=HYPERLINK(""https://stackoverflow.com/q/70567516"", ""70567516"")",0.45977011494252873
"=HYPERLINK(""https://stackoverflow.com/q/70587853"", ""70587853"")",0.23388581952117868
"=HYPERLINK(""https://stackoverflow.com/q/70614514"", ""70614514"")",0.2740112994350283
"=HYPERLINK(""https://stackoverflow.com/q/70632239"", ""70632239"")",0.21505376344086025
"=HYPERLINK(""https://stackoverflow.com/q/70644125"", ""70644125"")",0.26546391752577314
"=HYPERLINK(""https://stackoverflow.com/q/70657497"", ""70657497"")",0.3510520487264673
"=HYPERLINK(""https://stackoverflow.com/q/70670669"", ""70670669"")",0.7177419354838709
"=HYPERLINK(""https://stackoverflow.com/q/70742301"", ""70742301"")",0.43234323432343225
"=HYPERLINK(""https://stackoverflow.com/q/70871300"", ""70871300"")",0.35497835497835495
"=HYPERLINK(""https://stackoverflow.com/q/70879512"", ""70879512"")",0.5747663551401868
"=HYPERLINK(""https://stackoverflow.com/q/70943175"", ""70943175"")",0.37080867850098614
"=HYPERLINK(""https://stackoverflow.com/q/70962095"", ""70962095"")",0.37003058103975534
"=HYPERLINK(""https://stackoverflow.com/q/70975320"", ""70975320"")",0.2982456140350878
"=HYPERLINK(""https://stackoverflow.com/q/71120471"", ""71120471"")",0.29019607843137263
"=HYPERLINK(""https://stackoverflow.com/q/71121820"", ""71121820"")",0.569193742478941
"=HYPERLINK(""https://stackoverflow.com/q/71214828"", ""71214828"")",0.4986979166666665
"=HYPERLINK(""https://stackoverflow.com/q/71256518"", ""71256518"")",0.5902335456475581
"=HYPERLINK(""https://stackoverflow.com/q/71342232"", ""71342232"")",0.2984848484848485
"=HYPERLINK(""https://stackoverflow.com/q/71344215"", ""71344215"")",0.4710743801652894
"=HYPERLINK(""https://stackoverflow.com/q/71363290"", ""71363290"")",0.6645021645021646
"=HYPERLINK(""https://stackoverflow.com/q/71398288"", ""71398288"")",0.6453900709219859
"=HYPERLINK(""https://stackoverflow.com/q/71398882"", ""71398882"")",0.4891304347826087
"=HYPERLINK(""https://stackoverflow.com/q/71492181"", ""71492181"")",0.27966101694915263
"=HYPERLINK(""https://stackoverflow.com/q/71500193"", ""71500193"")",0.4054054054054055
"=HYPERLINK(""https://stackoverflow.com/q/71520041"", ""71520041"")",0.4588938714499253
"=HYPERLINK(""https://stackoverflow.com/q/71600291"", ""71600291"")",0.375
"=HYPERLINK(""https://stackoverflow.com/q/71607782"", ""71607782"")",0.24088541666666669
"=HYPERLINK(""https://stackoverflow.com/q/71655321"", ""71655321"")",0.49839743589743596
"=HYPERLINK(""https://stackoverflow.com/q/71655510"", ""71655510"")",0.3333333333333332
"=HYPERLINK(""https://stackoverflow.com/q/71685588"", ""71685588"")",0.5786163522012578
"=HYPERLINK(""https://stackoverflow.com/q/71738894"", ""71738894"")",0.39447731755424065
"=HYPERLINK(""https://stackoverflow.com/q/71742869"", ""71742869"")",0.6534216335540838
"=HYPERLINK(""https://stackoverflow.com/q/71773449"", ""71773449"")",0.31764705882352945
"=HYPERLINK(""https://stackoverflow.com/q/71860839"", ""71860839"")",0.4417670682730924
"=HYPERLINK(""https://stackoverflow.com/q/71876157"", ""71876157"")",0.40963855421686735
"=HYPERLINK(""https://stackoverflow.com/q/71889117"", ""71889117"")",0.36190476190476195
"=HYPERLINK(""https://stackoverflow.com/q/71913524"", ""71913524"")",0.45488029465930035
"=HYPERLINK(""https://stackoverflow.com/q/71948090"", ""71948090"")",0.43103448275862066
"=HYPERLINK(""https://stackoverflow.com/q/71950396"", ""71950396"")",0.3822629969418961
"=HYPERLINK(""https://stackoverflow.com/q/71954220"", ""71954220"")",0.44673539518900357
"=HYPERLINK(""https://stackoverflow.com/q/72006495"", ""72006495"")",0.44954128440366975
"=HYPERLINK(""https://stackoverflow.com/q/72144436"", ""72144436"")",0.6534653465346534
"=HYPERLINK(""https://stackoverflow.com/q/72218563"", ""72218563"")",0.3681592039800996
"=HYPERLINK(""https://stackoverflow.com/q/72281171"", ""72281171"")",0.4308588064046579
"=HYPERLINK(""https://stackoverflow.com/q/72395393"", ""72395393"")",0.3636894337419731
"=HYPERLINK(""https://stackoverflow.com/q/72408377"", ""72408377"")",0.7412935323383086
"=HYPERLINK(""https://stackoverflow.com/q/72463927"", ""72463927"")",0.2717948717948719
"=HYPERLINK(""https://stackoverflow.com/q/72480662"", ""72480662"")",0.6406250000000002
