link,Correlation
"=HYPERLINK(""https://stackoverflow.com/a/204932"", ""204932"")",0.2741433021806854
"=HYPERLINK(""https://stackoverflow.com/a/4912953"", ""4912953"")",0.41818181818181815
"=HYPERLINK(""https://stackoverflow.com/a/6630524"", ""6630524"")",0.6830985915492959
"=HYPERLINK(""https://stackoverflow.com/a/7955297"", ""7955297"")",0.4142394822006473
"=HYPERLINK(""https://stackoverflow.com/a/8120086"", ""8120086"")",0.40952380952380957
"=HYPERLINK(""https://stackoverflow.com/a/9773287"", ""9773287"")",0.43049327354260086
"=HYPERLINK(""https://stackoverflow.com/a/10016145"", ""10016145"")",0.48952380952380947
"=HYPERLINK(""https://stackoverflow.com/a/10020457"", ""10020457"")",0.26274509803921575
"=HYPERLINK(""https://stackoverflow.com/a/10349171"", ""10349171"")",0.5018115942028986
"=HYPERLINK(""https://stackoverflow.com/a/11223489"", ""11223489"")",0.24999999999999992
"=HYPERLINK(""https://stackoverflow.com/a/11552231"", ""11552231"")",0.3089430894308944
"=HYPERLINK(""https://stackoverflow.com/a/12707389"", ""12707389"")",0.4186046511627907
"=HYPERLINK(""https://stackoverflow.com/a/13058618"", ""13058618"")",0.26666666666666666
"=HYPERLINK(""https://stackoverflow.com/a/14127846"", ""14127846"")",0.33846153846153854
"=HYPERLINK(""https://stackoverflow.com/a/14691488"", ""14691488"")",0.5285714285714287
"=HYPERLINK(""https://stackoverflow.com/a/15375776"", ""15375776"")",0.28270042194092826
"=HYPERLINK(""https://stackoverflow.com/a/16353071"", ""16353071"")",0.6302083333333333
"=HYPERLINK(""https://stackoverflow.com/a/17901712"", ""17901712"")",0.5570776255707763
"=HYPERLINK(""https://stackoverflow.com/a/18205589"", ""18205589"")",0.725988700564972
"=HYPERLINK(""https://stackoverflow.com/a/18229029"", ""18229029"")",0.4285714285714285
"=HYPERLINK(""https://stackoverflow.com/a/18691711"", ""18691711"")",0.3595800524934383
"=HYPERLINK(""https://stackoverflow.com/a/22207430"", ""22207430"")",0.3768115942028985
"=HYPERLINK(""https://stackoverflow.com/a/24387766"", ""24387766"")",0.40813008130081296
"=HYPERLINK(""https://stackoverflow.com/a/24495027"", ""24495027"")",0.20512820512820504
"=HYPERLINK(""https://stackoverflow.com/a/24675044"", ""24675044"")",0.29333333333333333
"=HYPERLINK(""https://stackoverflow.com/a/25360469"", ""25360469"")",0.2702702702702703
"=HYPERLINK(""https://stackoverflow.com/a/26453960"", ""26453960"")",0.20720720720720723
"=HYPERLINK(""https://stackoverflow.com/a/27794840"", ""27794840"")",0.45528455284552855
"=HYPERLINK(""https://stackoverflow.com/a/28606861"", ""28606861"")",0.4322344322344323
"=HYPERLINK(""https://stackoverflow.com/a/29145814"", ""29145814"")",0.322695035460993
"=HYPERLINK(""https://stackoverflow.com/a/30586696"", ""30586696"")",0.5344827586206896
"=HYPERLINK(""https://stackoverflow.com/a/31864828"", ""31864828"")",0.7137254901960787
"=HYPERLINK(""https://stackoverflow.com/a/32975320"", ""32975320"")",0.38567493112947665
"=HYPERLINK(""https://stackoverflow.com/a/33238103"", ""33238103"")",0.5434782608695652
"=HYPERLINK(""https://stackoverflow.com/a/33347314"", ""33347314"")",0.33333333333333337
"=HYPERLINK(""https://stackoverflow.com/a/33378095"", ""33378095"")",0.5566666666666668
"=HYPERLINK(""https://stackoverflow.com/a/34991190"", ""34991190"")",0.38709677419354827
"=HYPERLINK(""https://stackoverflow.com/a/35145088"", ""35145088"")",0.537878787878788
"=HYPERLINK(""https://stackoverflow.com/a/35263170"", ""35263170"")",0.1515151515151515
"=HYPERLINK(""https://stackoverflow.com/a/35300342"", ""35300342"")",0.19999999999999993
"=HYPERLINK(""https://stackoverflow.com/a/35980492"", ""35980492"")",0.24813153961136025
"=HYPERLINK(""https://stackoverflow.com/a/37129143"", ""37129143"")",0.6153846153846156
"=HYPERLINK(""https://stackoverflow.com/a/37743139"", ""37743139"")",0.4301801801801801
"=HYPERLINK(""https://stackoverflow.com/a/38109759"", ""38109759"")",0.49404761904761924
"=HYPERLINK(""https://stackoverflow.com/a/39089367"", ""39089367"")",0.4807692307692308
"=HYPERLINK(""https://stackoverflow.com/a/39121207"", ""39121207"")",0.6927083333333333
"=HYPERLINK(""https://stackoverflow.com/a/39567603"", ""39567603"")",0.37735849056603776
"=HYPERLINK(""https://stackoverflow.com/a/39823835"", ""39823835"")",0.35
"=HYPERLINK(""https://stackoverflow.com/a/40778389"", ""40778389"")",0.26931567328918327
"=HYPERLINK(""https://stackoverflow.com/a/40831773"", ""40831773"")",0.25892857142857145
"=HYPERLINK(""https://stackoverflow.com/a/40853776"", ""40853776"")",0.3242424242424243
"=HYPERLINK(""https://stackoverflow.com/a/41159660"", ""41159660"")",0.5294117647058824
"=HYPERLINK(""https://stackoverflow.com/a/41751159"", ""41751159"")",0.6363636363636364
"=HYPERLINK(""https://stackoverflow.com/a/42146946"", ""42146946"")",0.34738955823293177
"=HYPERLINK(""https://stackoverflow.com/a/42823389"", ""42823389"")",0.26229508196721313
"=HYPERLINK(""https://stackoverflow.com/a/43374674"", ""43374674"")",0.3833333333333334
"=HYPERLINK(""https://stackoverflow.com/a/43611907"", ""43611907"")",0.5683060109289617
"=HYPERLINK(""https://stackoverflow.com/a/45349859"", ""45349859"")",0.34482758620689663
"=HYPERLINK(""https://stackoverflow.com/a/45469995"", ""45469995"")",0.4421768707482993
"=HYPERLINK(""https://stackoverflow.com/a/45556196"", ""45556196"")",0.23333333333333336
"=HYPERLINK(""https://stackoverflow.com/a/45909192"", ""45909192"")",0.3333333333333332
"=HYPERLINK(""https://stackoverflow.com/a/46371906"", ""46371906"")",0.3308823529411766
"=HYPERLINK(""https://stackoverflow.com/a/46834649"", ""46834649"")",0.5227272727272727
"=HYPERLINK(""https://stackoverflow.com/a/47230961"", ""47230961"")",0.7692307692307694
"=HYPERLINK(""https://stackoverflow.com/a/47442878"", ""47442878"")",0.5789473684210525
"=HYPERLINK(""https://stackoverflow.com/a/47630544"", ""47630544"")",0.519607843137255
"=HYPERLINK(""https://stackoverflow.com/a/47635069"", ""47635069"")",0.2688172043010752
"=HYPERLINK(""https://stackoverflow.com/a/47678472"", ""47678472"")",0.4178861788617886
"=HYPERLINK(""https://stackoverflow.com/a/47691264"", ""47691264"")",0.38652482269503546
"=HYPERLINK(""https://stackoverflow.com/a/47756716"", ""47756716"")",0.39855072463768104
"=HYPERLINK(""https://stackoverflow.com/a/48810860"", ""48810860"")",0.6333333333333334
"=HYPERLINK(""https://stackoverflow.com/a/49390914"", ""49390914"")",0.31372549019607837
"=HYPERLINK(""https://stackoverflow.com/a/50257728"", ""50257728"")",0.3500000000000001
"=HYPERLINK(""https://stackoverflow.com/a/50385212"", ""50385212"")",0.20765027322404375
"=HYPERLINK(""https://stackoverflow.com/a/50458346"", ""50458346"")",0.31063829787234043
"=HYPERLINK(""https://stackoverflow.com/a/50789080"", ""50789080"")",0.23636363636363636
"=HYPERLINK(""https://stackoverflow.com/a/51149904"", ""51149904"")",0.41935483870967727
"=HYPERLINK(""https://stackoverflow.com/a/51169475"", ""51169475"")",0.4806201550387597
"=HYPERLINK(""https://stackoverflow.com/a/51218223"", ""51218223"")",0.4754098360655737
"=HYPERLINK(""https://stackoverflow.com/a/51235722"", ""51235722"")",0.3823529411764707
"=HYPERLINK(""https://stackoverflow.com/a/51257922"", ""51257922"")",0.19047619047619055
"=HYPERLINK(""https://stackoverflow.com/a/51635025"", ""51635025"")",0.7113821138211383
"=HYPERLINK(""https://stackoverflow.com/a/52042854"", ""52042854"")",0.5251141552511416
"=HYPERLINK(""https://stackoverflow.com/a/52169525"", ""52169525"")",0.2985074626865672
"=HYPERLINK(""https://stackoverflow.com/a/52346568"", ""52346568"")",0.2610062893081761
"=HYPERLINK(""https://stackoverflow.com/a/52403415"", ""52403415"")",0.26666666666666666
"=HYPERLINK(""https://stackoverflow.com/a/52639285"", ""52639285"")",0.4693572496263079
"=HYPERLINK(""https://stackoverflow.com/a/52644212"", ""52644212"")",0.37790697674418605
"=HYPERLINK(""https://stackoverflow.com/a/52696725"", ""52696725"")",0.3896103896103897
"=HYPERLINK(""https://stackoverflow.com/a/52718572"", ""52718572"")",0.6242424242424244
"=HYPERLINK(""https://stackoverflow.com/a/52839902"", ""52839902"")",0.5588235294117648
"=HYPERLINK(""https://stackoverflow.com/a/52964593"", ""52964593"")",0.37500000000000006
"=HYPERLINK(""https://stackoverflow.com/a/53176353"", ""53176353"")",0.4833333333333334
"=HYPERLINK(""https://stackoverflow.com/a/53413187"", ""53413187"")",0.37414965986394555
"=HYPERLINK(""https://stackoverflow.com/a/53563792"", ""53563792"")",0.1282051282051282
"=HYPERLINK(""https://stackoverflow.com/a/53635827"", ""53635827"")",0.46115288220551387
"=HYPERLINK(""https://stackoverflow.com/a/53653086"", ""53653086"")",0.5262172284644194
"=HYPERLINK(""https://stackoverflow.com/a/53734404"", ""53734404"")",0.3985507246376811
"=HYPERLINK(""https://stackoverflow.com/a/53817165"", ""53817165"")",0.4266666666666667
"=HYPERLINK(""https://stackoverflow.com/a/54130196"", ""54130196"")",0.47395833333333337
"=HYPERLINK(""https://stackoverflow.com/a/54252612"", ""54252612"")",0.3886097152428812
"=HYPERLINK(""https://stackoverflow.com/a/54408091"", ""54408091"")",0.33333333333333337
"=HYPERLINK(""https://stackoverflow.com/a/54655334"", ""54655334"")",0.29333333333333333
"=HYPERLINK(""https://stackoverflow.com/a/54696881"", ""54696881"")",0.4916666666666667
"=HYPERLINK(""https://stackoverflow.com/a/54713932"", ""54713932"")",0.28985507246376807
"=HYPERLINK(""https://stackoverflow.com/a/54733696"", ""54733696"")",0.5977011494252873
"=HYPERLINK(""https://stackoverflow.com/a/54816706"", ""54816706"")",0.28415300546448086
"=HYPERLINK(""https://stackoverflow.com/a/54964176"", ""54964176"")",0.4728682170542636
"=HYPERLINK(""https://stackoverflow.com/a/55277006"", ""55277006"")",0.19999999999999998
"=HYPERLINK(""https://stackoverflow.com/a/55388758"", ""55388758"")",0.4133333333333332
"=HYPERLINK(""https://stackoverflow.com/a/55507653"", ""55507653"")",0.7476190476190477
"=HYPERLINK(""https://stackoverflow.com/a/55843988"", ""55843988"")",0.5934959349593498
"=HYPERLINK(""https://stackoverflow.com/a/55845300"", ""55845300"")",0.6449275362318839
"=HYPERLINK(""https://stackoverflow.com/a/56355737"", ""56355737"")",0.3169398907103825
"=HYPERLINK(""https://stackoverflow.com/a/56369792"", ""56369792"")",0.3023255813953488
"=HYPERLINK(""https://stackoverflow.com/a/56865835"", ""56865835"")",0.31955922865013775
"=HYPERLINK(""https://stackoverflow.com/a/57150879"", ""57150879"")",0.5289855072463768
"=HYPERLINK(""https://stackoverflow.com/a/57172945"", ""57172945"")",0.20238095238095236
"=HYPERLINK(""https://stackoverflow.com/a/57788209"", ""57788209"")",0.3681592039800996
"=HYPERLINK(""https://stackoverflow.com/a/57814652"", ""57814652"")",0.4172185430463576
"=HYPERLINK(""https://stackoverflow.com/a/58585550"", ""58585550"")",0.3687943262411348
"=HYPERLINK(""https://stackoverflow.com/a/58606471"", ""58606471"")",0.43333333333333335
"=HYPERLINK(""https://stackoverflow.com/a/58720647"", ""58720647"")",0.2056737588652482
"=HYPERLINK(""https://stackoverflow.com/a/58772830"", ""58772830"")",0.4903100775193798
"=HYPERLINK(""https://stackoverflow.com/a/59037614"", ""59037614"")",0.4545454545454546
"=HYPERLINK(""https://stackoverflow.com/a/59160445"", ""59160445"")",0.4571428571428572
"=HYPERLINK(""https://stackoverflow.com/a/59256936"", ""59256936"")",0.29310344827586204
"=HYPERLINK(""https://stackoverflow.com/a/59298206"", ""59298206"")",0.4393939393939394
"=HYPERLINK(""https://stackoverflow.com/a/59716179"", ""59716179"")",0.5952380952380953
"=HYPERLINK(""https://stackoverflow.com/a/59722803"", ""59722803"")",0.34972677595628415
"=HYPERLINK(""https://stackoverflow.com/a/61055036"", ""61055036"")",0.19298245614035087
"=HYPERLINK(""https://stackoverflow.com/a/61129705"", ""61129705"")",0.4451827242524916
"=HYPERLINK(""https://stackoverflow.com/a/61130091"", ""61130091"")",0.26190476190476186
"=HYPERLINK(""https://stackoverflow.com/a/61586773"", ""61586773"")",0.2945736434108527
"=HYPERLINK(""https://stackoverflow.com/a/62025193"", ""62025193"")",0.5621890547263683
"=HYPERLINK(""https://stackoverflow.com/a/62528597"", ""62528597"")",0.4193548387096773
"=HYPERLINK(""https://stackoverflow.com/a/63009078"", ""63009078"")",0.4895833333333333
"=HYPERLINK(""https://stackoverflow.com/a/63151825"", ""63151825"")",0.21333333333333332
"=HYPERLINK(""https://stackoverflow.com/a/63798262"", ""63798262"")",0.36426116838487976
"=HYPERLINK(""https://stackoverflow.com/a/63805812"", ""63805812"")",0.14583333333333334
"=HYPERLINK(""https://stackoverflow.com/a/63875781"", ""63875781"")",0.4401294498381878
"=HYPERLINK(""https://stackoverflow.com/a/63948720"", ""63948720"")",0.4318181818181818
"=HYPERLINK(""https://stackoverflow.com/a/63958341"", ""63958341"")",0.1538461538461538
"=HYPERLINK(""https://stackoverflow.com/a/64209174"", ""64209174"")",0.43000000000000005
"=HYPERLINK(""https://stackoverflow.com/a/64211833"", ""64211833"")",0.37500000000000006
"=HYPERLINK(""https://stackoverflow.com/a/64438643"", ""64438643"")",0.6198347107438017
"=HYPERLINK(""https://stackoverflow.com/a/64471725"", ""64471725"")",0.382660687593423
"=HYPERLINK(""https://stackoverflow.com/a/64970620"", ""64970620"")",0.42307692307692313
"=HYPERLINK(""https://stackoverflow.com/a/65282284"", ""65282284"")",0.4593495934959351
"=HYPERLINK(""https://stackoverflow.com/a/65416435"", ""65416435"")",0.2457627118644068
"=HYPERLINK(""https://stackoverflow.com/a/65822055"", ""65822055"")",0.47679324894514763
"=HYPERLINK(""https://stackoverflow.com/a/66229801"", ""66229801"")",0.34469696969696967
"=HYPERLINK(""https://stackoverflow.com/a/66233667"", ""66233667"")",0.22666666666666663
"=HYPERLINK(""https://stackoverflow.com/a/66325974"", ""66325974"")",0.516778523489933
"=HYPERLINK(""https://stackoverflow.com/a/66633353"", ""66633353"")",0.15833333333333335
"=HYPERLINK(""https://stackoverflow.com/a/66769039"", ""66769039"")",0.3840579710144927
"=HYPERLINK(""https://stackoverflow.com/a/66909926"", ""66909926"")",0.3958333333333334
"=HYPERLINK(""https://stackoverflow.com/a/66972904"", ""66972904"")",0.19166666666666668
"=HYPERLINK(""https://stackoverflow.com/a/67051205"", ""67051205"")",0.40952380952380957
"=HYPERLINK(""https://stackoverflow.com/a/67186379"", ""67186379"")",0.3039215686274511
"=HYPERLINK(""https://stackoverflow.com/a/67610100"", ""67610100"")",0.5529411764705883
"=HYPERLINK(""https://stackoverflow.com/a/67651982"", ""67651982"")",0.4927536231884057
"=HYPERLINK(""https://stackoverflow.com/a/67867349"", ""67867349"")",0.3685446009389672
"=HYPERLINK(""https://stackoverflow.com/a/67902924"", ""67902924"")",0.5886524822695035
"=HYPERLINK(""https://stackoverflow.com/a/68196994"", ""68196994"")",0.35984848484848475
"=HYPERLINK(""https://stackoverflow.com/a/68535998"", ""68535998"")",0.39410681399631675
"=HYPERLINK(""https://stackoverflow.com/a/68869740"", ""68869740"")",0.4285714285714286
"=HYPERLINK(""https://stackoverflow.com/a/69079053"", ""69079053"")",0.12820512820512817
"=HYPERLINK(""https://stackoverflow.com/a/69127799"", ""69127799"")",0.248062015503876
"=HYPERLINK(""https://stackoverflow.com/a/69287600"", ""69287600"")",0.2126436781609195
"=HYPERLINK(""https://stackoverflow.com/a/69356152"", ""69356152"")",0.4807692307692308
"=HYPERLINK(""https://stackoverflow.com/a/69632945"", ""69632945"")",0.5917602996254681
"=HYPERLINK(""https://stackoverflow.com/a/69945250"", ""69945250"")",0.5619834710743803
"=HYPERLINK(""https://stackoverflow.com/a/69974859"", ""69974859"")",0.6845238095238096
"=HYPERLINK(""https://stackoverflow.com/a/70329710"", ""70329710"")",0.6085271317829457
"=HYPERLINK(""https://stackoverflow.com/a/70787222"", ""70787222"")",0.41333333333333333
"=HYPERLINK(""https://stackoverflow.com/a/70887663"", ""70887663"")",0.2927536231884058
"=HYPERLINK(""https://stackoverflow.com/a/71012333"", ""71012333"")",0.275
"=HYPERLINK(""https://stackoverflow.com/a/71730897"", ""71730897"")",0.46413502109704635
"=HYPERLINK(""https://stackoverflow.com/a/71831711"", ""71831711"")",0.429590017825312
"=HYPERLINK(""https://stackoverflow.com/a/71882691"", ""71882691"")",0.2925659472422062
"=HYPERLINK(""https://stackoverflow.com/a/72008858"", ""72008858"")",0.532051282051282
"=HYPERLINK(""https://stackoverflow.com/a/72065007"", ""72065007"")",0.39285714285714285
"=HYPERLINK(""https://stackoverflow.com/a/72252095"", ""72252095"")",0.3333333333333333
