link,Correlation
"=HYPERLINK(""https://stackoverflow.com/q/204910"", ""204910"")",0.6899563318777292
"=HYPERLINK(""https://stackoverflow.com/q/1092279"", ""1092279"")",0.3952380952380953
"=HYPERLINK(""https://stackoverflow.com/q/1603304"", ""1603304"")",0.29541864139020535
"=HYPERLINK(""https://stackoverflow.com/q/1615796"", ""1615796"")",0.36340852130325824
"=HYPERLINK(""https://stackoverflow.com/q/3318541"", ""3318541"")",0.20212765957446807
"=HYPERLINK(""https://stackoverflow.com/q/4921479"", ""4921479"")",0.4912280701754386
"=HYPERLINK(""https://stackoverflow.com/q/5793058"", ""5793058"")",0.4596491228070175
"=HYPERLINK(""https://stackoverflow.com/q/6083399"", ""6083399"")",0.5700000000000001
"=HYPERLINK(""https://stackoverflow.com/q/6584390"", ""6584390"")",0.6205128205128206
"=HYPERLINK(""https://stackoverflow.com/q/6605261"", ""6605261"")",0.4392156862745099
"=HYPERLINK(""https://stackoverflow.com/q/7088201"", ""7088201"")",0.5707762557077626
"=HYPERLINK(""https://stackoverflow.com/q/7117983"", ""7117983"")",0.4029850746268657
"=HYPERLINK(""https://stackoverflow.com/q/7941849"", ""7941849"")",0.6736694677871149
"=HYPERLINK(""https://stackoverflow.com/q/8313908"", ""8313908"")",0.5137614678899083
"=HYPERLINK(""https://stackoverflow.com/q/8414879"", ""8414879"")",0.6904761904761906
"=HYPERLINK(""https://stackoverflow.com/q/9772668"", ""9772668"")",0.7298850574712644
"=HYPERLINK(""https://stackoverflow.com/q/9788428"", ""9788428"")",0.5950920245398772
"=HYPERLINK(""https://stackoverflow.com/q/10053578"", ""10053578"")",0.7568627450980393
"=HYPERLINK(""https://stackoverflow.com/q/10349093"", ""10349093"")",0.6384976525821597
"=HYPERLINK(""https://stackoverflow.com/q/10424407"", ""10424407"")",0.41613588110403393
"=HYPERLINK(""https://stackoverflow.com/q/10662637"", ""10662637"")",0.524416135881104
"=HYPERLINK(""https://stackoverflow.com/q/11018110"", ""11018110"")",0.7979166666666667
"=HYPERLINK(""https://stackoverflow.com/q/11051142"", ""11051142"")",0.4611528822055138
"=HYPERLINK(""https://stackoverflow.com/q/11265550"", ""11265550"")",0.7487437185929648
"=HYPERLINK(""https://stackoverflow.com/q/11497123"", ""11497123"")",0.6745562130177514
"=HYPERLINK(""https://stackoverflow.com/q/12184335"", ""12184335"")",0.4666666666666667
"=HYPERLINK(""https://stackoverflow.com/q/12353944"", ""12353944"")",0.552486187845304
"=HYPERLINK(""https://stackoverflow.com/q/12358633"", ""12358633"")",0.4485407066052228
"=HYPERLINK(""https://stackoverflow.com/q/12536190"", ""12536190"")",0.3605442176870749
"=HYPERLINK(""https://stackoverflow.com/q/12704972"", ""12704972"")",0.32297063903281514
"=HYPERLINK(""https://stackoverflow.com/q/12753728"", ""12753728"")",0.6379310344827586
"=HYPERLINK(""https://stackoverflow.com/q/13238449"", ""13238449"")",0.4263565891472867
"=HYPERLINK(""https://stackoverflow.com/q/13315823"", ""13315823"")",0.3287671232876712
"=HYPERLINK(""https://stackoverflow.com/q/13316285"", ""13316285"")",0.28645833333333326
"=HYPERLINK(""https://stackoverflow.com/q/13368407"", ""13368407"")",0.38251366120218583
"=HYPERLINK(""https://stackoverflow.com/q/13483324"", ""13483324"")",0.54434250764526
"=HYPERLINK(""https://stackoverflow.com/q/13753775"", ""13753775"")",0.3541666666666668
"=HYPERLINK(""https://stackoverflow.com/q/14620336"", ""14620336"")",0.38812785388127846
"=HYPERLINK(""https://stackoverflow.com/q/14638613"", ""14638613"")",0.33009708737864074
"=HYPERLINK(""https://stackoverflow.com/q/15204160"", ""15204160"")",0.6422018348623854
"=HYPERLINK(""https://stackoverflow.com/q/15374015"", ""15374015"")",0.7263681592039803
"=HYPERLINK(""https://stackoverflow.com/q/15784752"", ""15784752"")",0.5388127853881278
"=HYPERLINK(""https://stackoverflow.com/q/16349806"", ""16349806"")",0.4545454545454546
"=HYPERLINK(""https://stackoverflow.com/q/16566091"", ""16566091"")",0.5443037974683544
"=HYPERLINK(""https://stackoverflow.com/q/16773395"", ""16773395"")",0.6880733944954129
"=HYPERLINK(""https://stackoverflow.com/q/17279643"", ""17279643"")",0.3535911602209946
"=HYPERLINK(""https://stackoverflow.com/q/17345390"", ""17345390"")",0.45672191528545136
"=HYPERLINK(""https://stackoverflow.com/q/17532337"", ""17532337"")",0.46112886048988294
"=HYPERLINK(""https://stackoverflow.com/q/18205107"", ""18205107"")",0.40804597701149425
"=HYPERLINK(""https://stackoverflow.com/q/18564807"", ""18564807"")",0.5229681978798585
"=HYPERLINK(""https://stackoverflow.com/q/18897765"", ""18897765"")",0.4200913242009132
"=HYPERLINK(""https://stackoverflow.com/q/19040621"", ""19040621"")",0.5857605177993527
"=HYPERLINK(""https://stackoverflow.com/q/19284950"", ""19284950"")",0.4504065040650406
"=HYPERLINK(""https://stackoverflow.com/q/19686776"", ""19686776"")",0.3746556473829202
"=HYPERLINK(""https://stackoverflow.com/q/19762974"", ""19762974"")",0.3666666666666667
"=HYPERLINK(""https://stackoverflow.com/q/20869474"", ""20869474"")",0.6013513513513513
"=HYPERLINK(""https://stackoverflow.com/q/21618857"", ""21618857"")",0.592039800995025
"=HYPERLINK(""https://stackoverflow.com/q/22187893"", ""22187893"")",0.4834437086092715
"=HYPERLINK(""https://stackoverflow.com/q/22293195"", ""22293195"")",0.7473118279569892
"=HYPERLINK(""https://stackoverflow.com/q/22379137"", ""22379137"")",0.36742424242424243
"=HYPERLINK(""https://stackoverflow.com/q/23017469"", ""23017469"")",0.8449197860962568
"=HYPERLINK(""https://stackoverflow.com/q/23129094"", ""23129094"")",0.29580573951434885
"=HYPERLINK(""https://stackoverflow.com/q/23537506"", ""23537506"")",0.5526315789473685
"=HYPERLINK(""https://stackoverflow.com/q/23760074"", ""23760074"")",0.46153846153846156
"=HYPERLINK(""https://stackoverflow.com/q/24175015"", ""24175015"")",0.5495495495495496
"=HYPERLINK(""https://stackoverflow.com/q/24203262"", ""24203262"")",0.7029360967184802
"=HYPERLINK(""https://stackoverflow.com/q/24269076"", ""24269076"")",0.5394736842105263
"=HYPERLINK(""https://stackoverflow.com/q/24994868"", ""24994868"")",0.5981735159817352
"=HYPERLINK(""https://stackoverflow.com/q/25027797"", ""25027797"")",0.46969696969696967
"=HYPERLINK(""https://stackoverflow.com/q/25343706"", ""25343706"")",0.3533333333333334
"=HYPERLINK(""https://stackoverflow.com/q/26637867"", ""26637867"")",0.7650273224043715
"=HYPERLINK(""https://stackoverflow.com/q/26995894"", ""26995894"")",0.2719298245614035
"=HYPERLINK(""https://stackoverflow.com/q/27012958"", ""27012958"")",0.47034764826175873
"=HYPERLINK(""https://stackoverflow.com/q/27157823"", ""27157823"")",0.5251141552511416
"=HYPERLINK(""https://stackoverflow.com/q/27301497"", ""27301497"")",0.6081081081081082
"=HYPERLINK(""https://stackoverflow.com/q/27314791"", ""27314791"")",0.3839662447257383
"=HYPERLINK(""https://stackoverflow.com/q/27322583"", ""27322583"")",0.39716312056737585
"=HYPERLINK(""https://stackoverflow.com/q/27397714"", ""27397714"")",0.7857142857142858
"=HYPERLINK(""https://stackoverflow.com/q/27784160"", ""27784160"")",0.5606060606060606
"=HYPERLINK(""https://stackoverflow.com/q/28363172"", ""28363172"")",0.6638418079096046
"=HYPERLINK(""https://stackoverflow.com/q/28580973"", ""28580973"")",0.4460431654676259
"=HYPERLINK(""https://stackoverflow.com/q/28619336"", ""28619336"")",0.3138211382113822
"=HYPERLINK(""https://stackoverflow.com/q/28678198"", ""28678198"")",0.5669291338582678
"=HYPERLINK(""https://stackoverflow.com/q/28815584"", ""28815584"")",0.3319148936170213
"=HYPERLINK(""https://stackoverflow.com/q/28868463"", ""28868463"")",0.4928017718715393
"=HYPERLINK(""https://stackoverflow.com/q/29076825"", ""29076825"")",0.4107981220657278
"=HYPERLINK(""https://stackoverflow.com/q/29135543"", ""29135543"")",0.4705882352941178
"=HYPERLINK(""https://stackoverflow.com/q/29174983"", ""29174983"")",0.3316326530612245
"=HYPERLINK(""https://stackoverflow.com/q/29344928"", ""29344928"")",0.6102150537634408
"=HYPERLINK(""https://stackoverflow.com/q/29936919"", ""29936919"")",0.7362110311750599
"=HYPERLINK(""https://stackoverflow.com/q/30044316"", ""30044316"")",0.6869918699186994
"=HYPERLINK(""https://stackoverflow.com/q/30131870"", ""30131870"")",0.7641025641025642
"=HYPERLINK(""https://stackoverflow.com/q/30150878"", ""30150878"")",0.3552631578947368
"=HYPERLINK(""https://stackoverflow.com/q/30312432"", ""30312432"")",0.518840579710145
"=HYPERLINK(""https://stackoverflow.com/q/30322558"", ""30322558"")",0.5388471177944864
"=HYPERLINK(""https://stackoverflow.com/q/30381840"", ""30381840"")",0.7493112947658402
"=HYPERLINK(""https://stackoverflow.com/q/30558879"", ""30558879"")",0.2857142857142856
"=HYPERLINK(""https://stackoverflow.com/q/30721056"", ""30721056"")",0.5853107344632769
"=HYPERLINK(""https://stackoverflow.com/q/30850245"", ""30850245"")",0.34703196347031956
"=HYPERLINK(""https://stackoverflow.com/q/30934754"", ""30934754"")",0.8007889546351085
"=HYPERLINK(""https://stackoverflow.com/q/31225855"", ""31225855"")",0.2740286298568507
"=HYPERLINK(""https://stackoverflow.com/q/31308952"", ""31308952"")",0.4539007092198582
"=HYPERLINK(""https://stackoverflow.com/q/31377213"", ""31377213"")",0.3839662447257383
"=HYPERLINK(""https://stackoverflow.com/q/31537449"", ""31537449"")",0.8049645390070921
"=HYPERLINK(""https://stackoverflow.com/q/31615707"", ""31615707"")",0.6336270190895742
"=HYPERLINK(""https://stackoverflow.com/q/31619548"", ""31619548"")",0.3747228381374723
"=HYPERLINK(""https://stackoverflow.com/q/31796003"", ""31796003"")",0.7681159420289857
"=HYPERLINK(""https://stackoverflow.com/q/31857905"", ""31857905"")",0.7343358395989975
"=HYPERLINK(""https://stackoverflow.com/q/31975618"", ""31975618"")",0.5037593984962407
"=HYPERLINK(""https://stackoverflow.com/q/32274682"", ""32274682"")",0.2545045045045045
"=HYPERLINK(""https://stackoverflow.com/q/32276780"", ""32276780"")",0.4285714285714285
"=HYPERLINK(""https://stackoverflow.com/q/32838190"", ""32838190"")",0.3464912280701754
"=HYPERLINK(""https://stackoverflow.com/q/32926421"", ""32926421"")",0.3899371069182391
"=HYPERLINK(""https://stackoverflow.com/q/32972080"", ""32972080"")",0.4703476482617586
"=HYPERLINK(""https://stackoverflow.com/q/33049432"", ""33049432"")",0.44278606965174133
"=HYPERLINK(""https://stackoverflow.com/q/33251977"", ""33251977"")",0.6943164362519202
"=HYPERLINK(""https://stackoverflow.com/q/33257911"", ""33257911"")",0.4975124378109454
"=HYPERLINK(""https://stackoverflow.com/q/33292296"", ""33292296"")",0.8333333333333334
"=HYPERLINK(""https://stackoverflow.com/q/33338637"", ""33338637"")",0.6563573883161513
"=HYPERLINK(""https://stackoverflow.com/q/33361470"", ""33361470"")",0.43478260869565216
"=HYPERLINK(""https://stackoverflow.com/q/33794798"", ""33794798"")",0.35849056603773577
"=HYPERLINK(""https://stackoverflow.com/q/33869108"", ""33869108"")",0.35360360360360354
"=HYPERLINK(""https://stackoverflow.com/q/34123483"", ""34123483"")",0.5102564102564104
"=HYPERLINK(""https://stackoverflow.com/q/34273007"", ""34273007"")",0.46086956521739136
"=HYPERLINK(""https://stackoverflow.com/q/34294212"", ""34294212"")",0.5307855626326964
"=HYPERLINK(""https://stackoverflow.com/q/34303865"", ""34303865"")",0.7237851662404092
"=HYPERLINK(""https://stackoverflow.com/q/34634978"", ""34634978"")",0.5351681957186545
"=HYPERLINK(""https://stackoverflow.com/q/34956301"", ""34956301"")",0.49348958333333337
"=HYPERLINK(""https://stackoverflow.com/q/35000569"", ""35000569"")",0.5
"=HYPERLINK(""https://stackoverflow.com/q/35161834"", ""35161834"")",0.5157232704402516
"=HYPERLINK(""https://stackoverflow.com/q/35269720"", ""35269720"")",0.361904761904762
"=HYPERLINK(""https://stackoverflow.com/q/35493485"", ""35493485"")",0.3175542406311637
"=HYPERLINK(""https://stackoverflow.com/q/35637785"", ""35637785"")",0.2551724137931035
"=HYPERLINK(""https://stackoverflow.com/q/35648454"", ""35648454"")",0.5189873417721518
"=HYPERLINK(""https://stackoverflow.com/q/36708454"", ""36708454"")",0.835897435897436
"=HYPERLINK(""https://stackoverflow.com/q/37002261"", ""37002261"")",0.425287356321839
"=HYPERLINK(""https://stackoverflow.com/q/37119168"", ""37119168"")",0.6112994350282487
"=HYPERLINK(""https://stackoverflow.com/q/37271794"", ""37271794"")",0.5971014492753625
"=HYPERLINK(""https://stackoverflow.com/q/37361622"", ""37361622"")",0.4536340852130326
"=HYPERLINK(""https://stackoverflow.com/q/37472898"", ""37472898"")",0.5275590551181103
"=HYPERLINK(""https://stackoverflow.com/q/37519307"", ""37519307"")",0.3507246376811594
"=HYPERLINK(""https://stackoverflow.com/q/37521980"", ""37521980"")",0.2731707317073171
"=HYPERLINK(""https://stackoverflow.com/q/37608332"", ""37608332"")",0.28750000000000003
"=HYPERLINK(""https://stackoverflow.com/q/37645117"", ""37645117"")",0.30379746835443044
"=HYPERLINK(""https://stackoverflow.com/q/37711589"", ""37711589"")",0.6343042071197412
"=HYPERLINK(""https://stackoverflow.com/q/37734418"", ""37734418"")",0.7616279069767441
"=HYPERLINK(""https://stackoverflow.com/q/38020105"", ""38020105"")",0.35666666666666674
"=HYPERLINK(""https://stackoverflow.com/q/38087412"", ""38087412"")",0.24122807017543857
"=HYPERLINK(""https://stackoverflow.com/q/38119062"", ""38119062"")",0.39568345323741017
"=HYPERLINK(""https://stackoverflow.com/q/38198159"", ""38198159"")",0.3794871794871796
"=HYPERLINK(""https://stackoverflow.com/q/38529214"", ""38529214"")",0.6612021857923497
"=HYPERLINK(""https://stackoverflow.com/q/38685540"", ""38685540"")",0.6127450980392157
"=HYPERLINK(""https://stackoverflow.com/q/38758185"", ""38758185"")",0.53168044077135
"=HYPERLINK(""https://stackoverflow.com/q/38770459"", ""38770459"")",0.27848101265822783
"=HYPERLINK(""https://stackoverflow.com/q/38890997"", ""38890997"")",0.30364372469635625
"=HYPERLINK(""https://stackoverflow.com/q/38897981"", ""38897981"")",0.6550387596899223
"=HYPERLINK(""https://stackoverflow.com/q/38959210"", ""38959210"")",0.4510385756676558
"=HYPERLINK(""https://stackoverflow.com/q/39087824"", ""39087824"")",0.4784313725490198
"=HYPERLINK(""https://stackoverflow.com/q/39119453"", ""39119453"")",0.3594470046082951
"=HYPERLINK(""https://stackoverflow.com/q/39139528"", ""39139528"")",0.4868913857677903
"=HYPERLINK(""https://stackoverflow.com/q/39143904"", ""39143904"")",0.4761904761904762
"=HYPERLINK(""https://stackoverflow.com/q/39219486"", ""39219486"")",0.4093137254901962
"=HYPERLINK(""https://stackoverflow.com/q/39355584"", ""39355584"")",0.31734317343173424
"=HYPERLINK(""https://stackoverflow.com/q/39392938"", ""39392938"")",0.7172619047619049
"=HYPERLINK(""https://stackoverflow.com/q/39406016"", ""39406016"")",0.36405529953917054
"=HYPERLINK(""https://stackoverflow.com/q/39567504"", ""39567504"")",0.7588652482269503
"=HYPERLINK(""https://stackoverflow.com/q/39857503"", ""39857503"")",0.6760563380281691
"=HYPERLINK(""https://stackoverflow.com/q/39924449"", ""39924449"")",0.3385826771653544
"=HYPERLINK(""https://stackoverflow.com/q/40246998"", ""40246998"")",0.6182170542635658
"=HYPERLINK(""https://stackoverflow.com/q/40490241"", ""40490241"")",0.34707903780068733
"=HYPERLINK(""https://stackoverflow.com/q/40546732"", ""40546732"")",0.406015037593985
"=HYPERLINK(""https://stackoverflow.com/q/40662373"", ""40662373"")",0.7889908256880733
"=HYPERLINK(""https://stackoverflow.com/q/40752749"", ""40752749"")",0.6642685851318945
"=HYPERLINK(""https://stackoverflow.com/q/40769898"", ""40769898"")",0.4859154929577466
"=HYPERLINK(""https://stackoverflow.com/q/40800465"", ""40800465"")",0.31518151815181517
"=HYPERLINK(""https://stackoverflow.com/q/41005325"", ""41005325"")",0.7061143984220908
"=HYPERLINK(""https://stackoverflow.com/q/41334771"", ""41334771"")",0.5285996055226824
"=HYPERLINK(""https://stackoverflow.com/q/41718795"", ""41718795"")",0.8190476190476191
"=HYPERLINK(""https://stackoverflow.com/q/41732201"", ""41732201"")",0.7061143984220906
"=HYPERLINK(""https://stackoverflow.com/q/41744526"", ""41744526"")",0.5460992907801417
"=HYPERLINK(""https://stackoverflow.com/q/41828794"", ""41828794"")",0.610062893081761
"=HYPERLINK(""https://stackoverflow.com/q/41841570"", ""41841570"")",0.7797101449275362
"=HYPERLINK(""https://stackoverflow.com/q/42041438"", ""42041438"")",0.540880503144654
"=HYPERLINK(""https://stackoverflow.com/q/42215575"", ""42215575"")",0.41860465116279066
"=HYPERLINK(""https://stackoverflow.com/q/42358962"", ""42358962"")",0.5447154471544717
"=HYPERLINK(""https://stackoverflow.com/q/42589643"", ""42589643"")",0.4908136482939633
"=HYPERLINK(""https://stackoverflow.com/q/43370971"", ""43370971"")",0.5476190476190478
"=HYPERLINK(""https://stackoverflow.com/q/43611810"", ""43611810"")",0.28346456692913385
"=HYPERLINK(""https://stackoverflow.com/q/43640828"", ""43640828"")",0.25742574257425743
"=HYPERLINK(""https://stackoverflow.com/q/43677485"", ""43677485"")",0.6486486486486487
"=HYPERLINK(""https://stackoverflow.com/q/44129721"", ""44129721"")",0.3859649122807017
"=HYPERLINK(""https://stackoverflow.com/q/44380186"", ""44380186"")",0.3818770226537218
"=HYPERLINK(""https://stackoverflow.com/q/44428647"", ""44428647"")",0.3958333333333334
"=HYPERLINK(""https://stackoverflow.com/q/44444808"", ""44444808"")",0.6298701298701299
"=HYPERLINK(""https://stackoverflow.com/q/44570775"", ""44570775"")",0.5641025641025642
"=HYPERLINK(""https://stackoverflow.com/q/44637606"", ""44637606"")",0.3443830570902395
"=HYPERLINK(""https://stackoverflow.com/q/44780756"", ""44780756"")",0.4000000000000001
"=HYPERLINK(""https://stackoverflow.com/q/44903626"", ""44903626"")",0.49885057471264377
"=HYPERLINK(""https://stackoverflow.com/q/45104000"", ""45104000"")",0.3215962441314554
"=HYPERLINK(""https://stackoverflow.com/q/45194444"", ""45194444"")",0.7631205673758866
"=HYPERLINK(""https://stackoverflow.com/q/45360416"", ""45360416"")",0.5931758530183726
"=HYPERLINK(""https://stackoverflow.com/q/45450570"", ""45450570"")",0.7548209366391185
"=HYPERLINK(""https://stackoverflow.com/q/45470345"", ""45470345"")",0.5922865013774107
"=HYPERLINK(""https://stackoverflow.com/q/45487918"", ""45487918"")",0.3923739237392373
"=HYPERLINK(""https://stackoverflow.com/q/45529304"", ""45529304"")",0.4099290780141843
"=HYPERLINK(""https://stackoverflow.com/q/45546856"", ""45546856"")",0.4699186991869918
"=HYPERLINK(""https://stackoverflow.com/q/45580590"", ""45580590"")",0.5212121212121213
"=HYPERLINK(""https://stackoverflow.com/q/45836695"", ""45836695"")",0.39382239382239376
"=HYPERLINK(""https://stackoverflow.com/q/45839352"", ""45839352"")",0.5971563981042654
"=HYPERLINK(""https://stackoverflow.com/q/45868015"", ""45868015"")",0.5285451197053408
"=HYPERLINK(""https://stackoverflow.com/q/45933736"", ""45933736"")",0.3076923076923077
"=HYPERLINK(""https://stackoverflow.com/q/46064539"", ""46064539"")",0.48596491228070166
"=HYPERLINK(""https://stackoverflow.com/q/46064772"", ""46064772"")",0.6116207951070336
"=HYPERLINK(""https://stackoverflow.com/q/46193584"", ""46193584"")",0.33647798742138363
"=HYPERLINK(""https://stackoverflow.com/q/46345378"", ""46345378"")",0.4931506849315068
"=HYPERLINK(""https://stackoverflow.com/q/46460264"", ""46460264"")",0.5208333333333335
"=HYPERLINK(""https://stackoverflow.com/q/46548800"", ""46548800"")",0.419607843137255
"=HYPERLINK(""https://stackoverflow.com/q/46791114"", ""46791114"")",0.36363636363636376
"=HYPERLINK(""https://stackoverflow.com/q/46800065"", ""46800065"")",0.5591397849462367
"=HYPERLINK(""https://stackoverflow.com/q/46811969"", ""46811969"")",0.3778877887788779
"=HYPERLINK(""https://stackoverflow.com/q/46831193"", ""46831193"")",0.4392156862745099
"=HYPERLINK(""https://stackoverflow.com/q/46924980"", ""46924980"")",0.46981627296587924
"=HYPERLINK(""https://stackoverflow.com/q/46963203"", ""46963203"")",0.442211055276382
"=HYPERLINK(""https://stackoverflow.com/q/46978048"", ""46978048"")",0.3733705772811918
"=HYPERLINK(""https://stackoverflow.com/q/46979139"", ""46979139"")",0.6410256410256411
"=HYPERLINK(""https://stackoverflow.com/q/47032160"", ""47032160"")",0.7619047619047618
"=HYPERLINK(""https://stackoverflow.com/q/47070921"", ""47070921"")",0.7464212678936605
"=HYPERLINK(""https://stackoverflow.com/q/47155659"", ""47155659"")",0.6520146520146521
"=HYPERLINK(""https://stackoverflow.com/q/47198541"", ""47198541"")",0.6264367816091954
"=HYPERLINK(""https://stackoverflow.com/q/47214278"", ""47214278"")",0.6801801801801802
"=HYPERLINK(""https://stackoverflow.com/q/47296680"", ""47296680"")",0.66
"=HYPERLINK(""https://stackoverflow.com/q/47417847"", ""47417847"")",0.5714285714285716
"=HYPERLINK(""https://stackoverflow.com/q/47556347"", ""47556347"")",0.5114155251141552
"=HYPERLINK(""https://stackoverflow.com/q/47623282"", ""47623282"")",0.43269230769230776
"=HYPERLINK(""https://stackoverflow.com/q/47671614"", ""47671614"")",0.6115942028985507
"=HYPERLINK(""https://stackoverflow.com/q/47682692"", ""47682692"")",0.6341463414634148
"=HYPERLINK(""https://stackoverflow.com/q/47695201"", ""47695201"")",0.43666666666666665
"=HYPERLINK(""https://stackoverflow.com/q/47714901"", ""47714901"")",0.48286604361370705
"=HYPERLINK(""https://stackoverflow.com/q/47716695"", ""47716695"")",0.5507246376811595
"=HYPERLINK(""https://stackoverflow.com/q/47771201"", ""47771201"")",0.5055187637969096
"=HYPERLINK(""https://stackoverflow.com/q/47777607"", ""47777607"")",0.7058823529411765
"=HYPERLINK(""https://stackoverflow.com/q/47823062"", ""47823062"")",0.4770642201834862
"=HYPERLINK(""https://stackoverflow.com/q/47835613"", ""47835613"")",0.6367041198501872
"=HYPERLINK(""https://stackoverflow.com/q/47840209"", ""47840209"")",0.3129251700680271
"=HYPERLINK(""https://stackoverflow.com/q/47923322"", ""47923322"")",0.48226950354609927
"=HYPERLINK(""https://stackoverflow.com/q/48007039"", ""48007039"")",0.3505747126436782
"=HYPERLINK(""https://stackoverflow.com/q/48118271"", ""48118271"")",0.358095238095238
"=HYPERLINK(""https://stackoverflow.com/q/48285586"", ""48285586"")",0.6549019607843138
"=HYPERLINK(""https://stackoverflow.com/q/48397934"", ""48397934"")",0.3243243243243244
"=HYPERLINK(""https://stackoverflow.com/q/48405893"", ""48405893"")",0.358974358974359
"=HYPERLINK(""https://stackoverflow.com/q/48421583"", ""48421583"")",0.32924335378323116
"=HYPERLINK(""https://stackoverflow.com/q/48464192"", ""48464192"")",0.7428571428571429
"=HYPERLINK(""https://stackoverflow.com/q/48786181"", ""48786181"")",0.3573059360730594
"=HYPERLINK(""https://stackoverflow.com/q/49077872"", ""49077872"")",0.35625000000000007
"=HYPERLINK(""https://stackoverflow.com/q/49091472"", ""49091472"")",0.780590717299578
"=HYPERLINK(""https://stackoverflow.com/q/49137334"", ""49137334"")",0.5164835164835165
"=HYPERLINK(""https://stackoverflow.com/q/49251824"", ""49251824"")",0.5809128630705395
"=HYPERLINK(""https://stackoverflow.com/q/49274539"", ""49274539"")",0.6013513513513515
"=HYPERLINK(""https://stackoverflow.com/q/49323871"", ""49323871"")",0.539622641509434
"=HYPERLINK(""https://stackoverflow.com/q/49402269"", ""49402269"")",0.442622950819672
"=HYPERLINK(""https://stackoverflow.com/q/49518554"", ""49518554"")",0.35700197238658776
"=HYPERLINK(""https://stackoverflow.com/q/49526070"", ""49526070"")",0.7590361445783133
"=HYPERLINK(""https://stackoverflow.com/q/49526084"", ""49526084"")",0.523809523809524
"=HYPERLINK(""https://stackoverflow.com/q/49534796"", ""49534796"")",0.3391304347826087
"=HYPERLINK(""https://stackoverflow.com/q/49562075"", ""49562075"")",0.7069597069597071
"=HYPERLINK(""https://stackoverflow.com/q/49675149"", ""49675149"")",0.6931818181818181
"=HYPERLINK(""https://stackoverflow.com/q/49734587"", ""49734587"")",0.7744360902255639
"=HYPERLINK(""https://stackoverflow.com/q/49890179"", ""49890179"")",0.6979166666666667
"=HYPERLINK(""https://stackoverflow.com/q/49920880"", ""49920880"")",0.4226190476190478
"=HYPERLINK(""https://stackoverflow.com/q/50067375"", ""50067375"")",0.8311688311688312
"=HYPERLINK(""https://stackoverflow.com/q/50115886"", ""50115886"")",0.5507442489851151
"=HYPERLINK(""https://stackoverflow.com/q/50162265"", ""50162265"")",0.49264705882352955
"=HYPERLINK(""https://stackoverflow.com/q/50163146"", ""50163146"")",0.7585301837270341
"=HYPERLINK(""https://stackoverflow.com/q/50179871"", ""50179871"")",0.7090395480225988
"=HYPERLINK(""https://stackoverflow.com/q/50271174"", ""50271174"")",0.29166666666666674
"=HYPERLINK(""https://stackoverflow.com/q/50329199"", ""50329199"")",0.7803921568627452
"=HYPERLINK(""https://stackoverflow.com/q/50361561"", ""50361561"")",0.36470588235294127
"=HYPERLINK(""https://stackoverflow.com/q/50459042"", ""50459042"")",0.44339622641509435
"=HYPERLINK(""https://stackoverflow.com/q/50471867"", ""50471867"")",0.8437499999999999
"=HYPERLINK(""https://stackoverflow.com/q/50559852"", ""50559852"")",0.6666666666666667
"=HYPERLINK(""https://stackoverflow.com/q/50629477"", ""50629477"")",0.8355855855855854
"=HYPERLINK(""https://stackoverflow.com/q/50639744"", ""50639744"")",0.7128514056224899
"=HYPERLINK(""https://stackoverflow.com/q/50712929"", ""50712929"")",0.5156177156177156
"=HYPERLINK(""https://stackoverflow.com/q/50806677"", ""50806677"")",0.24908424908424914
"=HYPERLINK(""https://stackoverflow.com/q/51010525"", ""51010525"")",0.7183271832718326
"=HYPERLINK(""https://stackoverflow.com/q/51051724"", ""51051724"")",0.37089201877934275
"=HYPERLINK(""https://stackoverflow.com/q/51074870"", ""51074870"")",0.6
"=HYPERLINK(""https://stackoverflow.com/q/51076235"", ""51076235"")",0.7184801381692573
"=HYPERLINK(""https://stackoverflow.com/q/51139242"", ""51139242"")",0.6866666666666665
"=HYPERLINK(""https://stackoverflow.com/q/51169089"", ""51169089"")",0.3548387096774194
"=HYPERLINK(""https://stackoverflow.com/q/51215668"", ""51215668"")",0.4637681159420289
"=HYPERLINK(""https://stackoverflow.com/q/51302010"", ""51302010"")",0.26027397260273966
"=HYPERLINK(""https://stackoverflow.com/q/51325106"", ""51325106"")",0.6227106227106228
"=HYPERLINK(""https://stackoverflow.com/q/51333824"", ""51333824"")",0.47988505747126436
"=HYPERLINK(""https://stackoverflow.com/q/51414839"", ""51414839"")",0.43548387096774205
"=HYPERLINK(""https://stackoverflow.com/q/51430296"", ""51430296"")",0.2701149425287355
"=HYPERLINK(""https://stackoverflow.com/q/51629850"", ""51629850"")",0.512820512820513
"=HYPERLINK(""https://stackoverflow.com/q/51759696"", ""51759696"")",0.3642213642213642
"=HYPERLINK(""https://stackoverflow.com/q/51762361"", ""51762361"")",0.44
"=HYPERLINK(""https://stackoverflow.com/q/51799979"", ""51799979"")",0.36147186147186156
"=HYPERLINK(""https://stackoverflow.com/q/51824950"", ""51824950"")",0.39269406392694056
"=HYPERLINK(""https://stackoverflow.com/q/51843992"", ""51843992"")",0.3288288288288289
"=HYPERLINK(""https://stackoverflow.com/q/51856594"", ""51856594"")",0.628930817610063
"=HYPERLINK(""https://stackoverflow.com/q/51876110"", ""51876110"")",0.5163120567375887
"=HYPERLINK(""https://stackoverflow.com/q/52040311"", ""52040311"")",0.38095238095238104
"=HYPERLINK(""https://stackoverflow.com/q/52066447"", ""52066447"")",0.4298245614035087
"=HYPERLINK(""https://stackoverflow.com/q/52116369"", ""52116369"")",0.6630036630036632
"=HYPERLINK(""https://stackoverflow.com/q/52239503"", ""52239503"")",0.4360902255639098
"=HYPERLINK(""https://stackoverflow.com/q/52273171"", ""52273171"")",0.48405797101449277
"=HYPERLINK(""https://stackoverflow.com/q/52339681"", ""52339681"")",0.4276729559748428
"=HYPERLINK(""https://stackoverflow.com/q/52362787"", ""52362787"")",0.35000000000000003
"=HYPERLINK(""https://stackoverflow.com/q/52373376"", ""52373376"")",0.6705882352941178
"=HYPERLINK(""https://stackoverflow.com/q/52385476"", ""52385476"")",0.5822784810126582
"=HYPERLINK(""https://stackoverflow.com/q/52534884"", ""52534884"")",0.6666666666666669
"=HYPERLINK(""https://stackoverflow.com/q/52638890"", ""52638890"")",0.49242424242424243
"=HYPERLINK(""https://stackoverflow.com/q/52667762"", ""52667762"")",0.39770114942528745
"=HYPERLINK(""https://stackoverflow.com/q/52695831"", ""52695831"")",0.26160337552742613
"=HYPERLINK(""https://stackoverflow.com/q/52743260"", ""52743260"")",0.2921492921492922
"=HYPERLINK(""https://stackoverflow.com/q/52763726"", ""52763726"")",0.3629032258064517
"=HYPERLINK(""https://stackoverflow.com/q/52796905"", ""52796905"")",0.6706192358366271
"=HYPERLINK(""https://stackoverflow.com/q/52842020"", ""52842020"")",0.5053763440860215
"=HYPERLINK(""https://stackoverflow.com/q/52998335"", ""52998335"")",0.40350877192982454
"=HYPERLINK(""https://stackoverflow.com/q/53287922"", ""53287922"")",0.6694915254237289
"=HYPERLINK(""https://stackoverflow.com/q/53390039"", ""53390039"")",0.49717514124293793
"=HYPERLINK(""https://stackoverflow.com/q/53400738"", ""53400738"")",0.7378787878787879
"=HYPERLINK(""https://stackoverflow.com/q/53406198"", ""53406198"")",0.47457627118644075
"=HYPERLINK(""https://stackoverflow.com/q/53413721"", ""53413721"")",0.6250000000000001
"=HYPERLINK(""https://stackoverflow.com/q/53427535"", ""53427535"")",0.4231884057971015
"=HYPERLINK(""https://stackoverflow.com/q/53437936"", ""53437936"")",0.4931506849315068
"=HYPERLINK(""https://stackoverflow.com/q/53511433"", ""53511433"")",0.46887966804979253
"=HYPERLINK(""https://stackoverflow.com/q/53519782"", ""53519782"")",0.5314465408805031
"=HYPERLINK(""https://stackoverflow.com/q/53569570"", ""53569570"")",0.45083932853717035
"=HYPERLINK(""https://stackoverflow.com/q/53586515"", ""53586515"")",0.3655913978494623
"=HYPERLINK(""https://stackoverflow.com/q/53637551"", ""53637551"")",0.7589285714285715
"=HYPERLINK(""https://stackoverflow.com/q/53669208"", ""53669208"")",0.6997792494481236
"=HYPERLINK(""https://stackoverflow.com/q/53713769"", ""53713769"")",0.7358490566037735
"=HYPERLINK(""https://stackoverflow.com/q/53732965"", ""53732965"")",0.5812672176308541
"=HYPERLINK(""https://stackoverflow.com/q/53814789"", ""53814789"")",0.6210045662100456
"=HYPERLINK(""https://stackoverflow.com/q/53921527"", ""53921527"")",0.7090909090909091
"=HYPERLINK(""https://stackoverflow.com/q/54065678"", ""54065678"")",0.5617597292724196
"=HYPERLINK(""https://stackoverflow.com/q/54144150"", ""54144150"")",0.6766334440753045
"=HYPERLINK(""https://stackoverflow.com/q/54246227"", ""54246227"")",0.7413554633471647
"=HYPERLINK(""https://stackoverflow.com/q/54261829"", ""54261829"")",0.40530303030303033
"=HYPERLINK(""https://stackoverflow.com/q/54579135"", ""54579135"")",0.7096774193548386
"=HYPERLINK(""https://stackoverflow.com/q/54665401"", ""54665401"")",0.5328083989501311
"=HYPERLINK(""https://stackoverflow.com/q/54683088"", ""54683088"")",0.21969696969696964
"=HYPERLINK(""https://stackoverflow.com/q/54691507"", ""54691507"")",0.5267857142857144
"=HYPERLINK(""https://stackoverflow.com/q/54730007"", ""54730007"")",0.5130434782608696
"=HYPERLINK(""https://stackoverflow.com/q/54811476"", ""54811476"")",0.39393939393939403
"=HYPERLINK(""https://stackoverflow.com/q/54861492"", ""54861492"")",0.5106382978723405
"=HYPERLINK(""https://stackoverflow.com/q/54956920"", ""54956920"")",0.8708487084870847
"=HYPERLINK(""https://stackoverflow.com/q/54977225"", ""54977225"")",0.4310344827586207
"=HYPERLINK(""https://stackoverflow.com/q/54994846"", ""54994846"")",0.32450331125827814
"=HYPERLINK(""https://stackoverflow.com/q/55128615"", ""55128615"")",0.3256410256410257
"=HYPERLINK(""https://stackoverflow.com/q/55274267"", ""55274267"")",0.5857988165680472
"=HYPERLINK(""https://stackoverflow.com/q/55370514"", ""55370514"")",0.8229166666666669
"=HYPERLINK(""https://stackoverflow.com/q/55378452"", ""55378452"")",0.28666666666666674
"=HYPERLINK(""https://stackoverflow.com/q/55388553"", ""55388553"")",0.53125
"=HYPERLINK(""https://stackoverflow.com/q/55391014"", ""55391014"")",0.6287878787878788
"=HYPERLINK(""https://stackoverflow.com/q/55412772"", ""55412772"")",0.47465437788018433
"=HYPERLINK(""https://stackoverflow.com/q/55486907"", ""55486907"")",0.5650406504065041
"=HYPERLINK(""https://stackoverflow.com/q/55491849"", ""55491849"")",0.5229885057471264
"=HYPERLINK(""https://stackoverflow.com/q/55601798"", ""55601798"")",0.6504854368932039
"=HYPERLINK(""https://stackoverflow.com/q/55628779"", ""55628779"")",0.453074433656958
"=HYPERLINK(""https://stackoverflow.com/q/55781064"", ""55781064"")",0.7955974842767295
"=HYPERLINK(""https://stackoverflow.com/q/55807451"", ""55807451"")",0.5677966101694916
"=HYPERLINK(""https://stackoverflow.com/q/55815473"", ""55815473"")",0.554140127388535
"=HYPERLINK(""https://stackoverflow.com/q/55835663"", ""55835663"")",0.7463768115942029
"=HYPERLINK(""https://stackoverflow.com/q/55930867"", ""55930867"")",0.5372670807453416
"=HYPERLINK(""https://stackoverflow.com/q/56005773"", ""56005773"")",0.3668639053254437
"=HYPERLINK(""https://stackoverflow.com/q/56026003"", ""56026003"")",0.41666666666666663
"=HYPERLINK(""https://stackoverflow.com/q/56115850"", ""56115850"")",0.6622807017543858
"=HYPERLINK(""https://stackoverflow.com/q/56190876"", ""56190876"")",0.6447368421052632
"=HYPERLINK(""https://stackoverflow.com/q/56326952"", ""56326952"")",0.7372881355932204
"=HYPERLINK(""https://stackoverflow.com/q/56361993"", ""56361993"")",0.39269406392694056
"=HYPERLINK(""https://stackoverflow.com/q/56427192"", ""56427192"")",0.4927536231884059
"=HYPERLINK(""https://stackoverflow.com/q/56561425"", ""56561425"")",0.7003058103975536
"=HYPERLINK(""https://stackoverflow.com/q/56570339"", ""56570339"")",0.3724137931034483
"=HYPERLINK(""https://stackoverflow.com/q/56637937"", ""56637937"")",0.8014705882352943
"=HYPERLINK(""https://stackoverflow.com/q/56746057"", ""56746057"")",0.6763565891472868
"=HYPERLINK(""https://stackoverflow.com/q/56815269"", ""56815269"")",0.6315789473684211
"=HYPERLINK(""https://stackoverflow.com/q/57074382"", ""57074382"")",0.4676258992805756
"=HYPERLINK(""https://stackoverflow.com/q/57147396"", ""57147396"")",0.33568075117370894
"=HYPERLINK(""https://stackoverflow.com/q/57149307"", ""57149307"")",0.852760736196319
"=HYPERLINK(""https://stackoverflow.com/q/57225079"", ""57225079"")",0.7625570776255708
"=HYPERLINK(""https://stackoverflow.com/q/57321475"", ""57321475"")",0.4865591397849463
"=HYPERLINK(""https://stackoverflow.com/q/57401039"", ""57401039"")",0.529051987767584
"=HYPERLINK(""https://stackoverflow.com/q/57458412"", ""57458412"")",0.37113402061855677
"=HYPERLINK(""https://stackoverflow.com/q/57467070"", ""57467070"")",0.5128205128205129
"=HYPERLINK(""https://stackoverflow.com/q/57472372"", ""57472372"")",0.43487858719646794
"=HYPERLINK(""https://stackoverflow.com/q/57584667"", ""57584667"")",0.2841530054644808
"=HYPERLINK(""https://stackoverflow.com/q/57620314"", ""57620314"")",0.8036529680365296
"=HYPERLINK(""https://stackoverflow.com/q/57654613"", ""57654613"")",0.5251282051282051
"=HYPERLINK(""https://stackoverflow.com/q/57731352"", ""57731352"")",0.6747967479674799
"=HYPERLINK(""https://stackoverflow.com/q/57801885"", ""57801885"")",0.3891369047619047
"=HYPERLINK(""https://stackoverflow.com/q/57849869"", ""57849869"")",0.6849816849816851
"=HYPERLINK(""https://stackoverflow.com/q/57923815"", ""57923815"")",0.815686274509804
"=HYPERLINK(""https://stackoverflow.com/q/58054797"", ""58054797"")",0.3181818181818181
"=HYPERLINK(""https://stackoverflow.com/q/58062907"", ""58062907"")",0.5523114355231143
"=HYPERLINK(""https://stackoverflow.com/q/58190560"", ""58190560"")",0.6645833333333334
"=HYPERLINK(""https://stackoverflow.com/q/58204476"", ""58204476"")",0.6545454545454547
"=HYPERLINK(""https://stackoverflow.com/q/58293589"", ""58293589"")",0.718421052631579
"=HYPERLINK(""https://stackoverflow.com/q/58364875"", ""58364875"")",0.6785714285714288
"=HYPERLINK(""https://stackoverflow.com/q/58408617"", ""58408617"")",0.45916114790286966
"=HYPERLINK(""https://stackoverflow.com/q/58433471"", ""58433471"")",0.5097517730496455
"=HYPERLINK(""https://stackoverflow.com/q/58513943"", ""58513943"")",0.4205128205128206
"=HYPERLINK(""https://stackoverflow.com/q/58555219"", ""58555219"")",0.7726269315673289
"=HYPERLINK(""https://stackoverflow.com/q/58618771"", ""58618771"")",0.4761904761904763
"=HYPERLINK(""https://stackoverflow.com/q/58648724"", ""58648724"")",0.357429718875502
"=HYPERLINK(""https://stackoverflow.com/q/58705525"", ""58705525"")",0.3233333333333333
"=HYPERLINK(""https://stackoverflow.com/q/58757573"", ""58757573"")",0.49740932642487035
"=HYPERLINK(""https://stackoverflow.com/q/58769562"", ""58769562"")",0.46000000000000013
"=HYPERLINK(""https://stackoverflow.com/q/58772682"", ""58772682"")",0.7321428571428571
"=HYPERLINK(""https://stackoverflow.com/q/58806767"", ""58806767"")",0.2920962199312715
"=HYPERLINK(""https://stackoverflow.com/q/58824840"", ""58824840"")",0.7948717948717948
"=HYPERLINK(""https://stackoverflow.com/q/58925210"", ""58925210"")",0.25490196078431376
"=HYPERLINK(""https://stackoverflow.com/q/58942580"", ""58942580"")",0.43846153846153857
"=HYPERLINK(""https://stackoverflow.com/q/59001272"", ""59001272"")",0.5773195876288661
"=HYPERLINK(""https://stackoverflow.com/q/59063320"", ""59063320"")",0.5283018867924529
"=HYPERLINK(""https://stackoverflow.com/q/59070815"", ""59070815"")",0.36095764272559855
"=HYPERLINK(""https://stackoverflow.com/q/59155659"", ""59155659"")",0.43223443223443225
"=HYPERLINK(""https://stackoverflow.com/q/59188140"", ""59188140"")",0.39525691699604737
"=HYPERLINK(""https://stackoverflow.com/q/59353555"", ""59353555"")",0.661904761904762
"=HYPERLINK(""https://stackoverflow.com/q/59530338"", ""59530338"")",0.5416666666666669
"=HYPERLINK(""https://stackoverflow.com/q/59671036"", ""59671036"")",0.4666666666666666
"=HYPERLINK(""https://stackoverflow.com/q/59715471"", ""59715471"")",0.863453815261044
"=HYPERLINK(""https://stackoverflow.com/q/59787161"", ""59787161"")",0.38226299694189614
"=HYPERLINK(""https://stackoverflow.com/q/59883160"", ""59883160"")",0.5857988165680472
"=HYPERLINK(""https://stackoverflow.com/q/59896946"", ""59896946"")",0.5325203252032521
"=HYPERLINK(""https://stackoverflow.com/q/59897086"", ""59897086"")",0.43541666666666673
"=HYPERLINK(""https://stackoverflow.com/q/60066801"", ""60066801"")",0.8423423423423423
"=HYPERLINK(""https://stackoverflow.com/q/60098764"", ""60098764"")",0.7301161751563897
"=HYPERLINK(""https://stackoverflow.com/q/60110812"", ""60110812"")",0.38837920489296646
"=HYPERLINK(""https://stackoverflow.com/q/60207053"", ""60207053"")",0.589041095890411
"=HYPERLINK(""https://stackoverflow.com/q/60302586"", ""60302586"")",0.7610062893081759
"=HYPERLINK(""https://stackoverflow.com/q/60391331"", ""60391331"")",0.2796420581655481
"=HYPERLINK(""https://stackoverflow.com/q/60397835"", ""60397835"")",0.29166666666666663
"=HYPERLINK(""https://stackoverflow.com/q/60446366"", ""60446366"")",0.47557471264367823
"=HYPERLINK(""https://stackoverflow.com/q/60559683"", ""60559683"")",0.48543689320388345
"=HYPERLINK(""https://stackoverflow.com/q/60637584"", ""60637584"")",0.36021505376344093
"=HYPERLINK(""https://stackoverflow.com/q/60645376"", ""60645376"")",0.3652482269503545
"=HYPERLINK(""https://stackoverflow.com/q/60645940"", ""60645940"")",0.5047619047619049
"=HYPERLINK(""https://stackoverflow.com/q/60654194"", ""60654194"")",0.2591036414565827
"=HYPERLINK(""https://stackoverflow.com/q/60714046"", ""60714046"")",0.4520547945205479
"=HYPERLINK(""https://stackoverflow.com/q/60714620"", ""60714620"")",0.8163992869875224
"=HYPERLINK(""https://stackoverflow.com/q/60725157"", ""60725157"")",0.3818181818181817
"=HYPERLINK(""https://stackoverflow.com/q/60863060"", ""60863060"")",0.3648293963254594
"=HYPERLINK(""https://stackoverflow.com/q/61001189"", ""61001189"")",0.791932059447983
"=HYPERLINK(""https://stackoverflow.com/q/61065705"", ""61065705"")",0.5130434782608696
"=HYPERLINK(""https://stackoverflow.com/q/61128169"", ""61128169"")",0.42564102564102557
"=HYPERLINK(""https://stackoverflow.com/q/61129598"", ""61129598"")",0.7882882882882882
"=HYPERLINK(""https://stackoverflow.com/q/61136636"", ""61136636"")",0.7374517374517374
"=HYPERLINK(""https://stackoverflow.com/q/61210169"", ""61210169"")",0.831223628691983
"=HYPERLINK(""https://stackoverflow.com/q/61234812"", ""61234812"")",0.6271929824561404
"=HYPERLINK(""https://stackoverflow.com/q/61246919"", ""61246919"")",0.7619047619047616
"=HYPERLINK(""https://stackoverflow.com/q/61246941"", ""61246941"")",0.3825136612021858
"=HYPERLINK(""https://stackoverflow.com/q/61326723"", ""61326723"")",0.4392156862745099
"=HYPERLINK(""https://stackoverflow.com/q/61348615"", ""61348615"")",0.611683848797251
"=HYPERLINK(""https://stackoverflow.com/q/61353530"", ""61353530"")",0.7622080679405521
"=HYPERLINK(""https://stackoverflow.com/q/61403610"", ""61403610"")",0.7904761904761906
"=HYPERLINK(""https://stackoverflow.com/q/61426758"", ""61426758"")",0.7909604519774011
"=HYPERLINK(""https://stackoverflow.com/q/61453301"", ""61453301"")",0.5759075907590758
"=HYPERLINK(""https://stackoverflow.com/q/61488124"", ""61488124"")",0.6926406926406925
"=HYPERLINK(""https://stackoverflow.com/q/61492764"", ""61492764"")",0.3448275862068966
"=HYPERLINK(""https://stackoverflow.com/q/61529156"", ""61529156"")",0.4057971014492754
"=HYPERLINK(""https://stackoverflow.com/q/61596038"", ""61596038"")",0.45833333333333337
"=HYPERLINK(""https://stackoverflow.com/q/61596340"", ""61596340"")",0.6705882352941178
"=HYPERLINK(""https://stackoverflow.com/q/61619503"", ""61619503"")",0.6724137931034483
"=HYPERLINK(""https://stackoverflow.com/q/61644716"", ""61644716"")",0.28380952380952384
"=HYPERLINK(""https://stackoverflow.com/q/61658701"", ""61658701"")",0.36073059360730586
"=HYPERLINK(""https://stackoverflow.com/q/61810785"", ""61810785"")",0.7163120567375886
"=HYPERLINK(""https://stackoverflow.com/q/61974591"", ""61974591"")",0.3989071038251366
"=HYPERLINK(""https://stackoverflow.com/q/62047550"", ""62047550"")",0.5085910652920963
"=HYPERLINK(""https://stackoverflow.com/q/62100166"", ""62100166"")",0.41843971631205673
"=HYPERLINK(""https://stackoverflow.com/q/62262881"", ""62262881"")",0.3372781065088757
"=HYPERLINK(""https://stackoverflow.com/q/62279650"", ""62279650"")",0.5420289855072465
"=HYPERLINK(""https://stackoverflow.com/q/62341557"", ""62341557"")",0.39792387543252594
"=HYPERLINK(""https://stackoverflow.com/q/62342333"", ""62342333"")",0.37475345167652857
"=HYPERLINK(""https://stackoverflow.com/q/62355772"", ""62355772"")",0.8169014084507044
"=HYPERLINK(""https://stackoverflow.com/q/62391068"", ""62391068"")",0.5830815709969787
"=HYPERLINK(""https://stackoverflow.com/q/62420621"", ""62420621"")",0.5466034755134281
"=HYPERLINK(""https://stackoverflow.com/q/62461168"", ""62461168"")",0.7019607843137257
"=HYPERLINK(""https://stackoverflow.com/q/62591828"", ""62591828"")",0.653846153846154
"=HYPERLINK(""https://stackoverflow.com/q/62694385"", ""62694385"")",0.394822006472492
"=HYPERLINK(""https://stackoverflow.com/q/62711382"", ""62711382"")",0.20175438596491227
"=HYPERLINK(""https://stackoverflow.com/q/62849260"", ""62849260"")",0.6641025641025642
"=HYPERLINK(""https://stackoverflow.com/q/62939087"", ""62939087"")",0.43589743589743596
"=HYPERLINK(""https://stackoverflow.com/q/63008679"", ""63008679"")",0.4328358208955224
"=HYPERLINK(""https://stackoverflow.com/q/63012459"", ""63012459"")",0.7018779342723006
"=HYPERLINK(""https://stackoverflow.com/q/63018629"", ""63018629"")",0.6751412429378534
"=HYPERLINK(""https://stackoverflow.com/q/63022116"", ""63022116"")",0.5302245250431779
"=HYPERLINK(""https://stackoverflow.com/q/63133902"", ""63133902"")",0.29411764705882354
"=HYPERLINK(""https://stackoverflow.com/q/63150128"", ""63150128"")",0.5265151515151515
"=HYPERLINK(""https://stackoverflow.com/q/63151824"", ""63151824"")",0.7333333333333334
"=HYPERLINK(""https://stackoverflow.com/q/63152205"", ""63152205"")",0.5208333333333334
"=HYPERLINK(""https://stackoverflow.com/q/63208179"", ""63208179"")",0.5027322404371584
"=HYPERLINK(""https://stackoverflow.com/q/63261933"", ""63261933"")",0.7716894977168951
"=HYPERLINK(""https://stackoverflow.com/q/63356850"", ""63356850"")",0.4283246977547496
"=HYPERLINK(""https://stackoverflow.com/q/63358250"", ""63358250"")",0.3627450980392158
"=HYPERLINK(""https://stackoverflow.com/q/63379497"", ""63379497"")",0.8125
"=HYPERLINK(""https://stackoverflow.com/q/63419721"", ""63419721"")",0.3939393939393939
"=HYPERLINK(""https://stackoverflow.com/q/63472790"", ""63472790"")",0.4939393939393939
"=HYPERLINK(""https://stackoverflow.com/q/63504071"", ""63504071"")",0.6446886446886447
"=HYPERLINK(""https://stackoverflow.com/q/63598298"", ""63598298"")",0.5188172043010753
"=HYPERLINK(""https://stackoverflow.com/q/63606365"", ""63606365"")",0.416135881104034
"=HYPERLINK(""https://stackoverflow.com/q/63653536"", ""63653536"")",0.45977011494252873
"=HYPERLINK(""https://stackoverflow.com/q/63659391"", ""63659391"")",0.407843137254902
"=HYPERLINK(""https://stackoverflow.com/q/63672805"", ""63672805"")",0.6875934230194319
"=HYPERLINK(""https://stackoverflow.com/q/63684952"", ""63684952"")",0.3973509933774835
"=HYPERLINK(""https://stackoverflow.com/q/63691642"", ""63691642"")",0.3373493975903614
"=HYPERLINK(""https://stackoverflow.com/q/63711236"", ""63711236"")",0.47000000000000003
"=HYPERLINK(""https://stackoverflow.com/q/63727881"", ""63727881"")",0.38135593220339
"=HYPERLINK(""https://stackoverflow.com/q/63817832"", ""63817832"")",0.5591397849462364
"=HYPERLINK(""https://stackoverflow.com/q/63832075"", ""63832075"")",0.813953488372093
"=HYPERLINK(""https://stackoverflow.com/q/63846135"", ""63846135"")",0.6501377410468322
"=HYPERLINK(""https://stackoverflow.com/q/63852649"", ""63852649"")",0.5120274914089348
"=HYPERLINK(""https://stackoverflow.com/q/63855344"", ""63855344"")",0.4749034749034749
"=HYPERLINK(""https://stackoverflow.com/q/63865799"", ""63865799"")",0.4893939393939394
"=HYPERLINK(""https://stackoverflow.com/q/63887068"", ""63887068"")",0.4972677595628416
"=HYPERLINK(""https://stackoverflow.com/q/63909930"", ""63909930"")",0.46666666666666684
"=HYPERLINK(""https://stackoverflow.com/q/63931816"", ""63931816"")",0.5418641390205372
"=HYPERLINK(""https://stackoverflow.com/q/63949580"", ""63949580"")",0.8241758241758244
"=HYPERLINK(""https://stackoverflow.com/q/63960125"", ""63960125"")",0.39583333333333337
"=HYPERLINK(""https://stackoverflow.com/q/63982400"", ""63982400"")",0.28455284552845533
"=HYPERLINK(""https://stackoverflow.com/q/64014808"", ""64014808"")",0.7380952380952379
"=HYPERLINK(""https://stackoverflow.com/q/64136709"", ""64136709"")",0.37453183520599254
"=HYPERLINK(""https://stackoverflow.com/q/64141991"", ""64141991"")",0.6008492569002123
"=HYPERLINK(""https://stackoverflow.com/q/64149760"", ""64149760"")",0.503030303030303
"=HYPERLINK(""https://stackoverflow.com/q/64180905"", ""64180905"")",0.6994535519125683
"=HYPERLINK(""https://stackoverflow.com/q/64201508"", ""64201508"")",0.5104166666666666
"=HYPERLINK(""https://stackoverflow.com/q/64277138"", ""64277138"")",0.7769784172661871
"=HYPERLINK(""https://stackoverflow.com/q/64352366"", ""64352366"")",0.4960000000000001
"=HYPERLINK(""https://stackoverflow.com/q/64561695"", ""64561695"")",0.49696969696969695
"=HYPERLINK(""https://stackoverflow.com/q/64580457"", ""64580457"")",0.6291666666666667
"=HYPERLINK(""https://stackoverflow.com/q/64593739"", ""64593739"")",0.4017467248908297
"=HYPERLINK(""https://stackoverflow.com/q/64661467"", ""64661467"")",0.505307855626327
"=HYPERLINK(""https://stackoverflow.com/q/64767508"", ""64767508"")",0.5094339622641509
"=HYPERLINK(""https://stackoverflow.com/q/64770548"", ""64770548"")",0.8427672955974841
"=HYPERLINK(""https://stackoverflow.com/q/64836759"", ""64836759"")",0.6756756756756757
"=HYPERLINK(""https://stackoverflow.com/q/64866113"", ""64866113"")",0.44540229885057464
"=HYPERLINK(""https://stackoverflow.com/q/64878881"", ""64878881"")",0.34383202099737536
"=HYPERLINK(""https://stackoverflow.com/q/64907870"", ""64907870"")",0.4475138121546962
"=HYPERLINK(""https://stackoverflow.com/q/64918841"", ""64918841"")",0.5883534136546185
"=HYPERLINK(""https://stackoverflow.com/q/65034409"", ""65034409"")",0.7505112474437626
"=HYPERLINK(""https://stackoverflow.com/q/65041211"", ""65041211"")",0.5413533834586467
"=HYPERLINK(""https://stackoverflow.com/q/65075588"", ""65075588"")",0.29496402877697847
"=HYPERLINK(""https://stackoverflow.com/q/65281287"", ""65281287"")",0.563380281690141
"=HYPERLINK(""https://stackoverflow.com/q/65331520"", ""65331520"")",0.5393939393939394
"=HYPERLINK(""https://stackoverflow.com/q/65402617"", ""65402617"")",0.2864864864864865
"=HYPERLINK(""https://stackoverflow.com/q/65415006"", ""65415006"")",0.4437500000000001
"=HYPERLINK(""https://stackoverflow.com/q/65565346"", ""65565346"")",0.5833333333333335
"=HYPERLINK(""https://stackoverflow.com/q/65565490"", ""65565490"")",0.6965174129353235
"=HYPERLINK(""https://stackoverflow.com/q/65633206"", ""65633206"")",0.42625368731563423
"=HYPERLINK(""https://stackoverflow.com/q/65633853"", ""65633853"")",0.35474006116207946
"=HYPERLINK(""https://stackoverflow.com/q/65680929"", ""65680929"")",0.731958762886598
"=HYPERLINK(""https://stackoverflow.com/q/65684393"", ""65684393"")",0.779116465863454
"=HYPERLINK(""https://stackoverflow.com/q/65738770"", ""65738770"")",0.6779661016949154
"=HYPERLINK(""https://stackoverflow.com/q/65796013"", ""65796013"")",0.5249662618083671
"=HYPERLINK(""https://stackoverflow.com/q/65810232"", ""65810232"")",0.3191489361702128
"=HYPERLINK(""https://stackoverflow.com/q/65810828"", ""65810828"")",0.5622489959839356
"=HYPERLINK(""https://stackoverflow.com/q/66228012"", ""66228012"")",0.5125000000000002
"=HYPERLINK(""https://stackoverflow.com/q/66289582"", ""66289582"")",0.5817610062893082
"=HYPERLINK(""https://stackoverflow.com/q/66312201"", ""66312201"")",0.40441176470588247
"=HYPERLINK(""https://stackoverflow.com/q/66432116"", ""66432116"")",0.7234042553191489
"=HYPERLINK(""https://stackoverflow.com/q/66469504"", ""66469504"")",0.5323981295925184
"=HYPERLINK(""https://stackoverflow.com/q/66569899"", ""66569899"")",0.6631205673758864
"=HYPERLINK(""https://stackoverflow.com/q/66592818"", ""66592818"")",0.49717514124293805
"=HYPERLINK(""https://stackoverflow.com/q/66634751"", ""66634751"")",0.4102564102564104
"=HYPERLINK(""https://stackoverflow.com/q/66654768"", ""66654768"")",0.3265306122448979
"=HYPERLINK(""https://stackoverflow.com/q/66654906"", ""66654906"")",0.7365591397849462
"=HYPERLINK(""https://stackoverflow.com/q/66758238"", ""66758238"")",0.7523809523809525
"=HYPERLINK(""https://stackoverflow.com/q/66769038"", ""66769038"")",0.3636363636363637
"=HYPERLINK(""https://stackoverflow.com/q/66866948"", ""66866948"")",0.34969325153374237
"=HYPERLINK(""https://stackoverflow.com/q/66868644"", ""66868644"")",0.4715447154471546
"=HYPERLINK(""https://stackoverflow.com/q/67176637"", ""67176637"")",0.48235294117647065
"=HYPERLINK(""https://stackoverflow.com/q/67196690"", ""67196690"")",0.7157464212678937
"=HYPERLINK(""https://stackoverflow.com/q/67254576"", ""67254576"")",0.4177489177489178
"=HYPERLINK(""https://stackoverflow.com/q/67259755"", ""67259755"")",0.4734432234432234
"=HYPERLINK(""https://stackoverflow.com/q/67307247"", ""67307247"")",0.3991507430997877
"=HYPERLINK(""https://stackoverflow.com/q/67385554"", ""67385554"")",0.5654205607476634
"=HYPERLINK(""https://stackoverflow.com/q/67423645"", ""67423645"")",0.35238095238095246
"=HYPERLINK(""https://stackoverflow.com/q/67429221"", ""67429221"")",0.472300469483568
"=HYPERLINK(""https://stackoverflow.com/q/67525334"", ""67525334"")",0.30837789661319076
"=HYPERLINK(""https://stackoverflow.com/q/67602429"", ""67602429"")",0.74375
"=HYPERLINK(""https://stackoverflow.com/q/67606081"", ""67606081"")",0.6369047619047621
"=HYPERLINK(""https://stackoverflow.com/q/67607159"", ""67607159"")",0.7588652482269503
"=HYPERLINK(""https://stackoverflow.com/q/67648877"", ""67648877"")",0.35839598997493743
"=HYPERLINK(""https://stackoverflow.com/q/67704864"", ""67704864"")",0.6787564766839378
"=HYPERLINK(""https://stackoverflow.com/q/67706149"", ""67706149"")",0.5789473684210525
"=HYPERLINK(""https://stackoverflow.com/q/67836835"", ""67836835"")",0.536764705882353
"=HYPERLINK(""https://stackoverflow.com/q/67836847"", ""67836847"")",0.3020833333333333
"=HYPERLINK(""https://stackoverflow.com/q/67890218"", ""67890218"")",0.3974358974358976
"=HYPERLINK(""https://stackoverflow.com/q/67901839"", ""67901839"")",0.4804318488529014
"=HYPERLINK(""https://stackoverflow.com/q/67910789"", ""67910789"")",0.6120218579234972
"=HYPERLINK(""https://stackoverflow.com/q/67966820"", ""67966820"")",0.5018315018315019
"=HYPERLINK(""https://stackoverflow.com/q/68022987"", ""68022987"")",0.3405797101449275
"=HYPERLINK(""https://stackoverflow.com/q/68033443"", ""68033443"")",0.4249084249084249
"=HYPERLINK(""https://stackoverflow.com/q/68062185"", ""68062185"")",0.54337899543379
"=HYPERLINK(""https://stackoverflow.com/q/68064044"", ""68064044"")",0.5945945945945945
"=HYPERLINK(""https://stackoverflow.com/q/68120826"", ""68120826"")",0.7598870056497176
"=HYPERLINK(""https://stackoverflow.com/q/68125305"", ""68125305"")",0.35737179487179493
"=HYPERLINK(""https://stackoverflow.com/q/68142455"", ""68142455"")",0.6523809523809525
"=HYPERLINK(""https://stackoverflow.com/q/68220682"", ""68220682"")",0.4641744548286604
"=HYPERLINK(""https://stackoverflow.com/q/68242220"", ""68242220"")",0.31578947368421045
"=HYPERLINK(""https://stackoverflow.com/q/68311945"", ""68311945"")",0.6244725738396625
"=HYPERLINK(""https://stackoverflow.com/q/68328142"", ""68328142"")",0.35526315789473684
"=HYPERLINK(""https://stackoverflow.com/q/68454248"", ""68454248"")",0.5673758865248227
"=HYPERLINK(""https://stackoverflow.com/q/68491826"", ""68491826"")",0.5450450450450451
"=HYPERLINK(""https://stackoverflow.com/q/68510967"", ""68510967"")",0.3445945945945946
"=HYPERLINK(""https://stackoverflow.com/q/68545795"", ""68545795"")",0.580357142857143
"=HYPERLINK(""https://stackoverflow.com/q/68559629"", ""68559629"")",0.5854166666666667
"=HYPERLINK(""https://stackoverflow.com/q/68618688"", ""68618688"")",0.6307692307692309
"=HYPERLINK(""https://stackoverflow.com/q/68636429"", ""68636429"")",0.5108481262327415
"=HYPERLINK(""https://stackoverflow.com/q/68651931"", ""68651931"")",0.5154639175257733
"=HYPERLINK(""https://stackoverflow.com/q/68663778"", ""68663778"")",0.43457943925233644
"=HYPERLINK(""https://stackoverflow.com/q/68809704"", ""68809704"")",0.38929440389294406
"=HYPERLINK(""https://stackoverflow.com/q/68821885"", ""68821885"")",0.6533333333333335
"=HYPERLINK(""https://stackoverflow.com/q/68834286"", ""68834286"")",0.42975206611570255
"=HYPERLINK(""https://stackoverflow.com/q/68853083"", ""68853083"")",0.30372807017543857
"=HYPERLINK(""https://stackoverflow.com/q/68893731"", ""68893731"")",0.8802946593001844
"=HYPERLINK(""https://stackoverflow.com/q/68944375"", ""68944375"")",0.8316831683168315
"=HYPERLINK(""https://stackoverflow.com/q/69122499"", ""69122499"")",0.6727272727272727
"=HYPERLINK(""https://stackoverflow.com/q/69168619"", ""69168619"")",0.34728682170542635
"=HYPERLINK(""https://stackoverflow.com/q/69187807"", ""69187807"")",0.4715447154471546
"=HYPERLINK(""https://stackoverflow.com/q/69362743"", ""69362743"")",0.3668903803131991
"=HYPERLINK(""https://stackoverflow.com/q/69364859"", ""69364859"")",0.33541666666666675
"=HYPERLINK(""https://stackoverflow.com/q/69374604"", ""69374604"")",0.6535433070866142
"=HYPERLINK(""https://stackoverflow.com/q/69376301"", ""69376301"")",0.48617886178861786
"=HYPERLINK(""https://stackoverflow.com/q/69434562"", ""69434562"")",0.732283464566929
"=HYPERLINK(""https://stackoverflow.com/q/69451576"", ""69451576"")",0.5366826156299841
"=HYPERLINK(""https://stackoverflow.com/q/69573565"", ""69573565"")",0.5748031496062993
"=HYPERLINK(""https://stackoverflow.com/q/69601494"", ""69601494"")",0.43768115942028984
"=HYPERLINK(""https://stackoverflow.com/q/69628766"", ""69628766"")",0.5124223602484471
"=HYPERLINK(""https://stackoverflow.com/q/69735449"", ""69735449"")",0.6991341991341992
"=HYPERLINK(""https://stackoverflow.com/q/69753090"", ""69753090"")",0.2206572769953052
"=HYPERLINK(""https://stackoverflow.com/q/69803012"", ""69803012"")",0.5583333333333335
"=HYPERLINK(""https://stackoverflow.com/q/69826758"", ""69826758"")",0.4545454545454544
"=HYPERLINK(""https://stackoverflow.com/q/69887045"", ""69887045"")",0.2746113989637306
"=HYPERLINK(""https://stackoverflow.com/q/69895159"", ""69895159"")",0.7992424242424242
"=HYPERLINK(""https://stackoverflow.com/q/69922757"", ""69922757"")",0.5170603674540682
"=HYPERLINK(""https://stackoverflow.com/q/69974233"", ""69974233"")",0.5412844036697249
"=HYPERLINK(""https://stackoverflow.com/q/70054399"", ""70054399"")",0.4676258992805757
"=HYPERLINK(""https://stackoverflow.com/q/70073913"", ""70073913"")",0.8036303630363039
"=HYPERLINK(""https://stackoverflow.com/q/70078655"", ""70078655"")",0.27811860940695304
"=HYPERLINK(""https://stackoverflow.com/q/70157842"", ""70157842"")",0.7520325203252033
"=HYPERLINK(""https://stackoverflow.com/q/70173096"", ""70173096"")",0.32415902140672787
"=HYPERLINK(""https://stackoverflow.com/q/70210276"", ""70210276"")",0.5691823899371069
"=HYPERLINK(""https://stackoverflow.com/q/70277201"", ""70277201"")",0.5104166666666666
"=HYPERLINK(""https://stackoverflow.com/q/70296148"", ""70296148"")",0.6199575371549894
"=HYPERLINK(""https://stackoverflow.com/q/70341414"", ""70341414"")",0.46174863387978143
"=HYPERLINK(""https://stackoverflow.com/q/70527030"", ""70527030"")",0.3023598820058997
"=HYPERLINK(""https://stackoverflow.com/q/70541196"", ""70541196"")",0.5666666666666668
"=HYPERLINK(""https://stackoverflow.com/q/70563614"", ""70563614"")",0.29523809523809524
"=HYPERLINK(""https://stackoverflow.com/q/70588571"", ""70588571"")",0.5275080906148867
"=HYPERLINK(""https://stackoverflow.com/q/70702405"", ""70702405"")",0.3359580052493438
"=HYPERLINK(""https://stackoverflow.com/q/70737740"", ""70737740"")",0.4183908045977013
"=HYPERLINK(""https://stackoverflow.com/q/70780625"", ""70780625"")",0.41314553990610337
"=HYPERLINK(""https://stackoverflow.com/q/70782321"", ""70782321"")",0.5776173285198556
"=HYPERLINK(""https://stackoverflow.com/q/70801505"", ""70801505"")",0.6831955922865015
"=HYPERLINK(""https://stackoverflow.com/q/70855730"", ""70855730"")",0.33128834355828224
"=HYPERLINK(""https://stackoverflow.com/q/70885295"", ""70885295"")",0.6411889596602972
"=HYPERLINK(""https://stackoverflow.com/q/70924568"", ""70924568"")",0.4960629921259843
"=HYPERLINK(""https://stackoverflow.com/q/70952196"", ""70952196"")",0.307909604519774
"=HYPERLINK(""https://stackoverflow.com/q/71032460"", ""71032460"")",0.7643312101910827
"=HYPERLINK(""https://stackoverflow.com/q/71038612"", ""71038612"")",0.3617693522906793
"=HYPERLINK(""https://stackoverflow.com/q/71056002"", ""71056002"")",0.3146067415730337
"=HYPERLINK(""https://stackoverflow.com/q/71127583"", ""71127583"")",0.3258145363408522
"=HYPERLINK(""https://stackoverflow.com/q/71132848"", ""71132848"")",0.3822463768115942
"=HYPERLINK(""https://stackoverflow.com/q/71180445"", ""71180445"")",0.5691823899371069
"=HYPERLINK(""https://stackoverflow.com/q/71209954"", ""71209954"")",0.40206185567010316
"=HYPERLINK(""https://stackoverflow.com/q/71215016"", ""71215016"")",0.5465686274509806
"=HYPERLINK(""https://stackoverflow.com/q/71329075"", ""71329075"")",0.4308176100628931
"=HYPERLINK(""https://stackoverflow.com/q/71371639"", ""71371639"")",0.6525821596244131
"=HYPERLINK(""https://stackoverflow.com/q/71419941"", ""71419941"")",0.3543307086614173
"=HYPERLINK(""https://stackoverflow.com/q/71437968"", ""71437968"")",0.774278215223097
"=HYPERLINK(""https://stackoverflow.com/q/71462770"", ""71462770"")",0.5124378109452737
"=HYPERLINK(""https://stackoverflow.com/q/71489645"", ""71489645"")",0.7244224422442244
"=HYPERLINK(""https://stackoverflow.com/q/71512321"", ""71512321"")",0.19791666666666669
"=HYPERLINK(""https://stackoverflow.com/q/71519997"", ""71519997"")",0.46323529411764713
"=HYPERLINK(""https://stackoverflow.com/q/71540869"", ""71540869"")",0.7030015797788309
"=HYPERLINK(""https://stackoverflow.com/q/71573298"", ""71573298"")",0.5607843137254903
"=HYPERLINK(""https://stackoverflow.com/q/71610969"", ""71610969"")",0.3801498127340824
"=HYPERLINK(""https://stackoverflow.com/q/71621111"", ""71621111"")",0.6509803921568629
"=HYPERLINK(""https://stackoverflow.com/q/71647247"", ""71647247"")",0.44788732394366193
"=HYPERLINK(""https://stackoverflow.com/q/71664401"", ""71664401"")",0.39361702127659565
"=HYPERLINK(""https://stackoverflow.com/q/71669367"", ""71669367"")",0.4915254237288137
"=HYPERLINK(""https://stackoverflow.com/q/71727725"", ""71727725"")",0.5833333333333335
"=HYPERLINK(""https://stackoverflow.com/q/71737023"", ""71737023"")",0.7845303867403316
"=HYPERLINK(""https://stackoverflow.com/q/71737609"", ""71737609"")",0.5985915492957746
"=HYPERLINK(""https://stackoverflow.com/q/71753047"", ""71753047"")",0.34328358208955234
"=HYPERLINK(""https://stackoverflow.com/q/71761531"", ""71761531"")",0.7676282051282053
"=HYPERLINK(""https://stackoverflow.com/q/71767645"", ""71767645"")",0.3298022598870057
"=HYPERLINK(""https://stackoverflow.com/q/71793477"", ""71793477"")",0.3908045977011494
"=HYPERLINK(""https://stackoverflow.com/q/71818644"", ""71818644"")",0.32686084142394817
"=HYPERLINK(""https://stackoverflow.com/q/71853005"", ""71853005"")",0.462809917355372
"=HYPERLINK(""https://stackoverflow.com/q/71914099"", ""71914099"")",0.5558534405719393
"=HYPERLINK(""https://stackoverflow.com/q/71915996"", ""71915996"")",0.6666666666666667
"=HYPERLINK(""https://stackoverflow.com/q/71936829"", ""71936829"")",0.33739837398373984
"=HYPERLINK(""https://stackoverflow.com/q/71985302"", ""71985302"")",0.40773809523809534
"=HYPERLINK(""https://stackoverflow.com/q/72072676"", ""72072676"")",0.6244131455399062
"=HYPERLINK(""https://stackoverflow.com/q/72073156"", ""72073156"")",0.6729559748427673
"=HYPERLINK(""https://stackoverflow.com/q/72101471"", ""72101471"")",0.4139344262295082
"=HYPERLINK(""https://stackoverflow.com/q/72117454"", ""72117454"")",0.4925690021231422
"=HYPERLINK(""https://stackoverflow.com/q/72169959"", ""72169959"")",0.42156862745098045
"=HYPERLINK(""https://stackoverflow.com/q/72196729"", ""72196729"")",0.29078014184397166
"=HYPERLINK(""https://stackoverflow.com/q/72210628"", ""72210628"")",0.32575757575757575
"=HYPERLINK(""https://stackoverflow.com/q/72235578"", ""72235578"")",0.511904761904762
"=HYPERLINK(""https://stackoverflow.com/q/72254872"", ""72254872"")",0.7291666666666666
"=HYPERLINK(""https://stackoverflow.com/q/72257833"", ""72257833"")",0.3994252873563218
"=HYPERLINK(""https://stackoverflow.com/q/72286281"", ""72286281"")",0.3671171171171172
"=HYPERLINK(""https://stackoverflow.com/q/72317666"", ""72317666"")",0.3856749311294766
"=HYPERLINK(""https://stackoverflow.com/q/72342345"", ""72342345"")",0.6570512820512822
"=HYPERLINK(""https://stackoverflow.com/q/72358222"", ""72358222"")",0.8229166666666669
"=HYPERLINK(""https://stackoverflow.com/q/72365934"", ""72365934"")",0.3175853018372704
"=HYPERLINK(""https://stackoverflow.com/q/72427594"", ""72427594"")",0.2939632545931759
