link,Correlation
"=HYPERLINK(""https://stackoverflow.com/a/5889245"", ""5889245"")",0.5256410256410258
"=HYPERLINK(""https://stackoverflow.com/a/7937508"", ""7937508"")",0.2549019607843137
"=HYPERLINK(""https://stackoverflow.com/a/12536608"", ""12536608"")",0.18018018018018023
"=HYPERLINK(""https://stackoverflow.com/a/13316401"", ""13316401"")",0.32420091324200917
"=HYPERLINK(""https://stackoverflow.com/a/18799777"", ""18799777"")",0.3550724637681159
"=HYPERLINK(""https://stackoverflow.com/a/23607747"", ""23607747"")",0.3387978142076503
"=HYPERLINK(""https://stackoverflow.com/a/24874515"", ""24874515"")",0.6033755274261603
"=HYPERLINK(""https://stackoverflow.com/a/27551102"", ""27551102"")",0.3333333333333333
"=HYPERLINK(""https://stackoverflow.com/a/28225088"", ""28225088"")",0.45363408521303267
"=HYPERLINK(""https://stackoverflow.com/a/28757656"", ""28757656"")",0.26126126126126126
"=HYPERLINK(""https://stackoverflow.com/a/28775925"", ""28775925"")",0.2941176470588236
"=HYPERLINK(""https://stackoverflow.com/a/29811655"", ""29811655"")",0.6236559139784945
"=HYPERLINK(""https://stackoverflow.com/a/30017719"", ""30017719"")",0.2866666666666667
"=HYPERLINK(""https://stackoverflow.com/a/32120568"", ""32120568"")",0.4666666666666666
"=HYPERLINK(""https://stackoverflow.com/a/32494779"", ""32494779"")",0.6666666666666667
"=HYPERLINK(""https://stackoverflow.com/a/32495080"", ""32495080"")",0.6372549019607843
"=HYPERLINK(""https://stackoverflow.com/a/32620509"", ""32620509"")",0.34878587196467997
"=HYPERLINK(""https://stackoverflow.com/a/32877906"", ""32877906"")",0.43046357615894043
"=HYPERLINK(""https://stackoverflow.com/a/32954795"", ""32954795"")",0.3733333333333333
"=HYPERLINK(""https://stackoverflow.com/a/33091869"", ""33091869"")",0.3787878787878788
"=HYPERLINK(""https://stackoverflow.com/a/33427599"", ""33427599"")",0.3285714285714286
"=HYPERLINK(""https://stackoverflow.com/a/33793395"", ""33793395"")",0.4552845528455285
"=HYPERLINK(""https://stackoverflow.com/a/33965344"", ""33965344"")",0.325
"=HYPERLINK(""https://stackoverflow.com/a/34066433"", ""34066433"")",0.48
"=HYPERLINK(""https://stackoverflow.com/a/34325275"", ""34325275"")",0.2692307692307693
"=HYPERLINK(""https://stackoverflow.com/a/34748249"", ""34748249"")",0.5460992907801419
"=HYPERLINK(""https://stackoverflow.com/a/35325647"", ""35325647"")",0.33725490196078434
"=HYPERLINK(""https://stackoverflow.com/a/36096655"", ""36096655"")",0.37614678899082565
"=HYPERLINK(""https://stackoverflow.com/a/36649976"", ""36649976"")",0.23529411764705885
"=HYPERLINK(""https://stackoverflow.com/a/36813707"", ""36813707"")",0.35669781931464173
"=HYPERLINK(""https://stackoverflow.com/a/37353694"", ""37353694"")",0.5490196078431374
"=HYPERLINK(""https://stackoverflow.com/a/37378876"", ""37378876"")",0.4065040650406504
"=HYPERLINK(""https://stackoverflow.com/a/37495058"", ""37495058"")",0.2633333333333333
"=HYPERLINK(""https://stackoverflow.com/a/37737994"", ""37737994"")",0.44047619047619047
"=HYPERLINK(""https://stackoverflow.com/a/38042926"", ""38042926"")",0.3964912280701754
"=HYPERLINK(""https://stackoverflow.com/a/38341393"", ""38341393"")",0.5698924731182796
"=HYPERLINK(""https://stackoverflow.com/a/38974836"", ""38974836"")",0.8070175438596491
"=HYPERLINK(""https://stackoverflow.com/a/38979354"", ""38979354"")",0.23809523809523808
"=HYPERLINK(""https://stackoverflow.com/a/38980384"", ""38980384"")",0.3333333333333334
"=HYPERLINK(""https://stackoverflow.com/a/39671497"", ""39671497"")",0.25411061285500747
"=HYPERLINK(""https://stackoverflow.com/a/39786037"", ""39786037"")",0.24999999999999994
"=HYPERLINK(""https://stackoverflow.com/a/40008547"", ""40008547"")",0.29696969696969694
"=HYPERLINK(""https://stackoverflow.com/a/40137429"", ""40137429"")",0.6705882352941176
"=HYPERLINK(""https://stackoverflow.com/a/40208004"", ""40208004"")",0.4852941176470589
"=HYPERLINK(""https://stackoverflow.com/a/40607406"", ""40607406"")",0.6860841423948221
"=HYPERLINK(""https://stackoverflow.com/a/40807763"", ""40807763"")",0.3010752688172042
"=HYPERLINK(""https://stackoverflow.com/a/40871454"", ""40871454"")",0.5833333333333334
"=HYPERLINK(""https://stackoverflow.com/a/41297123"", ""41297123"")",0.6510416666666666
"=HYPERLINK(""https://stackoverflow.com/a/41299843"", ""41299843"")",0.4703196347031963
"=HYPERLINK(""https://stackoverflow.com/a/41837966"", ""41837966"")",0.43459915611814354
"=HYPERLINK(""https://stackoverflow.com/a/41917028"", ""41917028"")",0.21428571428571425
"=HYPERLINK(""https://stackoverflow.com/a/41949944"", ""41949944"")",0.6504854368932038
"=HYPERLINK(""https://stackoverflow.com/a/42217477"", ""42217477"")",0.35833333333333334
"=HYPERLINK(""https://stackoverflow.com/a/42312567"", ""42312567"")",0.3926940639269407
"=HYPERLINK(""https://stackoverflow.com/a/42321990"", ""42321990"")",0.5737704918032788
"=HYPERLINK(""https://stackoverflow.com/a/42512384"", ""42512384"")",0.3333333333333333
"=HYPERLINK(""https://stackoverflow.com/a/42565433"", ""42565433"")",0.3884514435695539
"=HYPERLINK(""https://stackoverflow.com/a/43058254"", ""43058254"")",0.532503457814661
"=HYPERLINK(""https://stackoverflow.com/a/43103947"", ""43103947"")",0.2868217054263566
"=HYPERLINK(""https://stackoverflow.com/a/43126284"", ""43126284"")",0.33333333333333337
"=HYPERLINK(""https://stackoverflow.com/a/43222619"", ""43222619"")",0.5490196078431374
"=HYPERLINK(""https://stackoverflow.com/a/43361636"", ""43361636"")",0.33879781420765026
"=HYPERLINK(""https://stackoverflow.com/a/43507562"", ""43507562"")",0.5051282051282052
"=HYPERLINK(""https://stackoverflow.com/a/43550679"", ""43550679"")",0.34883720930232565
"=HYPERLINK(""https://stackoverflow.com/a/43593039"", ""43593039"")",0.35256410256410253
"=HYPERLINK(""https://stackoverflow.com/a/43598078"", ""43598078"")",0.5374149659863946
"=HYPERLINK(""https://stackoverflow.com/a/43761023"", ""43761023"")",0.5753424657534247
"=HYPERLINK(""https://stackoverflow.com/a/43838605"", ""43838605"")",0.6333333333333333
"=HYPERLINK(""https://stackoverflow.com/a/44033441"", ""44033441"")",0.39310344827586213
"=HYPERLINK(""https://stackoverflow.com/a/44071777"", ""44071777"")",0.3958333333333333
"=HYPERLINK(""https://stackoverflow.com/a/44092010"", ""44092010"")",0.303030303030303
"=HYPERLINK(""https://stackoverflow.com/a/44209609"", ""44209609"")",0.3757575757575757
"=HYPERLINK(""https://stackoverflow.com/a/44246837"", ""44246837"")",0.23809523809523808
"=HYPERLINK(""https://stackoverflow.com/a/44426923"", ""44426923"")",0.531578947368421
"=HYPERLINK(""https://stackoverflow.com/a/44533746"", ""44533746"")",0.7154471544715447
"=HYPERLINK(""https://stackoverflow.com/a/44551073"", ""44551073"")",0.23809523809523805
"=HYPERLINK(""https://stackoverflow.com/a/44560092"", ""44560092"")",0.3685446009389672
"=HYPERLINK(""https://stackoverflow.com/a/44620211"", ""44620211"")",0.6593406593406593
"=HYPERLINK(""https://stackoverflow.com/a/44660576"", ""44660576"")",0.4310344827586207
"=HYPERLINK(""https://stackoverflow.com/a/44669089"", ""44669089"")",0.32955974842767294
"=HYPERLINK(""https://stackoverflow.com/a/44754423"", ""44754423"")",0.5023041474654378
"=HYPERLINK(""https://stackoverflow.com/a/44781879"", ""44781879"")",0.5380952380952382
"=HYPERLINK(""https://stackoverflow.com/a/44791593"", ""44791593"")",0.6312056737588653
"=HYPERLINK(""https://stackoverflow.com/a/44943544"", ""44943544"")",0.22666666666666668
"=HYPERLINK(""https://stackoverflow.com/a/45000212"", ""45000212"")",0.6301369863013699
"=HYPERLINK(""https://stackoverflow.com/a/45046360"", ""45046360"")",0.5912408759124088
"=HYPERLINK(""https://stackoverflow.com/a/45258659"", ""45258659"")",0.8342245989304813
"=HYPERLINK(""https://stackoverflow.com/a/45341697"", ""45341697"")",0.342528735632184
"=HYPERLINK(""https://stackoverflow.com/a/45598669"", ""45598669"")",0.7857142857142857
"=HYPERLINK(""https://stackoverflow.com/a/45665475"", ""45665475"")",0.34065934065934067
"=HYPERLINK(""https://stackoverflow.com/a/45851303"", ""45851303"")",0.4015151515151515
"=HYPERLINK(""https://stackoverflow.com/a/45885822"", ""45885822"")",0.594871794871795
"=HYPERLINK(""https://stackoverflow.com/a/46162199"", ""46162199"")",0.6194225721784778
"=HYPERLINK(""https://stackoverflow.com/a/46333631"", ""46333631"")",0.5337995337995337
"=HYPERLINK(""https://stackoverflow.com/a/46359347"", ""46359347"")",0.36082474226804123
"=HYPERLINK(""https://stackoverflow.com/a/46896837"", ""46896837"")",0.18666666666666662
"=HYPERLINK(""https://stackoverflow.com/a/46979135"", ""46979135"")",0.7
"=HYPERLINK(""https://stackoverflow.com/a/47202121"", ""47202121"")",0.5860655737704917
"=HYPERLINK(""https://stackoverflow.com/a/47239891"", ""47239891"")",0.514423076923077
"=HYPERLINK(""https://stackoverflow.com/a/47334677"", ""47334677"")",0.5333333333333333
"=HYPERLINK(""https://stackoverflow.com/a/47741326"", ""47741326"")",0.3415841584158416
"=HYPERLINK(""https://stackoverflow.com/a/47856079"", ""47856079"")",0.47999999999999987
"=HYPERLINK(""https://stackoverflow.com/a/48074018"", ""48074018"")",0.5384615384615384
"=HYPERLINK(""https://stackoverflow.com/a/48087578"", ""48087578"")",0.5578231292517006
"=HYPERLINK(""https://stackoverflow.com/a/48105119"", ""48105119"")",0.48809523809523825
"=HYPERLINK(""https://stackoverflow.com/a/48332378"", ""48332378"")",0.7300000000000001
"=HYPERLINK(""https://stackoverflow.com/a/48521711"", ""48521711"")",0.5319148936170213
"=HYPERLINK(""https://stackoverflow.com/a/48631376"", ""48631376"")",0.41791044776119407
"=HYPERLINK(""https://stackoverflow.com/a/48647481"", ""48647481"")",0.5188172043010753
"=HYPERLINK(""https://stackoverflow.com/a/48955115"", ""48955115"")",0.3668639053254438
"=HYPERLINK(""https://stackoverflow.com/a/49182745"", ""49182745"")",0.4177583697234353
"=HYPERLINK(""https://stackoverflow.com/a/49330074"", ""49330074"")",0.2713178294573643
"=HYPERLINK(""https://stackoverflow.com/a/49356186"", ""49356186"")",0.29824561403508765
"=HYPERLINK(""https://stackoverflow.com/a/49415285"", ""49415285"")",0.6218487394957986
"=HYPERLINK(""https://stackoverflow.com/a/49897558"", ""49897558"")",0.518840579710145
"=HYPERLINK(""https://stackoverflow.com/a/50081262"", ""50081262"")",0.4985507246376812
"=HYPERLINK(""https://stackoverflow.com/a/50105061"", ""50105061"")",0.5085910652920962
"=HYPERLINK(""https://stackoverflow.com/a/50135037"", ""50135037"")",0.4142857142857143
"=HYPERLINK(""https://stackoverflow.com/a/50163583"", ""50163583"")",0.6097560975609757
"=HYPERLINK(""https://stackoverflow.com/a/50413288"", ""50413288"")",0.263681592039801
"=HYPERLINK(""https://stackoverflow.com/a/50584617"", ""50584617"")",0.5000000000000001
"=HYPERLINK(""https://stackoverflow.com/a/50611180"", ""50611180"")",0.5641025641025641
"=HYPERLINK(""https://stackoverflow.com/a/50760900"", ""50760900"")",0.4696969696969697
"=HYPERLINK(""https://stackoverflow.com/a/50975024"", ""50975024"")",0.3873873873873873
"=HYPERLINK(""https://stackoverflow.com/a/51086481"", ""51086481"")",0.5374358974358974
"=HYPERLINK(""https://stackoverflow.com/a/51142007"", ""51142007"")",0.5175438596491228
"=HYPERLINK(""https://stackoverflow.com/a/51184692"", ""51184692"")",0.4019607843137255
"=HYPERLINK(""https://stackoverflow.com/a/51313978"", ""51313978"")",0.35999999999999993
"=HYPERLINK(""https://stackoverflow.com/a/51431050"", ""51431050"")",0.4545454545454545
"=HYPERLINK(""https://stackoverflow.com/a/51547413"", ""51547413"")",0.47619047619047616
"=HYPERLINK(""https://stackoverflow.com/a/51596873"", ""51596873"")",0.37735849056603776
"=HYPERLINK(""https://stackoverflow.com/a/51603198"", ""51603198"")",0.6822916666666666
"=HYPERLINK(""https://stackoverflow.com/a/51628484"", ""51628484"")",0.37647058823529417
"=HYPERLINK(""https://stackoverflow.com/a/51684303"", ""51684303"")",0.26126126126126126
"=HYPERLINK(""https://stackoverflow.com/a/52002052"", ""52002052"")",0.3357314148681056
"=HYPERLINK(""https://stackoverflow.com/a/52071620"", ""52071620"")",0.35440931780366064
"=HYPERLINK(""https://stackoverflow.com/a/52075964"", ""52075964"")",0.7236842105263158
"=HYPERLINK(""https://stackoverflow.com/a/52239595"", ""52239595"")",0.4479166666666667
"=HYPERLINK(""https://stackoverflow.com/a/52282483"", ""52282483"")",0.40540540540540543
"=HYPERLINK(""https://stackoverflow.com/a/52282756"", ""52282756"")",0.6757990867579909
"=HYPERLINK(""https://stackoverflow.com/a/52549559"", ""52549559"")",0.37254901960784315
"=HYPERLINK(""https://stackoverflow.com/a/52841382"", ""52841382"")",0.6085626911314985
"=HYPERLINK(""https://stackoverflow.com/a/52976032"", ""52976032"")",0.5995203836930456
"=HYPERLINK(""https://stackoverflow.com/a/53195861"", ""53195861"")",0.5768115942028986
"=HYPERLINK(""https://stackoverflow.com/a/53205891"", ""53205891"")",0.26190476190476186
"=HYPERLINK(""https://stackoverflow.com/a/53384866"", ""53384866"")",0.390151515151515
"=HYPERLINK(""https://stackoverflow.com/a/53466650"", ""53466650"")",0.5833333333333334
"=HYPERLINK(""https://stackoverflow.com/a/53658059"", ""53658059"")",0.3224043715846994
"=HYPERLINK(""https://stackoverflow.com/a/53734837"", ""53734837"")",0.34108527131782945
"=HYPERLINK(""https://stackoverflow.com/a/53802902"", ""53802902"")",0.36979166666666663
"=HYPERLINK(""https://stackoverflow.com/a/53853913"", ""53853913"")",0.43000000000000005
"=HYPERLINK(""https://stackoverflow.com/a/54009279"", ""54009279"")",0.540650406504065
"=HYPERLINK(""https://stackoverflow.com/a/54269383"", ""54269383"")",0.28260869565217395
"=HYPERLINK(""https://stackoverflow.com/a/54710860"", ""54710860"")",0.25
"=HYPERLINK(""https://stackoverflow.com/a/54794872"", ""54794872"")",0.6661092530657747
"=HYPERLINK(""https://stackoverflow.com/a/55158002"", ""55158002"")",0.43636363636363634
"=HYPERLINK(""https://stackoverflow.com/a/55273532"", ""55273532"")",0.48780487804878053
"=HYPERLINK(""https://stackoverflow.com/a/55301140"", ""55301140"")",0.43560606060606055
"=HYPERLINK(""https://stackoverflow.com/a/55305635"", ""55305635"")",0.45390070921985815
"=HYPERLINK(""https://stackoverflow.com/a/55465650"", ""55465650"")",0.8994910941475828
"=HYPERLINK(""https://stackoverflow.com/a/55497915"", ""55497915"")",0.40392156862745104
"=HYPERLINK(""https://stackoverflow.com/a/55504435"", ""55504435"")",0.6428571428571428
"=HYPERLINK(""https://stackoverflow.com/a/55525913"", ""55525913"")",0.35658914728682173
"=HYPERLINK(""https://stackoverflow.com/a/55551756"", ""55551756"")",0.3787878787878788
"=HYPERLINK(""https://stackoverflow.com/a/55623852"", ""55623852"")",0.34177215189873417
"=HYPERLINK(""https://stackoverflow.com/a/55637039"", ""55637039"")",0.5256410256410258
"=HYPERLINK(""https://stackoverflow.com/a/56024525"", ""56024525"")",0.33333333333333326
"=HYPERLINK(""https://stackoverflow.com/a/56137278"", ""56137278"")",0.3387978142076503
"=HYPERLINK(""https://stackoverflow.com/a/56240675"", ""56240675"")",0.326923076923077
"=HYPERLINK(""https://stackoverflow.com/a/56247025"", ""56247025"")",0.3981981981981982
"=HYPERLINK(""https://stackoverflow.com/a/56368666"", ""56368666"")",0.5581395348837209
"=HYPERLINK(""https://stackoverflow.com/a/56551971"", ""56551971"")",0.49789029535864987
"=HYPERLINK(""https://stackoverflow.com/a/56571210"", ""56571210"")",0.49090909090909085
"=HYPERLINK(""https://stackoverflow.com/a/56672464"", ""56672464"")",0.5263157894736843
"=HYPERLINK(""https://stackoverflow.com/a/56677701"", ""56677701"")",0.569182389937107
"=HYPERLINK(""https://stackoverflow.com/a/56710216"", ""56710216"")",0.2527472527472528
"=HYPERLINK(""https://stackoverflow.com/a/56860485"", ""56860485"")",0.5618279569892474
"=HYPERLINK(""https://stackoverflow.com/a/56943396"", ""56943396"")",0.4717948717948719
"=HYPERLINK(""https://stackoverflow.com/a/56979812"", ""56979812"")",0.564935064935065
"=HYPERLINK(""https://stackoverflow.com/a/57103937"", ""57103937"")",0.3658536585365854
"=HYPERLINK(""https://stackoverflow.com/a/57244037"", ""57244037"")",0.27272727272727276
"=HYPERLINK(""https://stackoverflow.com/a/57693479"", ""57693479"")",0.28531073446327687
"=HYPERLINK(""https://stackoverflow.com/a/57761246"", ""57761246"")",0.6236559139784946
"=HYPERLINK(""https://stackoverflow.com/a/57771934"", ""57771934"")",0.31182795698924726
"=HYPERLINK(""https://stackoverflow.com/a/58290950"", ""58290950"")",0.27131782945736443
"=HYPERLINK(""https://stackoverflow.com/a/58368985"", ""58368985"")",0.29449838187702265
"=HYPERLINK(""https://stackoverflow.com/a/58403629"", ""58403629"")",0.5652173913043479
"=HYPERLINK(""https://stackoverflow.com/a/58455151"", ""58455151"")",0.2916666666666667
"=HYPERLINK(""https://stackoverflow.com/a/58500069"", ""58500069"")",0.35294117647058826
"=HYPERLINK(""https://stackoverflow.com/a/58817766"", ""58817766"")",0.4102564102564103
"=HYPERLINK(""https://stackoverflow.com/a/58864399"", ""58864399"")",0.6097560975609757
"=HYPERLINK(""https://stackoverflow.com/a/58882478"", ""58882478"")",0.23731884057971017
"=HYPERLINK(""https://stackoverflow.com/a/58906510"", ""58906510"")",0.3525641025641026
"=HYPERLINK(""https://stackoverflow.com/a/58917361"", ""58917361"")",0.6397058823529412
"=HYPERLINK(""https://stackoverflow.com/a/58932992"", ""58932992"")",0.24919093851132684
"=HYPERLINK(""https://stackoverflow.com/a/59007539"", ""59007539"")",0.19166666666666668
"=HYPERLINK(""https://stackoverflow.com/a/59366205"", ""59366205"")",0.6000000000000001
"=HYPERLINK(""https://stackoverflow.com/a/59398056"", ""59398056"")",0.6238095238095239
"=HYPERLINK(""https://stackoverflow.com/a/59472641"", ""59472641"")",0.5689655172413793
"=HYPERLINK(""https://stackoverflow.com/a/59481825"", ""59481825"")",0.21052631578947367
"=HYPERLINK(""https://stackoverflow.com/a/59876371"", ""59876371"")",0.31250000000000006
"=HYPERLINK(""https://stackoverflow.com/a/59906767"", ""59906767"")",0.2843137254901961
"=HYPERLINK(""https://stackoverflow.com/a/59917379"", ""59917379"")",0.5527690700104493
"=HYPERLINK(""https://stackoverflow.com/a/60009024"", ""60009024"")",0.4388185654008439
"=HYPERLINK(""https://stackoverflow.com/a/60049246"", ""60049246"")",0.37974683544303794
"=HYPERLINK(""https://stackoverflow.com/a/60054083"", ""60054083"")",0.47140039447731746
"=HYPERLINK(""https://stackoverflow.com/a/60132420"", ""60132420"")",0.3248587570621469
"=HYPERLINK(""https://stackoverflow.com/a/60281880"", ""60281880"")",0.28270042194092826
"=HYPERLINK(""https://stackoverflow.com/a/60728228"", ""60728228"")",0.4411027568922306
"=HYPERLINK(""https://stackoverflow.com/a/61293373"", ""61293373"")",0.5020833333333333
"=HYPERLINK(""https://stackoverflow.com/a/61462687"", ""61462687"")",0.34523809523809523
"=HYPERLINK(""https://stackoverflow.com/a/61503778"", ""61503778"")",0.6159420289855073
"=HYPERLINK(""https://stackoverflow.com/a/61647536"", ""61647536"")",0.313915857605178
"=HYPERLINK(""https://stackoverflow.com/a/61984416"", ""61984416"")",0.27210884353741494
"=HYPERLINK(""https://stackoverflow.com/a/61987234"", ""61987234"")",0.39639639639639634
"=HYPERLINK(""https://stackoverflow.com/a/62121094"", ""62121094"")",0.3020833333333333
"=HYPERLINK(""https://stackoverflow.com/a/62305338"", ""62305338"")",0.2087912087912088
"=HYPERLINK(""https://stackoverflow.com/a/62414837"", ""62414837"")",0.6057971014492753
"=HYPERLINK(""https://stackoverflow.com/a/62438507"", ""62438507"")",0.55
"=HYPERLINK(""https://stackoverflow.com/a/62546917"", ""62546917"")",0.33333333333333337
"=HYPERLINK(""https://stackoverflow.com/a/62576453"", ""62576453"")",0.2621359223300971
"=HYPERLINK(""https://stackoverflow.com/a/62584172"", ""62584172"")",0.4469696969696971
"=HYPERLINK(""https://stackoverflow.com/a/62653410"", ""62653410"")",0.16666666666666666
"=HYPERLINK(""https://stackoverflow.com/a/62843563"", ""62843563"")",0.4
"=HYPERLINK(""https://stackoverflow.com/a/62860719"", ""62860719"")",0.24313725490196078
"=HYPERLINK(""https://stackoverflow.com/a/62963250"", ""62963250"")",0.5151515151515151
"=HYPERLINK(""https://stackoverflow.com/a/63124541"", ""63124541"")",0.4488188976377953
"=HYPERLINK(""https://stackoverflow.com/a/63250423"", ""63250423"")",0.4392156862745098
"=HYPERLINK(""https://stackoverflow.com/a/63278264"", ""63278264"")",0.6904761904761905
"=HYPERLINK(""https://stackoverflow.com/a/63362864"", ""63362864"")",0.41397849462365593
"=HYPERLINK(""https://stackoverflow.com/a/63501047"", ""63501047"")",0.44776119402985076
"=HYPERLINK(""https://stackoverflow.com/a/63680556"", ""63680556"")",0.2349726775956284
"=HYPERLINK(""https://stackoverflow.com/a/63755408"", ""63755408"")",0.41104294478527614
"=HYPERLINK(""https://stackoverflow.com/a/63799517"", ""63799517"")",0.37681159420289856
"=HYPERLINK(""https://stackoverflow.com/a/63806070"", ""63806070"")",0.27999999999999997
"=HYPERLINK(""https://stackoverflow.com/a/63811516"", ""63811516"")",0.5106382978723405
"=HYPERLINK(""https://stackoverflow.com/a/63929049"", ""63929049"")",0.588235294117647
"=HYPERLINK(""https://stackoverflow.com/a/63983660"", ""63983660"")",0.41818181818181815
"=HYPERLINK(""https://stackoverflow.com/a/64085419"", ""64085419"")",0.9251336898395721
"=HYPERLINK(""https://stackoverflow.com/a/64142034"", ""64142034"")",0.2058823529411765
"=HYPERLINK(""https://stackoverflow.com/a/64148062"", ""64148062"")",0.43478260869565216
"=HYPERLINK(""https://stackoverflow.com/a/64201034"", ""64201034"")",0.5333333333333333
"=HYPERLINK(""https://stackoverflow.com/a/64312775"", ""64312775"")",0.6885245901639344
"=HYPERLINK(""https://stackoverflow.com/a/64490235"", ""64490235"")",0.3836930455635493
"=HYPERLINK(""https://stackoverflow.com/a/64616538"", ""64616538"")",0.22388059701492538
"=HYPERLINK(""https://stackoverflow.com/a/64907595"", ""64907595"")",0.303030303030303
"=HYPERLINK(""https://stackoverflow.com/a/65091444"", ""65091444"")",0.43103448275862066
"=HYPERLINK(""https://stackoverflow.com/a/65108747"", ""65108747"")",0.4772727272727273
"=HYPERLINK(""https://stackoverflow.com/a/65518989"", ""65518989"")",0.39015151515151514
"=HYPERLINK(""https://stackoverflow.com/a/65559976"", ""65559976"")",0.2517006802721089
"=HYPERLINK(""https://stackoverflow.com/a/65733660"", ""65733660"")",0.3073593073593074
"=HYPERLINK(""https://stackoverflow.com/a/65823545"", ""65823545"")",0.5790960451977402
"=HYPERLINK(""https://stackoverflow.com/a/66288624"", ""66288624"")",0.5176991150442478
"=HYPERLINK(""https://stackoverflow.com/a/66505356"", ""66505356"")",0.5591397849462365
"=HYPERLINK(""https://stackoverflow.com/a/66558206"", ""66558206"")",0.40552016985138
"=HYPERLINK(""https://stackoverflow.com/a/66576996"", ""66576996"")",0.4246284501061571
"=HYPERLINK(""https://stackoverflow.com/a/66614090"", ""66614090"")",0.5958549222797926
"=HYPERLINK(""https://stackoverflow.com/a/66912082"", ""66912082"")",0.5954692556634305
"=HYPERLINK(""https://stackoverflow.com/a/67081210"", ""67081210"")",0.4083333333333333
"=HYPERLINK(""https://stackoverflow.com/a/67364783"", ""67364783"")",0.22857142857142862
"=HYPERLINK(""https://stackoverflow.com/a/67794893"", ""67794893"")",0.39130434782608703
"=HYPERLINK(""https://stackoverflow.com/a/68454174"", ""68454174"")",0.49999999999999994
"=HYPERLINK(""https://stackoverflow.com/a/68954269"", ""68954269"")",0.3934426229508196
"=HYPERLINK(""https://stackoverflow.com/a/69117607"", ""69117607"")",0.2284644194756554
"=HYPERLINK(""https://stackoverflow.com/a/69399066"", ""69399066"")",0.3938053097345132
"=HYPERLINK(""https://stackoverflow.com/a/69488921"", ""69488921"")",0.40606060606060607
"=HYPERLINK(""https://stackoverflow.com/a/69782666"", ""69782666"")",0.5029585798816568
"=HYPERLINK(""https://stackoverflow.com/a/69881326"", ""69881326"")",0.21107266435986158
"=HYPERLINK(""https://stackoverflow.com/a/70285054"", ""70285054"")",0.5276190476190477
"=HYPERLINK(""https://stackoverflow.com/a/70651035"", ""70651035"")",0.33573141486810554
"=HYPERLINK(""https://stackoverflow.com/a/70802505"", ""70802505"")",0.3522012578616352
"=HYPERLINK(""https://stackoverflow.com/a/70883882"", ""70883882"")",0.23137254901960783
"=HYPERLINK(""https://stackoverflow.com/a/70980502"", ""70980502"")",0.5213178294573644
"=HYPERLINK(""https://stackoverflow.com/a/71044615"", ""71044615"")",0.44776119402985076
"=HYPERLINK(""https://stackoverflow.com/a/71052386"", ""71052386"")",0.3900000000000001
"=HYPERLINK(""https://stackoverflow.com/a/71053334"", ""71053334"")",0.30443159922928703
"=HYPERLINK(""https://stackoverflow.com/a/71357806"", ""71357806"")",0.4625850340136054
"=HYPERLINK(""https://stackoverflow.com/a/71357828"", ""71357828"")",0.33333333333333337
"=HYPERLINK(""https://stackoverflow.com/a/71465145"", ""71465145"")",0.23717948717948725
"=HYPERLINK(""https://stackoverflow.com/a/71530292"", ""71530292"")",0.41869918699187
"=HYPERLINK(""https://stackoverflow.com/a/71652309"", ""71652309"")",0.459016393442623
"=HYPERLINK(""https://stackoverflow.com/a/71667559"", ""71667559"")",0.6060606060606061
