link,Correlation
"=HYPERLINK(""https://stackoverflow.com/q/5554610"", ""5554610"")",0.4344827586206896
"=HYPERLINK(""https://stackoverflow.com/q/5889179"", ""5889179"")",0.5974358974358974
"=HYPERLINK(""https://stackoverflow.com/q/10882282"", ""10882282"")",0.3137254901960784
"=HYPERLINK(""https://stackoverflow.com/q/10890718"", ""10890718"")",0.35064935064935066
"=HYPERLINK(""https://stackoverflow.com/q/11823894"", ""11823894"")",0.4184397163120568
"=HYPERLINK(""https://stackoverflow.com/q/14058589"", ""14058589"")",0.3470319634703196
"=HYPERLINK(""https://stackoverflow.com/q/14086364"", ""14086364"")",0.38993710691823896
"=HYPERLINK(""https://stackoverflow.com/q/14742918"", ""14742918"")",0.445945945945946
"=HYPERLINK(""https://stackoverflow.com/q/14973292"", ""14973292"")",0.5869120654396728
"=HYPERLINK(""https://stackoverflow.com/q/15868108"", ""15868108"")",0.7582417582417583
"=HYPERLINK(""https://stackoverflow.com/q/17865366"", ""17865366"")",0.4593232541396688
"=HYPERLINK(""https://stackoverflow.com/q/18794619"", ""18794619"")",0.5526315789473685
"=HYPERLINK(""https://stackoverflow.com/q/19208556"", ""19208556"")",0.4868421052631579
"=HYPERLINK(""https://stackoverflow.com/q/19932820"", ""19932820"")",0.4897959183673469
"=HYPERLINK(""https://stackoverflow.com/q/21089583"", ""21089583"")",0.574404761904762
"=HYPERLINK(""https://stackoverflow.com/q/22097381"", ""22097381"")",0.37681159420289856
"=HYPERLINK(""https://stackoverflow.com/q/23413570"", ""23413570"")",0.47242206235011996
"=HYPERLINK(""https://stackoverflow.com/q/23599618"", ""23599618"")",0.46000000000000013
"=HYPERLINK(""https://stackoverflow.com/q/24706677"", ""24706677"")",0.3525179856115108
"=HYPERLINK(""https://stackoverflow.com/q/25048768"", ""25048768"")",0.45632798573975036
"=HYPERLINK(""https://stackoverflow.com/q/25050751"", ""25050751"")",0.6482617586912065
"=HYPERLINK(""https://stackoverflow.com/q/26193051"", ""26193051"")",0.42564102564102574
"=HYPERLINK(""https://stackoverflow.com/q/26462487"", ""26462487"")",0.4102564102564102
"=HYPERLINK(""https://stackoverflow.com/q/26815021"", ""26815021"")",0.344632768361582
"=HYPERLINK(""https://stackoverflow.com/q/27553362"", ""27553362"")",0.5660377358490566
"=HYPERLINK(""https://stackoverflow.com/q/28301125"", ""28301125"")",0.6396396396396397
"=HYPERLINK(""https://stackoverflow.com/q/28366209"", ""28366209"")",0.5792880258899676
"=HYPERLINK(""https://stackoverflow.com/q/28540882"", ""28540882"")",0.3045977011494253
"=HYPERLINK(""https://stackoverflow.com/q/29180287"", ""29180287"")",0.4723809523809524
"=HYPERLINK(""https://stackoverflow.com/q/29188920"", ""29188920"")",0.4427083333333333
"=HYPERLINK(""https://stackoverflow.com/q/29828978"", ""29828978"")",0.6410256410256411
"=HYPERLINK(""https://stackoverflow.com/q/30121181"", ""30121181"")",0.7313432835820897
"=HYPERLINK(""https://stackoverflow.com/q/30821865"", ""30821865"")",0.46428571428571425
"=HYPERLINK(""https://stackoverflow.com/q/30867358"", ""30867358"")",0.3684210526315789
"=HYPERLINK(""https://stackoverflow.com/q/30901595"", ""30901595"")",0.34182590233545646
"=HYPERLINK(""https://stackoverflow.com/q/31123035"", ""31123035"")",0.5995203836930456
"=HYPERLINK(""https://stackoverflow.com/q/31432613"", ""31432613"")",0.5584988962472406
"=HYPERLINK(""https://stackoverflow.com/q/31442820"", ""31442820"")",0.269162210338681
"=HYPERLINK(""https://stackoverflow.com/q/31609319"", ""31609319"")",0.335632183908046
"=HYPERLINK(""https://stackoverflow.com/q/31624644"", ""31624644"")",0.5057471264367815
"=HYPERLINK(""https://stackoverflow.com/q/31672656"", ""31672656"")",0.38461538461538464
"=HYPERLINK(""https://stackoverflow.com/q/31855657"", ""31855657"")",0.5485564304461943
"=HYPERLINK(""https://stackoverflow.com/q/32119553"", ""32119553"")",0.6310679611650486
"=HYPERLINK(""https://stackoverflow.com/q/32242167"", ""32242167"")",0.35365853658536583
"=HYPERLINK(""https://stackoverflow.com/q/32386351"", ""32386351"")",0.5000000000000001
"=HYPERLINK(""https://stackoverflow.com/q/32400447"", ""32400447"")",0.5000000000000001
"=HYPERLINK(""https://stackoverflow.com/q/32451243"", ""32451243"")",0.31016042780748665
"=HYPERLINK(""https://stackoverflow.com/q/32482658"", ""32482658"")",0.4925373134328359
"=HYPERLINK(""https://stackoverflow.com/q/32585277"", ""32585277"")",0.45355191256830596
"=HYPERLINK(""https://stackoverflow.com/q/32605158"", ""32605158"")",0.5588235294117648
"=HYPERLINK(""https://stackoverflow.com/q/32843267"", ""32843267"")",0.5892857142857143
"=HYPERLINK(""https://stackoverflow.com/q/32954423"", ""32954423"")",0.5048543689320389
"=HYPERLINK(""https://stackoverflow.com/q/33091830"", ""33091830"")",0.4039938556067588
"=HYPERLINK(""https://stackoverflow.com/q/33396042"", ""33396042"")",0.441860465116279
"=HYPERLINK(""https://stackoverflow.com/q/33399663"", ""33399663"")",0.336996336996337
"=HYPERLINK(""https://stackoverflow.com/q/33401869"", ""33401869"")",0.6606060606060605
"=HYPERLINK(""https://stackoverflow.com/q/33404099"", ""33404099"")",0.36907366885485055
"=HYPERLINK(""https://stackoverflow.com/q/33424324"", ""33424324"")",0.7536231884057971
"=HYPERLINK(""https://stackoverflow.com/q/33480289"", ""33480289"")",0.3897849462365592
"=HYPERLINK(""https://stackoverflow.com/q/33624415"", ""33624415"")",0.5871212121212122
"=HYPERLINK(""https://stackoverflow.com/q/33675736"", ""33675736"")",0.25000000000000006
"=HYPERLINK(""https://stackoverflow.com/q/33708725"", ""33708725"")",0.32022471910112366
"=HYPERLINK(""https://stackoverflow.com/q/33876256"", ""33876256"")",0.5531135531135531
"=HYPERLINK(""https://stackoverflow.com/q/33964062"", ""33964062"")",0.4635416666666666
"=HYPERLINK(""https://stackoverflow.com/q/34066053"", ""34066053"")",0.69060773480663
"=HYPERLINK(""https://stackoverflow.com/q/34171687"", ""34171687"")",0.2642276422764228
"=HYPERLINK(""https://stackoverflow.com/q/34324930"", ""34324930"")",0.4259974259974259
"=HYPERLINK(""https://stackoverflow.com/q/34519417"", ""34519417"")",0.5867768595041323
"=HYPERLINK(""https://stackoverflow.com/q/34923196"", ""34923196"")",0.4946236559139785
"=HYPERLINK(""https://stackoverflow.com/q/35197965"", ""35197965"")",0.28918322295805743
"=HYPERLINK(""https://stackoverflow.com/q/35472446"", ""35472446"")",0.5416666666666666
"=HYPERLINK(""https://stackoverflow.com/q/35851851"", ""35851851"")",0.6087719298245614
"=HYPERLINK(""https://stackoverflow.com/q/36013899"", ""36013899"")",0.4574712643678161
"=HYPERLINK(""https://stackoverflow.com/q/36056832"", ""36056832"")",0.3180272108843538
"=HYPERLINK(""https://stackoverflow.com/q/36063443"", ""36063443"")",0.4862155388471178
"=HYPERLINK(""https://stackoverflow.com/q/36212815"", ""36212815"")",0.340033500837521
"=HYPERLINK(""https://stackoverflow.com/q/36260727"", ""36260727"")",0.3302752293577982
"=HYPERLINK(""https://stackoverflow.com/q/36405601"", ""36405601"")",0.26373626373626374
"=HYPERLINK(""https://stackoverflow.com/q/36563769"", ""36563769"")",0.46799116997792495
"=HYPERLINK(""https://stackoverflow.com/q/36696541"", ""36696541"")",0.5573770491803279
"=HYPERLINK(""https://stackoverflow.com/q/36855285"", ""36855285"")",0.643312101910828
"=HYPERLINK(""https://stackoverflow.com/q/36894000"", ""36894000"")",0.44940476190476203
"=HYPERLINK(""https://stackoverflow.com/q/37006570"", ""37006570"")",0.6748633879781419
"=HYPERLINK(""https://stackoverflow.com/q/37045652"", ""37045652"")",0.4912280701754387
"=HYPERLINK(""https://stackoverflow.com/q/37062476"", ""37062476"")",0.5851318944844125
"=HYPERLINK(""https://stackoverflow.com/q/37219528"", ""37219528"")",0.2565947242206235
"=HYPERLINK(""https://stackoverflow.com/q/37286030"", ""37286030"")",0.3818770226537218
"=HYPERLINK(""https://stackoverflow.com/q/37344958"", ""37344958"")",0.7978142076502732
"=HYPERLINK(""https://stackoverflow.com/q/37363883"", ""37363883"")",0.5000000000000001
"=HYPERLINK(""https://stackoverflow.com/q/37375506"", ""37375506"")",0.33333333333333337
"=HYPERLINK(""https://stackoverflow.com/q/37482861"", ""37482861"")",0.45049504950495034
"=HYPERLINK(""https://stackoverflow.com/q/37529184"", ""37529184"")",0.33333333333333337
"=HYPERLINK(""https://stackoverflow.com/q/37624789"", ""37624789"")",0.6118721461187214
"=HYPERLINK(""https://stackoverflow.com/q/37696630"", ""37696630"")",0.33146067415730335
"=HYPERLINK(""https://stackoverflow.com/q/38027263"", ""38027263"")",0.4661654135338346
"=HYPERLINK(""https://stackoverflow.com/q/38219932"", ""38219932"")",0.28308207705192634
"=HYPERLINK(""https://stackoverflow.com/q/38685750"", ""38685750"")",0.43169398907103823
"=HYPERLINK(""https://stackoverflow.com/q/38870109"", ""38870109"")",0.658008658008658
"=HYPERLINK(""https://stackoverflow.com/q/38927230"", ""38927230"")",0.34364261168384885
"=HYPERLINK(""https://stackoverflow.com/q/38937247"", ""38937247"")",0.3394683026584867
"=HYPERLINK(""https://stackoverflow.com/q/38968311"", ""38968311"")",0.6666666666666666
"=HYPERLINK(""https://stackoverflow.com/q/39327655"", ""39327655"")",0.41333333333333344
"=HYPERLINK(""https://stackoverflow.com/q/39430734"", ""39430734"")",0.4357923497267759
"=HYPERLINK(""https://stackoverflow.com/q/40108999"", ""40108999"")",0.33201581027667987
"=HYPERLINK(""https://stackoverflow.com/q/40121673"", ""40121673"")",0.4421416234887738
"=HYPERLINK(""https://stackoverflow.com/q/40190040"", ""40190040"")",0.5131578947368421
"=HYPERLINK(""https://stackoverflow.com/q/40275946"", ""40275946"")",0.7371428571428571
"=HYPERLINK(""https://stackoverflow.com/q/40377504"", ""40377504"")",0.46601941747572817
"=HYPERLINK(""https://stackoverflow.com/q/40640952"", ""40640952"")",0.38863976083707025
"=HYPERLINK(""https://stackoverflow.com/q/40798184"", ""40798184"")",0.39610389610389607
"=HYPERLINK(""https://stackoverflow.com/q/41104540"", ""41104540"")",0.4365671641791044
"=HYPERLINK(""https://stackoverflow.com/q/41177401"", ""41177401"")",0.35738831615120287
"=HYPERLINK(""https://stackoverflow.com/q/41248450"", ""41248450"")",0.5039370078740157
"=HYPERLINK(""https://stackoverflow.com/q/41296728"", ""41296728"")",0.7710330138445153
"=HYPERLINK(""https://stackoverflow.com/q/41340086"", ""41340086"")",0.5188811188811188
"=HYPERLINK(""https://stackoverflow.com/q/41621476"", ""41621476"")",0.4119496855345912
"=HYPERLINK(""https://stackoverflow.com/q/41627290"", ""41627290"")",0.4581560283687943
"=HYPERLINK(""https://stackoverflow.com/q/41680746"", ""41680746"")",0.48039215686274517
"=HYPERLINK(""https://stackoverflow.com/q/41840596"", ""41840596"")",0.42559523809523814
"=HYPERLINK(""https://stackoverflow.com/q/41855344"", ""41855344"")",0.4982817869415809
"=HYPERLINK(""https://stackoverflow.com/q/41983520"", ""41983520"")",0.4471544715447155
"=HYPERLINK(""https://stackoverflow.com/q/42212737"", ""42212737"")",0.6666666666666666
"=HYPERLINK(""https://stackoverflow.com/q/42491661"", ""42491661"")",0.6586021505376344
"=HYPERLINK(""https://stackoverflow.com/q/42689864"", ""42689864"")",0.29846153846153844
"=HYPERLINK(""https://stackoverflow.com/q/42865609"", ""42865609"")",0.4266666666666668
"=HYPERLINK(""https://stackoverflow.com/q/42887037"", ""42887037"")",0.2323809523809524
"=HYPERLINK(""https://stackoverflow.com/q/42913138"", ""42913138"")",0.5960784313725491
"=HYPERLINK(""https://stackoverflow.com/q/42986668"", ""42986668"")",0.35668789808917195
"=HYPERLINK(""https://stackoverflow.com/q/43035149"", ""43035149"")",0.4859943977591036
"=HYPERLINK(""https://stackoverflow.com/q/43095970"", ""43095970"")",0.5284552845528456
"=HYPERLINK(""https://stackoverflow.com/q/43130279"", ""43130279"")",0.5774278215223098
"=HYPERLINK(""https://stackoverflow.com/q/43137325"", ""43137325"")",0.315673289183223
"=HYPERLINK(""https://stackoverflow.com/q/43189340"", ""43189340"")",0.6357388316151203
"=HYPERLINK(""https://stackoverflow.com/q/43209823"", ""43209823"")",0.32000000000000006
"=HYPERLINK(""https://stackoverflow.com/q/43216126"", ""43216126"")",0.5788288288288289
"=HYPERLINK(""https://stackoverflow.com/q/43284577"", ""43284577"")",0.24460431654676262
"=HYPERLINK(""https://stackoverflow.com/q/43548878"", ""43548878"")",0.5363408521303258
"=HYPERLINK(""https://stackoverflow.com/q/43592291"", ""43592291"")",0.3606060606060606
"=HYPERLINK(""https://stackoverflow.com/q/43642340"", ""43642340"")",0.26224328593996843
"=HYPERLINK(""https://stackoverflow.com/q/43665020"", ""43665020"")",0.673992673992674
"=HYPERLINK(""https://stackoverflow.com/q/43678786"", ""43678786"")",0.4693877551020409
"=HYPERLINK(""https://stackoverflow.com/q/43793479"", ""43793479"")",0.35815602836879434
"=HYPERLINK(""https://stackoverflow.com/q/43812176"", ""43812176"")",0.2391304347826087
"=HYPERLINK(""https://stackoverflow.com/q/43879240"", ""43879240"")",0.509641873278237
"=HYPERLINK(""https://stackoverflow.com/q/43940136"", ""43940136"")",0.3142250530785563
"=HYPERLINK(""https://stackoverflow.com/q/44033089"", ""44033089"")",0.402930402930403
"=HYPERLINK(""https://stackoverflow.com/q/44094810"", ""44094810"")",0.32926829268292684
"=HYPERLINK(""https://stackoverflow.com/q/44110233"", ""44110233"")",0.2916666666666667
"=HYPERLINK(""https://stackoverflow.com/q/44151297"", ""44151297"")",0.5300546448087432
"=HYPERLINK(""https://stackoverflow.com/q/44185091"", ""44185091"")",0.618421052631579
"=HYPERLINK(""https://stackoverflow.com/q/44191267"", ""44191267"")",0.2791164658634539
"=HYPERLINK(""https://stackoverflow.com/q/44205039"", ""44205039"")",0.5416666666666666
"=HYPERLINK(""https://stackoverflow.com/q/44259044"", ""44259044"")",0.36585365853658536
"=HYPERLINK(""https://stackoverflow.com/q/44338639"", ""44338639"")",0.6063218390804597
"=HYPERLINK(""https://stackoverflow.com/q/44367367"", ""44367367"")",0.4716981132075472
"=HYPERLINK(""https://stackoverflow.com/q/44369393"", ""44369393"")",0.6666666666666667
"=HYPERLINK(""https://stackoverflow.com/q/44409066"", ""44409066"")",0.5242718446601942
"=HYPERLINK(""https://stackoverflow.com/q/44480456"", ""44480456"")",0.5654008438818565
"=HYPERLINK(""https://stackoverflow.com/q/44533297"", ""44533297"")",0.5162907268170427
"=HYPERLINK(""https://stackoverflow.com/q/44628702"", ""44628702"")",0.2437810945273632
"=HYPERLINK(""https://stackoverflow.com/q/44683514"", ""44683514"")",0.643625192012289
"=HYPERLINK(""https://stackoverflow.com/q/44690236"", ""44690236"")",0.5333333333333334
"=HYPERLINK(""https://stackoverflow.com/q/44700570"", ""44700570"")",0.23415977961432508
"=HYPERLINK(""https://stackoverflow.com/q/44720139"", ""44720139"")",0.31981981981981983
"=HYPERLINK(""https://stackoverflow.com/q/44738743"", ""44738743"")",0.3411513859275053
"=HYPERLINK(""https://stackoverflow.com/q/44752584"", ""44752584"")",0.7763713080168776
"=HYPERLINK(""https://stackoverflow.com/q/44753601"", ""44753601"")",0.4807017543859649
"=HYPERLINK(""https://stackoverflow.com/q/44791101"", ""44791101"")",0.4495238095238095
"=HYPERLINK(""https://stackoverflow.com/q/44792040"", ""44792040"")",0.39037433155080214
"=HYPERLINK(""https://stackoverflow.com/q/44800005"", ""44800005"")",0.2943089430894309
"=HYPERLINK(""https://stackoverflow.com/q/44803064"", ""44803064"")",0.46538871139510124
"=HYPERLINK(""https://stackoverflow.com/q/44930886"", ""44930886"")",0.6335540838852098
"=HYPERLINK(""https://stackoverflow.com/q/44956564"", ""44956564"")",0.5261707988980716
"=HYPERLINK(""https://stackoverflow.com/q/44986674"", ""44986674"")",0.7127659574468085
"=HYPERLINK(""https://stackoverflow.com/q/45025667"", ""45025667"")",0.5923423423423423
"=HYPERLINK(""https://stackoverflow.com/q/45082454"", ""45082454"")",0.40234375000000006
"=HYPERLINK(""https://stackoverflow.com/q/45085994"", ""45085994"")",0.6096491228070176
"=HYPERLINK(""https://stackoverflow.com/q/45087624"", ""45087624"")",0.3559322033898306
"=HYPERLINK(""https://stackoverflow.com/q/45194421"", ""45194421"")",0.44028520499108736
"=HYPERLINK(""https://stackoverflow.com/q/45201792"", ""45201792"")",0.5979073243647235
"=HYPERLINK(""https://stackoverflow.com/q/45206076"", ""45206076"")",0.47619047619047616
"=HYPERLINK(""https://stackoverflow.com/q/45319194"", ""45319194"")",0.6253443526170799
"=HYPERLINK(""https://stackoverflow.com/q/45357217"", ""45357217"")",0.3584905660377359
"=HYPERLINK(""https://stackoverflow.com/q/45426366"", ""45426366"")",0.46942800788954636
"=HYPERLINK(""https://stackoverflow.com/q/45427595"", ""45427595"")",0.4654088050314465
"=HYPERLINK(""https://stackoverflow.com/q/45448483"", ""45448483"")",0.4212454212454213
"=HYPERLINK(""https://stackoverflow.com/q/45470674"", ""45470674"")",0.6582278481012658
"=HYPERLINK(""https://stackoverflow.com/q/45565029"", ""45565029"")",0.8495934959349594
"=HYPERLINK(""https://stackoverflow.com/q/45625116"", ""45625116"")",0.4652014652014653
"=HYPERLINK(""https://stackoverflow.com/q/45626764"", ""45626764"")",0.7089041095890412
"=HYPERLINK(""https://stackoverflow.com/q/45664403"", ""45664403"")",0.5151515151515151
"=HYPERLINK(""https://stackoverflow.com/q/45672118"", ""45672118"")",0.591715976331361
"=HYPERLINK(""https://stackoverflow.com/q/45783048"", ""45783048"")",0.4108527131782946
"=HYPERLINK(""https://stackoverflow.com/q/45814469"", ""45814469"")",0.4149659863945578
"=HYPERLINK(""https://stackoverflow.com/q/45819380"", ""45819380"")",0.27272727272727276
"=HYPERLINK(""https://stackoverflow.com/q/45832671"", ""45832671"")",0.40659340659340665
"=HYPERLINK(""https://stackoverflow.com/q/45848439"", ""45848439"")",0.5560344827586207
"=HYPERLINK(""https://stackoverflow.com/q/45889876"", ""45889876"")",0.40773809523809534
"=HYPERLINK(""https://stackoverflow.com/q/46117348"", ""46117348"")",0.6158940397350994
"=HYPERLINK(""https://stackoverflow.com/q/46160751"", ""46160751"")",0.5807770961145196
"=HYPERLINK(""https://stackoverflow.com/q/46174071"", ""46174071"")",0.23245614035087717
"=HYPERLINK(""https://stackoverflow.com/q/46210649"", ""46210649"")",0.3901515151515152
"=HYPERLINK(""https://stackoverflow.com/q/46317073"", ""46317073"")",0.41476655808903373
"=HYPERLINK(""https://stackoverflow.com/q/46328579"", ""46328579"")",0.5833333333333334
"=HYPERLINK(""https://stackoverflow.com/q/46340959"", ""46340959"")",0.5299539170506913
"=HYPERLINK(""https://stackoverflow.com/q/46373561"", ""46373561"")",0.337431693989071
"=HYPERLINK(""https://stackoverflow.com/q/46413236"", ""46413236"")",0.5354609929078015
"=HYPERLINK(""https://stackoverflow.com/q/46553482"", ""46553482"")",0.35585585585585594
"=HYPERLINK(""https://stackoverflow.com/q/46815427"", ""46815427"")",0.3774104683195593
"=HYPERLINK(""https://stackoverflow.com/q/46853720"", ""46853720"")",0.2822151224707135
"=HYPERLINK(""https://stackoverflow.com/q/46883834"", ""46883834"")",0.5482456140350878
"=HYPERLINK(""https://stackoverflow.com/q/46891829"", ""46891829"")",0.5628140703517588
"=HYPERLINK(""https://stackoverflow.com/q/46971969"", ""46971969"")",0.5235507246376812
"=HYPERLINK(""https://stackoverflow.com/q/47067711"", ""47067711"")",0.28095238095238095
"=HYPERLINK(""https://stackoverflow.com/q/47085863"", ""47085863"")",0.43000000000000005
"=HYPERLINK(""https://stackoverflow.com/q/47155492"", ""47155492"")",0.2809917355371901
"=HYPERLINK(""https://stackoverflow.com/q/47254565"", ""47254565"")",0.5601374570446735
"=HYPERLINK(""https://stackoverflow.com/q/47334892"", ""47334892"")",0.7166666666666667
"=HYPERLINK(""https://stackoverflow.com/q/47513901"", ""47513901"")",0.381468110709988
"=HYPERLINK(""https://stackoverflow.com/q/47514577"", ""47514577"")",0.6143250688705235
"=HYPERLINK(""https://stackoverflow.com/q/47544498"", ""47544498"")",0.3123543123543123
"=HYPERLINK(""https://stackoverflow.com/q/47702323"", ""47702323"")",0.33802816901408456
"=HYPERLINK(""https://stackoverflow.com/q/47722933"", ""47722933"")",0.6882494004796164
"=HYPERLINK(""https://stackoverflow.com/q/47759418"", ""47759418"")",0.3708920187793427
"=HYPERLINK(""https://stackoverflow.com/q/47828510"", ""47828510"")",0.416030534351145
"=HYPERLINK(""https://stackoverflow.com/q/47927169"", ""47927169"")",0.663768115942029
"=HYPERLINK(""https://stackoverflow.com/q/48076913"", ""48076913"")",0.32088520055325037
"=HYPERLINK(""https://stackoverflow.com/q/48087407"", ""48087407"")",0.6168831168831168
"=HYPERLINK(""https://stackoverflow.com/q/48087484"", ""48087484"")",0.5833333333333334
"=HYPERLINK(""https://stackoverflow.com/q/48103924"", ""48103924"")",0.3203883495145631
"=HYPERLINK(""https://stackoverflow.com/q/48111034"", ""48111034"")",0.36711711711711714
"=HYPERLINK(""https://stackoverflow.com/q/48197524"", ""48197524"")",0.6636904761904763
"=HYPERLINK(""https://stackoverflow.com/q/48212530"", ""48212530"")",0.3989501312335958
"=HYPERLINK(""https://stackoverflow.com/q/48317921"", ""48317921"")",0.6028368794326242
"=HYPERLINK(""https://stackoverflow.com/q/48413425"", ""48413425"")",0.6143250688705234
"=HYPERLINK(""https://stackoverflow.com/q/48441368"", ""48441368"")",0.6034482758620691
"=HYPERLINK(""https://stackoverflow.com/q/48463961"", ""48463961"")",0.5487804878048781
"=HYPERLINK(""https://stackoverflow.com/q/48470043"", ""48470043"")",0.43782654127481707
"=HYPERLINK(""https://stackoverflow.com/q/48538135"", ""48538135"")",0.5142857142857143
"=HYPERLINK(""https://stackoverflow.com/q/48552978"", ""48552978"")",0.37349397590361444
"=HYPERLINK(""https://stackoverflow.com/q/48588299"", ""48588299"")",0.5087719298245615
"=HYPERLINK(""https://stackoverflow.com/q/48725112"", ""48725112"")",0.28623188405797106
"=HYPERLINK(""https://stackoverflow.com/q/48735257"", ""48735257"")",0.41025641025641035
"=HYPERLINK(""https://stackoverflow.com/q/48915519"", ""48915519"")",0.5799086757990868
"=HYPERLINK(""https://stackoverflow.com/q/48954257"", ""48954257"")",0.4432234432234433
"=HYPERLINK(""https://stackoverflow.com/q/48956020"", ""48956020"")",0.5122549019607844
"=HYPERLINK(""https://stackoverflow.com/q/49000226"", ""49000226"")",0.624
"=HYPERLINK(""https://stackoverflow.com/q/49013086"", ""49013086"")",0.46448087431693985
"=HYPERLINK(""https://stackoverflow.com/q/49016896"", ""49016896"")",0.47333333333333344
"=HYPERLINK(""https://stackoverflow.com/q/49056593"", ""49056593"")",0.38978494623655924
"=HYPERLINK(""https://stackoverflow.com/q/49177418"", ""49177418"")",0.7208835341365462
"=HYPERLINK(""https://stackoverflow.com/q/49189487"", ""49189487"")",0.3150684931506849
"=HYPERLINK(""https://stackoverflow.com/q/49253698"", ""49253698"")",0.505952380952381
"=HYPERLINK(""https://stackoverflow.com/q/49318981"", ""49318981"")",0.37974683544303794
"=HYPERLINK(""https://stackoverflow.com/q/49353079"", ""49353079"")",0.3406593406593407
"=HYPERLINK(""https://stackoverflow.com/q/49393343"", ""49393343"")",0.4336569579288026
"=HYPERLINK(""https://stackoverflow.com/q/49414212"", ""49414212"")",0.6331877729257641
"=HYPERLINK(""https://stackoverflow.com/q/49448791"", ""49448791"")",0.5749235474006116
"=HYPERLINK(""https://stackoverflow.com/q/49473799"", ""49473799"")",0.5522755227552275
"=HYPERLINK(""https://stackoverflow.com/q/49535272"", ""49535272"")",0.3285714285714286
"=HYPERLINK(""https://stackoverflow.com/q/49634547"", ""49634547"")",0.42967244701348745
"=HYPERLINK(""https://stackoverflow.com/q/49671640"", ""49671640"")",0.41666666666666674
"=HYPERLINK(""https://stackoverflow.com/q/49775365"", ""49775365"")",0.38852097130242824
"=HYPERLINK(""https://stackoverflow.com/q/49822035"", ""49822035"")",0.48571428571428577
"=HYPERLINK(""https://stackoverflow.com/q/49823178"", ""49823178"")",0.7439293598233995
"=HYPERLINK(""https://stackoverflow.com/q/49895721"", ""49895721"")",0.3974358974358974
"=HYPERLINK(""https://stackoverflow.com/q/50057137"", ""50057137"")",0.5009523809523809
"=HYPERLINK(""https://stackoverflow.com/q/50077237"", ""50077237"")",0.6377358490566037
"=HYPERLINK(""https://stackoverflow.com/q/50093334"", ""50093334"")",0.46278317152103565
"=HYPERLINK(""https://stackoverflow.com/q/50133056"", ""50133056"")",0.3958333333333334
"=HYPERLINK(""https://stackoverflow.com/q/50133418"", ""50133418"")",0.27702702702702714
"=HYPERLINK(""https://stackoverflow.com/q/50433033"", ""50433033"")",0.36050724637681164
"=HYPERLINK(""https://stackoverflow.com/q/50476210"", ""50476210"")",0.4641350210970464
"=HYPERLINK(""https://stackoverflow.com/q/50534675"", ""50534675"")",0.7142857142857144
"=HYPERLINK(""https://stackoverflow.com/q/50601823"", ""50601823"")",0.5923423423423423
"=HYPERLINK(""https://stackoverflow.com/q/50607610"", ""50607610"")",0.5570776255707762
"=HYPERLINK(""https://stackoverflow.com/q/50696160"", ""50696160"")",0.7508250825082506
"=HYPERLINK(""https://stackoverflow.com/q/50738058"", ""50738058"")",0.4358974358974359
"=HYPERLINK(""https://stackoverflow.com/q/50739607"", ""50739607"")",0.3954022988505747
"=HYPERLINK(""https://stackoverflow.com/q/50747502"", ""50747502"")",0.5157232704402516
"=HYPERLINK(""https://stackoverflow.com/q/50809461"", ""50809461"")",0.3202898550724637
"=HYPERLINK(""https://stackoverflow.com/q/50851937"", ""50851937"")",0.4427083333333333
"=HYPERLINK(""https://stackoverflow.com/q/50853542"", ""50853542"")",0.4084507042253521
"=HYPERLINK(""https://stackoverflow.com/q/50886609"", ""50886609"")",0.49593495934959364
"=HYPERLINK(""https://stackoverflow.com/q/50946104"", ""50946104"")",0.45703125
"=HYPERLINK(""https://stackoverflow.com/q/50953736"", ""50953736"")",0.34052757793764993
"=HYPERLINK(""https://stackoverflow.com/q/50954802"", ""50954802"")",0.4728260869565217
"=HYPERLINK(""https://stackoverflow.com/q/50959561"", ""50959561"")",0.5770833333333334
"=HYPERLINK(""https://stackoverflow.com/q/50987140"", ""50987140"")",0.5321100917431193
"=HYPERLINK(""https://stackoverflow.com/q/50987850"", ""50987850"")",0.8923076923076922
"=HYPERLINK(""https://stackoverflow.com/q/51035281"", ""51035281"")",0.4552380952380953
"=HYPERLINK(""https://stackoverflow.com/q/51216030"", ""51216030"")",0.8220720720720721
"=HYPERLINK(""https://stackoverflow.com/q/51430645"", ""51430645"")",0.7831715210355986
"=HYPERLINK(""https://stackoverflow.com/q/51471758"", ""51471758"")",0.3766025641025641
"=HYPERLINK(""https://stackoverflow.com/q/51477054"", ""51477054"")",0.2830188679245283
"=HYPERLINK(""https://stackoverflow.com/q/51543158"", ""51543158"")",0.43154761904761924
"=HYPERLINK(""https://stackoverflow.com/q/51543937"", ""51543937"")",0.39755351681957196
"=HYPERLINK(""https://stackoverflow.com/q/51546796"", ""51546796"")",0.39716312056737585
"=HYPERLINK(""https://stackoverflow.com/q/51602029"", ""51602029"")",0.7009803921568628
"=HYPERLINK(""https://stackoverflow.com/q/51608738"", ""51608738"")",0.32954545454545453
"=HYPERLINK(""https://stackoverflow.com/q/51612472"", ""51612472"")",0.33333333333333326
"=HYPERLINK(""https://stackoverflow.com/q/51635902"", ""51635902"")",0.40860215053763443
"=HYPERLINK(""https://stackoverflow.com/q/51642448"", ""51642448"")",0.3471400394477318
"=HYPERLINK(""https://stackoverflow.com/q/51655007"", ""51655007"")",0.5487804878048782
"=HYPERLINK(""https://stackoverflow.com/q/51668053"", ""51668053"")",0.40846994535519116
"=HYPERLINK(""https://stackoverflow.com/q/51715175"", ""51715175"")",0.1910919540229885
"=HYPERLINK(""https://stackoverflow.com/q/51732754"", ""51732754"")",0.4380952380952381
"=HYPERLINK(""https://stackoverflow.com/q/51735459"", ""51735459"")",0.31645569620253167
"=HYPERLINK(""https://stackoverflow.com/q/51780562"", ""51780562"")",0.5148305084745763
"=HYPERLINK(""https://stackoverflow.com/q/51863256"", ""51863256"")",0.45128205128205134
"=HYPERLINK(""https://stackoverflow.com/q/51888996"", ""51888996"")",0.35627530364372473
"=HYPERLINK(""https://stackoverflow.com/q/51901091"", ""51901091"")",0.3333333333333333
"=HYPERLINK(""https://stackoverflow.com/q/51954502"", ""51954502"")",0.34117647058823525
"=HYPERLINK(""https://stackoverflow.com/q/51966783"", ""51966783"")",0.23132183908045978
"=HYPERLINK(""https://stackoverflow.com/q/52009091"", ""52009091"")",0.6377952755905513
"=HYPERLINK(""https://stackoverflow.com/q/52055933"", ""52055933"")",0.6475583864118896
"=HYPERLINK(""https://stackoverflow.com/q/52084632"", ""52084632"")",0.3560606060606061
"=HYPERLINK(""https://stackoverflow.com/q/52087252"", ""52087252"")",0.3185840707964602
"=HYPERLINK(""https://stackoverflow.com/q/52104243"", ""52104243"")",0.4540682414698164
"=HYPERLINK(""https://stackoverflow.com/q/52178872"", ""52178872"")",0.3394495412844037
"=HYPERLINK(""https://stackoverflow.com/q/52230318"", ""52230318"")",0.5355805243445693
"=HYPERLINK(""https://stackoverflow.com/q/52383740"", ""52383740"")",0.5307443365695793
"=HYPERLINK(""https://stackoverflow.com/q/52431210"", ""52431210"")",0.3214285714285715
"=HYPERLINK(""https://stackoverflow.com/q/52440401"", ""52440401"")",0.318407960199005
"=HYPERLINK(""https://stackoverflow.com/q/52456900"", ""52456900"")",0.4309392265193371
"=HYPERLINK(""https://stackoverflow.com/q/52496836"", ""52496836"")",0.33333333333333337
"=HYPERLINK(""https://stackoverflow.com/q/52513278"", ""52513278"")",0.3558558558558559
"=HYPERLINK(""https://stackoverflow.com/q/52522640"", ""52522640"")",0.23340627279358125
"=HYPERLINK(""https://stackoverflow.com/q/52546643"", ""52546643"")",0.5957446808510639
"=HYPERLINK(""https://stackoverflow.com/q/52747370"", ""52747370"")",0.24628450106157113
"=HYPERLINK(""https://stackoverflow.com/q/52937340"", ""52937340"")",0.38988095238095244
"=HYPERLINK(""https://stackoverflow.com/q/52965384"", ""52965384"")",0.6166097838452785
"=HYPERLINK(""https://stackoverflow.com/q/52980929"", ""52980929"")",0.2822695035460993
"=HYPERLINK(""https://stackoverflow.com/q/52994441"", ""52994441"")",0.6252873563218392
"=HYPERLINK(""https://stackoverflow.com/q/53039110"", ""53039110"")",0.6865671641791045
"=HYPERLINK(""https://stackoverflow.com/q/53050064"", ""53050064"")",0.37457044673539525
"=HYPERLINK(""https://stackoverflow.com/q/53083329"", ""53083329"")",0.27056277056277056
"=HYPERLINK(""https://stackoverflow.com/q/53145755"", ""53145755"")",0.2571428571428572
"=HYPERLINK(""https://stackoverflow.com/q/53197487"", ""53197487"")",0.5826771653543308
"=HYPERLINK(""https://stackoverflow.com/q/53213360"", ""53213360"")",0.37158469945355194
"=HYPERLINK(""https://stackoverflow.com/q/53265386"", ""53265386"")",0.7529411764705883
"=HYPERLINK(""https://stackoverflow.com/q/53275612"", ""53275612"")",0.4794520547945206
"=HYPERLINK(""https://stackoverflow.com/q/53409038"", ""53409038"")",0.3137254901960785
"=HYPERLINK(""https://stackoverflow.com/q/53594136"", ""53594136"")",0.40076335877862596
"=HYPERLINK(""https://stackoverflow.com/q/53797757"", ""53797757"")",0.34507042253521136
"=HYPERLINK(""https://stackoverflow.com/q/53863717"", ""53863717"")",0.6104417670682731
"=HYPERLINK(""https://stackoverflow.com/q/53883749"", ""53883749"")",0.5106382978723405
"=HYPERLINK(""https://stackoverflow.com/q/53904723"", ""53904723"")",0.5238095238095238
"=HYPERLINK(""https://stackoverflow.com/q/53975489"", ""53975489"")",0.2966360856269113
"=HYPERLINK(""https://stackoverflow.com/q/54039594"", ""54039594"")",0.3961038961038961
"=HYPERLINK(""https://stackoverflow.com/q/54090209"", ""54090209"")",0.2536231884057971
"=HYPERLINK(""https://stackoverflow.com/q/54102766"", ""54102766"")",0.3878787878787878
"=HYPERLINK(""https://stackoverflow.com/q/54299526"", ""54299526"")",0.3865546218487395
"=HYPERLINK(""https://stackoverflow.com/q/54308034"", ""54308034"")",0.4965517241379311
"=HYPERLINK(""https://stackoverflow.com/q/54333537"", ""54333537"")",0.2647058823529412
"=HYPERLINK(""https://stackoverflow.com/q/54417507"", ""54417507"")",0.43750000000000017
"=HYPERLINK(""https://stackoverflow.com/q/54511042"", ""54511042"")",0.5657894736842105
"=HYPERLINK(""https://stackoverflow.com/q/54541358"", ""54541358"")",0.6666666666666666
"=HYPERLINK(""https://stackoverflow.com/q/54565821"", ""54565821"")",0.2976190476190476
"=HYPERLINK(""https://stackoverflow.com/q/54629890"", ""54629890"")",0.40147329650092084
"=HYPERLINK(""https://stackoverflow.com/q/54664433"", ""54664433"")",0.5033333333333334
"=HYPERLINK(""https://stackoverflow.com/q/54731322"", ""54731322"")",0.2876712328767123
"=HYPERLINK(""https://stackoverflow.com/q/55028999"", ""55028999"")",0.49000000000000005
"=HYPERLINK(""https://stackoverflow.com/q/55119383"", ""55119383"")",0.38288288288288297
"=HYPERLINK(""https://stackoverflow.com/q/55147861"", ""55147861"")",0.3979166666666667
"=HYPERLINK(""https://stackoverflow.com/q/55158307"", ""55158307"")",0.2558425584255843
"=HYPERLINK(""https://stackoverflow.com/q/55160293"", ""55160293"")",0.6474358974358975
"=HYPERLINK(""https://stackoverflow.com/q/55177163"", ""55177163"")",0.3770114942528736
"=HYPERLINK(""https://stackoverflow.com/q/55306686"", ""55306686"")",0.30075187969924816
"=HYPERLINK(""https://stackoverflow.com/q/55310289"", ""55310289"")",0.6517857142857144
"=HYPERLINK(""https://stackoverflow.com/q/55443270"", ""55443270"")",0.4029850746268657
"=HYPERLINK(""https://stackoverflow.com/q/55465319"", ""55465319"")",0.8344827586206898
"=HYPERLINK(""https://stackoverflow.com/q/55473526"", ""55473526"")",0.5774647887323944
"=HYPERLINK(""https://stackoverflow.com/q/55484531"", ""55484531"")",0.6543859649122806
"=HYPERLINK(""https://stackoverflow.com/q/55503702"", ""55503702"")",0.8464730290456431
"=HYPERLINK(""https://stackoverflow.com/q/55504026"", ""55504026"")",0.6869918699186993
"=HYPERLINK(""https://stackoverflow.com/q/55551617"", ""55551617"")",0.27891156462585037
"=HYPERLINK(""https://stackoverflow.com/q/55559437"", ""55559437"")",0.22974358974358972
"=HYPERLINK(""https://stackoverflow.com/q/55597912"", ""55597912"")",0.29647435897435903
"=HYPERLINK(""https://stackoverflow.com/q/55620829"", ""55620829"")",0.5202492211838007
"=HYPERLINK(""https://stackoverflow.com/q/55621457"", ""55621457"")",0.3719185423365488
"=HYPERLINK(""https://stackoverflow.com/q/55672999"", ""55672999"")",0.7052631578947368
"=HYPERLINK(""https://stackoverflow.com/q/55748044"", ""55748044"")",0.3979166666666667
"=HYPERLINK(""https://stackoverflow.com/q/55907201"", ""55907201"")",0.5400843881856541
"=HYPERLINK(""https://stackoverflow.com/q/55949625"", ""55949625"")",0.39772727272727276
"=HYPERLINK(""https://stackoverflow.com/q/55997092"", ""55997092"")",0.5395683453237411
"=HYPERLINK(""https://stackoverflow.com/q/56021977"", ""56021977"")",0.40176600441501115
"=HYPERLINK(""https://stackoverflow.com/q/56064670"", ""56064670"")",0.6493506493506492
"=HYPERLINK(""https://stackoverflow.com/q/56076313"", ""56076313"")",0.40769230769230774
"=HYPERLINK(""https://stackoverflow.com/q/56134165"", ""56134165"")",0.23768115942028983
"=HYPERLINK(""https://stackoverflow.com/q/56135478"", ""56135478"")",0.48220064724919104
"=HYPERLINK(""https://stackoverflow.com/q/56140284"", ""56140284"")",0.5937499999999999
"=HYPERLINK(""https://stackoverflow.com/q/56158048"", ""56158048"")",0.28629856850715746
"=HYPERLINK(""https://stackoverflow.com/q/56189349"", ""56189349"")",0.48461538461538467
"=HYPERLINK(""https://stackoverflow.com/q/56198009"", ""56198009"")",0.4798154555940023
"=HYPERLINK(""https://stackoverflow.com/q/56246048"", ""56246048"")",0.39147286821705424
"=HYPERLINK(""https://stackoverflow.com/q/56366384"", ""56366384"")",0.5714285714285715
"=HYPERLINK(""https://stackoverflow.com/q/56535161"", ""56535161"")",0.6544715447154472
"=HYPERLINK(""https://stackoverflow.com/q/56551679"", ""56551679"")",0.795644891122278
"=HYPERLINK(""https://stackoverflow.com/q/56584254"", ""56584254"")",0.4954337899543379
"=HYPERLINK(""https://stackoverflow.com/q/56689023"", ""56689023"")",0.6541666666666668
"=HYPERLINK(""https://stackoverflow.com/q/56764049"", ""56764049"")",0.49019607843137275
"=HYPERLINK(""https://stackoverflow.com/q/56847158"", ""56847158"")",0.4307359307359308
"=HYPERLINK(""https://stackoverflow.com/q/56855439"", ""56855439"")",0.35820895522388063
"=HYPERLINK(""https://stackoverflow.com/q/56907349"", ""56907349"")",0.45517241379310347
"=HYPERLINK(""https://stackoverflow.com/q/56928872"", ""56928872"")",0.5635491606714629
"=HYPERLINK(""https://stackoverflow.com/q/56937847"", ""56937847"")",0.6693548387096774
"=HYPERLINK(""https://stackoverflow.com/q/56942046"", ""56942046"")",0.35227272727272724
"=HYPERLINK(""https://stackoverflow.com/q/56957206"", ""56957206"")",0.6091127098321343
"=HYPERLINK(""https://stackoverflow.com/q/56957790"", ""56957790"")",0.49235474006116214
"=HYPERLINK(""https://stackoverflow.com/q/57032981"", ""57032981"")",0.4311926605504588
"=HYPERLINK(""https://stackoverflow.com/q/57068435"", ""57068435"")",0.6463768115942029
"=HYPERLINK(""https://stackoverflow.com/q/57096415"", ""57096415"")",0.2792792792792793
"=HYPERLINK(""https://stackoverflow.com/q/57309381"", ""57309381"")",0.32515337423312884
"=HYPERLINK(""https://stackoverflow.com/q/57371062"", ""57371062"")",0.31535269709543573
"=HYPERLINK(""https://stackoverflow.com/q/57405141"", ""57405141"")",0.2885906040268456
"=HYPERLINK(""https://stackoverflow.com/q/57471007"", ""57471007"")",0.3427672955974842
"=HYPERLINK(""https://stackoverflow.com/q/57524459"", ""57524459"")",0.271505376344086
"=HYPERLINK(""https://stackoverflow.com/q/57576662"", ""57576662"")",0.3456032719836401
"=HYPERLINK(""https://stackoverflow.com/q/57585109"", ""57585109"")",0.45864661654135336
"=HYPERLINK(""https://stackoverflow.com/q/57692681"", ""57692681"")",0.48405797101449277
"=HYPERLINK(""https://stackoverflow.com/q/57713515"", ""57713515"")",0.3686131386861314
"=HYPERLINK(""https://stackoverflow.com/q/57757733"", ""57757733"")",0.4392935982339956
"=HYPERLINK(""https://stackoverflow.com/q/57813153"", ""57813153"")",0.4818049490538573
"=HYPERLINK(""https://stackoverflow.com/q/57820153"", ""57820153"")",0.37984496124031014
"=HYPERLINK(""https://stackoverflow.com/q/57828268"", ""57828268"")",0.5714285714285715
"=HYPERLINK(""https://stackoverflow.com/q/57859376"", ""57859376"")",0.6118721461187214
"=HYPERLINK(""https://stackoverflow.com/q/57877561"", ""57877561"")",0.3303571428571429
"=HYPERLINK(""https://stackoverflow.com/q/57885860"", ""57885860"")",0.6284501061571125
"=HYPERLINK(""https://stackoverflow.com/q/57896105"", ""57896105"")",0.41864139020537133
"=HYPERLINK(""https://stackoverflow.com/q/57974539"", ""57974539"")",0.3473762010347376
"=HYPERLINK(""https://stackoverflow.com/q/57978333"", ""57978333"")",0.3658536585365854
"=HYPERLINK(""https://stackoverflow.com/q/57983465"", ""57983465"")",0.3245614035087719
"=HYPERLINK(""https://stackoverflow.com/q/58015854"", ""58015854"")",0.5408388520971302
"=HYPERLINK(""https://stackoverflow.com/q/58035482"", ""58035482"")",0.32484076433121023
"=HYPERLINK(""https://stackoverflow.com/q/58099388"", ""58099388"")",0.4884488448844885
"=HYPERLINK(""https://stackoverflow.com/q/58187416"", ""58187416"")",0.3197278911564625
"=HYPERLINK(""https://stackoverflow.com/q/58197888"", ""58197888"")",0.3873873873873875
"=HYPERLINK(""https://stackoverflow.com/q/58326351"", ""58326351"")",0.4461152882205514
"=HYPERLINK(""https://stackoverflow.com/q/58410583"", ""58410583"")",0.3724007561436673
"=HYPERLINK(""https://stackoverflow.com/q/58469273"", ""58469273"")",0.41877637130801687
"=HYPERLINK(""https://stackoverflow.com/q/58482743"", ""58482743"")",0.627172195892575
"=HYPERLINK(""https://stackoverflow.com/q/58615510"", ""58615510"")",0.38020833333333326
"=HYPERLINK(""https://stackoverflow.com/q/58618987"", ""58618987"")",0.3939393939393939
"=HYPERLINK(""https://stackoverflow.com/q/58691256"", ""58691256"")",0.6051779935275081
"=HYPERLINK(""https://stackoverflow.com/q/58916070"", ""58916070"")",0.7193877551020409
"=HYPERLINK(""https://stackoverflow.com/q/58927106"", ""58927106"")",0.4171779141104294
"=HYPERLINK(""https://stackoverflow.com/q/59007011"", ""59007011"")",0.36769759450171813
"=HYPERLINK(""https://stackoverflow.com/q/59138734"", ""59138734"")",0.6900000000000001
"=HYPERLINK(""https://stackoverflow.com/q/59143338"", ""59143338"")",0.4622641509433963
"=HYPERLINK(""https://stackoverflow.com/q/59144503"", ""59144503"")",0.32721712538226294
"=HYPERLINK(""https://stackoverflow.com/q/59186548"", ""59186548"")",0.2954186413902054
"=HYPERLINK(""https://stackoverflow.com/q/59255457"", ""59255457"")",0.41666666666666663
"=HYPERLINK(""https://stackoverflow.com/q/59360013"", ""59360013"")",0.26877470355731226
"=HYPERLINK(""https://stackoverflow.com/q/59366199"", ""59366199"")",0.7212121212121212
"=HYPERLINK(""https://stackoverflow.com/q/59392060"", ""59392060"")",0.4478527607361964
"=HYPERLINK(""https://stackoverflow.com/q/59397951"", ""59397951"")",0.6080586080586081
"=HYPERLINK(""https://stackoverflow.com/q/59412002"", ""59412002"")",0.3443223443223443
"=HYPERLINK(""https://stackoverflow.com/q/59458400"", ""59458400"")",0.3203463203463204
"=HYPERLINK(""https://stackoverflow.com/q/59495896"", ""59495896"")",0.6150234741784039
"=HYPERLINK(""https://stackoverflow.com/q/59901155"", ""59901155"")",0.4894736842105264
"=HYPERLINK(""https://stackoverflow.com/q/59932084"", ""59932084"")",0.34397163120567376
"=HYPERLINK(""https://stackoverflow.com/q/59983062"", ""59983062"")",0.5074626865671642
"=HYPERLINK(""https://stackoverflow.com/q/60006106"", ""60006106"")",0.38970588235294124
"=HYPERLINK(""https://stackoverflow.com/q/60116684"", ""60116684"")",0.49723756906077354
"=HYPERLINK(""https://stackoverflow.com/q/60140842"", ""60140842"")",0.2738095238095238
"=HYPERLINK(""https://stackoverflow.com/q/60241983"", ""60241983"")",0.39215686274509803
"=HYPERLINK(""https://stackoverflow.com/q/60248668"", ""60248668"")",0.24615384615384617
"=HYPERLINK(""https://stackoverflow.com/q/60310899"", ""60310899"")",0.20122887864823352
"=HYPERLINK(""https://stackoverflow.com/q/60391514"", ""60391514"")",0.3369565217391305
"=HYPERLINK(""https://stackoverflow.com/q/60434735"", ""60434735"")",0.3149425287356323
"=HYPERLINK(""https://stackoverflow.com/q/60509766"", ""60509766"")",0.4776632302405499
"=HYPERLINK(""https://stackoverflow.com/q/60542787"", ""60542787"")",0.28717948717948727
"=HYPERLINK(""https://stackoverflow.com/q/60617031"", ""60617031"")",0.2599067599067598
"=HYPERLINK(""https://stackoverflow.com/q/60696897"", ""60696897"")",0.35937500000000006
"=HYPERLINK(""https://stackoverflow.com/q/60716005"", ""60716005"")",0.5919938414164742
"=HYPERLINK(""https://stackoverflow.com/q/61238217"", ""61238217"")",0.44071588366890374
"=HYPERLINK(""https://stackoverflow.com/q/61240809"", ""61240809"")",0.2389937106918239
"=HYPERLINK(""https://stackoverflow.com/q/61435532"", ""61435532"")",0.3297101449275363
"=HYPERLINK(""https://stackoverflow.com/q/61460911"", ""61460911"")",0.5598526703499079
"=HYPERLINK(""https://stackoverflow.com/q/61480421"", ""61480421"")",0.4704761904761905
"=HYPERLINK(""https://stackoverflow.com/q/61536248"", ""61536248"")",0.4113207547169811
"=HYPERLINK(""https://stackoverflow.com/q/61710469"", ""61710469"")",0.27470686767169183
"=HYPERLINK(""https://stackoverflow.com/q/61791589"", ""61791589"")",0.1981132075471698
"=HYPERLINK(""https://stackoverflow.com/q/61853348"", ""61853348"")",0.6714628297362111
"=HYPERLINK(""https://stackoverflow.com/q/61937349"", ""61937349"")",0.3615819209039549
"=HYPERLINK(""https://stackoverflow.com/q/61945874"", ""61945874"")",0.4726368159203981
"=HYPERLINK(""https://stackoverflow.com/q/62012264"", ""62012264"")",0.5800865800865801
"=HYPERLINK(""https://stackoverflow.com/q/62039364"", ""62039364"")",0.4507042253521127
"=HYPERLINK(""https://stackoverflow.com/q/62187748"", ""62187748"")",0.41666666666666663
"=HYPERLINK(""https://stackoverflow.com/q/62188478"", ""62188478"")",0.48000000000000004
"=HYPERLINK(""https://stackoverflow.com/q/62259924"", ""62259924"")",0.3974358974358974
"=HYPERLINK(""https://stackoverflow.com/q/62301876"", ""62301876"")",0.4641744548286604
"=HYPERLINK(""https://stackoverflow.com/q/62312428"", ""62312428"")",0.3514851485148515
"=HYPERLINK(""https://stackoverflow.com/q/62330719"", ""62330719"")",0.32851637764932556
"=HYPERLINK(""https://stackoverflow.com/q/62438506"", ""62438506"")",0.3284313725490197
"=HYPERLINK(""https://stackoverflow.com/q/62514896"", ""62514896"")",0.3790322580645162
"=HYPERLINK(""https://stackoverflow.com/q/62644117"", ""62644117"")",0.4177215189873418
"=HYPERLINK(""https://stackoverflow.com/q/62670458"", ""62670458"")",0.5790960451977402
"=HYPERLINK(""https://stackoverflow.com/q/62684389"", ""62684389"")",0.4923547400611621
"=HYPERLINK(""https://stackoverflow.com/q/62887695"", ""62887695"")",0.4808743169398907
"=HYPERLINK(""https://stackoverflow.com/q/62903835"", ""62903835"")",0.37878787878787873
"=HYPERLINK(""https://stackoverflow.com/q/62924057"", ""62924057"")",0.527363184079602
"=HYPERLINK(""https://stackoverflow.com/q/62931618"", ""62931618"")",0.39732569245463234
"=HYPERLINK(""https://stackoverflow.com/q/62960436"", ""62960436"")",0.4084699453551912
"=HYPERLINK(""https://stackoverflow.com/q/62968836"", ""62968836"")",0.30568356374808
"=HYPERLINK(""https://stackoverflow.com/q/62987761"", ""62987761"")",0.6220238095238095
"=HYPERLINK(""https://stackoverflow.com/q/63103500"", ""63103500"")",0.46333333333333343
"=HYPERLINK(""https://stackoverflow.com/q/63114129"", ""63114129"")",0.4189189189189189
"=HYPERLINK(""https://stackoverflow.com/q/63187116"", ""63187116"")",0.3592896174863389
"=HYPERLINK(""https://stackoverflow.com/q/63430711"", ""63430711"")",0.4700000000000001
"=HYPERLINK(""https://stackoverflow.com/q/63456521"", ""63456521"")",0.44278606965174133
"=HYPERLINK(""https://stackoverflow.com/q/63500377"", ""63500377"")",0.5274725274725276
"=HYPERLINK(""https://stackoverflow.com/q/63561627"", ""63561627"")",0.4018264840182649
"=HYPERLINK(""https://stackoverflow.com/q/63588251"", ""63588251"")",0.4519015659955257
"=HYPERLINK(""https://stackoverflow.com/q/63615228"", ""63615228"")",0.35220125786163525
"=HYPERLINK(""https://stackoverflow.com/q/63643144"", ""63643144"")",0.48924731182795705
"=HYPERLINK(""https://stackoverflow.com/q/63671333"", ""63671333"")",0.455072463768116
"=HYPERLINK(""https://stackoverflow.com/q/63679256"", ""63679256"")",0.4196428571428572
"=HYPERLINK(""https://stackoverflow.com/q/63693351"", ""63693351"")",0.6116504854368932
"=HYPERLINK(""https://stackoverflow.com/q/63718508"", ""63718508"")",0.6708860759493671
"=HYPERLINK(""https://stackoverflow.com/q/63850930"", ""63850930"")",0.427800269905533
"=HYPERLINK(""https://stackoverflow.com/q/64004836"", ""64004836"")",0.7028985507246376
"=HYPERLINK(""https://stackoverflow.com/q/64036167"", ""64036167"")",0.33974358974358976
"=HYPERLINK(""https://stackoverflow.com/q/64047807"", ""64047807"")",0.48401826484018257
"=HYPERLINK(""https://stackoverflow.com/q/64139290"", ""64139290"")",0.480225988700565
"=HYPERLINK(""https://stackoverflow.com/q/64165952"", ""64165952"")",0.569182389937107
"=HYPERLINK(""https://stackoverflow.com/q/64286080"", ""64286080"")",0.2931034482758621
"=HYPERLINK(""https://stackoverflow.com/q/64394661"", ""64394661"")",0.2873563218390805
"=HYPERLINK(""https://stackoverflow.com/q/64475828"", ""64475828"")",0.44194756554307113
"=HYPERLINK(""https://stackoverflow.com/q/64633552"", ""64633552"")",0.5274725274725275
"=HYPERLINK(""https://stackoverflow.com/q/64653397"", ""64653397"")",0.2793427230046948
"=HYPERLINK(""https://stackoverflow.com/q/64857221"", ""64857221"")",0.605191256830601
"=HYPERLINK(""https://stackoverflow.com/q/64869692"", ""64869692"")",0.6962025316455697
"=HYPERLINK(""https://stackoverflow.com/q/64907452"", ""64907452"")",0.5082872928176796
"=HYPERLINK(""https://stackoverflow.com/q/65012601"", ""65012601"")",0.2727272727272727
"=HYPERLINK(""https://stackoverflow.com/q/65017372"", ""65017372"")",0.34159779614325075
"=HYPERLINK(""https://stackoverflow.com/q/65127778"", ""65127778"")",0.38160919540229893
"=HYPERLINK(""https://stackoverflow.com/q/65145485"", ""65145485"")",0.5256410256410257
"=HYPERLINK(""https://stackoverflow.com/q/65255781"", ""65255781"")",0.28083989501312334
"=HYPERLINK(""https://stackoverflow.com/q/65517560"", ""65517560"")",0.5000000000000001
"=HYPERLINK(""https://stackoverflow.com/q/65550808"", ""65550808"")",0.39310344827586213
"=HYPERLINK(""https://stackoverflow.com/q/65597337"", ""65597337"")",0.5833333333333335
"=HYPERLINK(""https://stackoverflow.com/q/65705305"", ""65705305"")",0.5887372013651876
"=HYPERLINK(""https://stackoverflow.com/q/65804163"", ""65804163"")",0.5454545454545455
"=HYPERLINK(""https://stackoverflow.com/q/65964239"", ""65964239"")",0.4350877192982456
"=HYPERLINK(""https://stackoverflow.com/q/66122532"", ""66122532"")",0.3248945147679326
"=HYPERLINK(""https://stackoverflow.com/q/66130711"", ""66130711"")",0.30769230769230776
"=HYPERLINK(""https://stackoverflow.com/q/66163813"", ""66163813"")",0.31439393939393945
"=HYPERLINK(""https://stackoverflow.com/q/66188791"", ""66188791"")",0.5625
"=HYPERLINK(""https://stackoverflow.com/q/66277250"", ""66277250"")",0.44342507645259943
"=HYPERLINK(""https://stackoverflow.com/q/66348756"", ""66348756"")",0.3523809523809524
"=HYPERLINK(""https://stackoverflow.com/q/66357512"", ""66357512"")",0.6601941747572816
"=HYPERLINK(""https://stackoverflow.com/q/66390251"", ""66390251"")",0.3061032863849764
"=HYPERLINK(""https://stackoverflow.com/q/66408031"", ""66408031"")",0.6398104265402843
"=HYPERLINK(""https://stackoverflow.com/q/66474552"", ""66474552"")",0.3971014492753623
"=HYPERLINK(""https://stackoverflow.com/q/66497968"", ""66497968"")",0.4619422572178479
"=HYPERLINK(""https://stackoverflow.com/q/66507272"", ""66507272"")",0.33523809523809533
"=HYPERLINK(""https://stackoverflow.com/q/66545823"", ""66545823"")",0.546875
"=HYPERLINK(""https://stackoverflow.com/q/66552460"", ""66552460"")",0.4540229885057471
"=HYPERLINK(""https://stackoverflow.com/q/66557604"", ""66557604"")",0.30797101449275366
"=HYPERLINK(""https://stackoverflow.com/q/66628981"", ""66628981"")",0.4066666666666668
"=HYPERLINK(""https://stackoverflow.com/q/66667733"", ""66667733"")",0.48437499999999994
"=HYPERLINK(""https://stackoverflow.com/q/67000247"", ""67000247"")",0.49435028248587576
"=HYPERLINK(""https://stackoverflow.com/q/67079372"", ""67079372"")",0.284789644012945
"=HYPERLINK(""https://stackoverflow.com/q/67118613"", ""67118613"")",0.5333333333333334
"=HYPERLINK(""https://stackoverflow.com/q/67336908"", ""67336908"")",0.19420289855072465
"=HYPERLINK(""https://stackoverflow.com/q/67429058"", ""67429058"")",0.46428571428571436
"=HYPERLINK(""https://stackoverflow.com/q/67452392"", ""67452392"")",0.7916666666666666
"=HYPERLINK(""https://stackoverflow.com/q/67461683"", ""67461683"")",0.28688524590163933
"=HYPERLINK(""https://stackoverflow.com/q/67584018"", ""67584018"")",0.29964539007092195
"=HYPERLINK(""https://stackoverflow.com/q/67599467"", ""67599467"")",0.2835820895522389
"=HYPERLINK(""https://stackoverflow.com/q/67689868"", ""67689868"")",0.40449438202247184
"=HYPERLINK(""https://stackoverflow.com/q/67699023"", ""67699023"")",0.3425076452599389
"=HYPERLINK(""https://stackoverflow.com/q/67797602"", ""67797602"")",0.24472573839662448
"=HYPERLINK(""https://stackoverflow.com/q/67880863"", ""67880863"")",0.37571312143439284
"=HYPERLINK(""https://stackoverflow.com/q/67997821"", ""67997821"")",0.3233830845771145
"=HYPERLINK(""https://stackoverflow.com/q/68004455"", ""68004455"")",0.409090909090909
"=HYPERLINK(""https://stackoverflow.com/q/68131742"", ""68131742"")",0.34269662921348315
"=HYPERLINK(""https://stackoverflow.com/q/68156788"", ""68156788"")",0.4393939393939394
"=HYPERLINK(""https://stackoverflow.com/q/68349639"", ""68349639"")",0.543026706231454
"=HYPERLINK(""https://stackoverflow.com/q/68404982"", ""68404982"")",0.35534591194968557
"=HYPERLINK(""https://stackoverflow.com/q/68487666"", ""68487666"")",0.28608923884514437
"=HYPERLINK(""https://stackoverflow.com/q/68548326"", ""68548326"")",0.3682795698924731
"=HYPERLINK(""https://stackoverflow.com/q/68577442"", ""68577442"")",0.4660194174757281
"=HYPERLINK(""https://stackoverflow.com/q/68602718"", ""68602718"")",0.30392156862745107
"=HYPERLINK(""https://stackoverflow.com/q/68628087"", ""68628087"")",0.2767857142857143
"=HYPERLINK(""https://stackoverflow.com/q/68653927"", ""68653927"")",0.31539611360239167
"=HYPERLINK(""https://stackoverflow.com/q/68746040"", ""68746040"")",0.5520833333333335
"=HYPERLINK(""https://stackoverflow.com/q/68762555"", ""68762555"")",0.3073170731707317
"=HYPERLINK(""https://stackoverflow.com/q/68878154"", ""68878154"")",0.4734848484848485
"=HYPERLINK(""https://stackoverflow.com/q/69113860"", ""69113860"")",0.47826086956521746
"=HYPERLINK(""https://stackoverflow.com/q/69124828"", ""69124828"")",0.3076923076923077
"=HYPERLINK(""https://stackoverflow.com/q/69149014"", ""69149014"")",0.3368794326241135
"=HYPERLINK(""https://stackoverflow.com/q/69204045"", ""69204045"")",0.46264367816091956
"=HYPERLINK(""https://stackoverflow.com/q/69245175"", ""69245175"")",0.38778877887788776
"=HYPERLINK(""https://stackoverflow.com/q/69267589"", ""69267589"")",0.49705014749262544
"=HYPERLINK(""https://stackoverflow.com/q/69343493"", ""69343493"")",0.4188948306595365
"=HYPERLINK(""https://stackoverflow.com/q/69345368"", ""69345368"")",0.375
"=HYPERLINK(""https://stackoverflow.com/q/69366490"", ""69366490"")",0.5269607843137255
"=HYPERLINK(""https://stackoverflow.com/q/69431524"", ""69431524"")",0.4110032362459548
"=HYPERLINK(""https://stackoverflow.com/q/69444523"", ""69444523"")",0.2849462365591398
"=HYPERLINK(""https://stackoverflow.com/q/69496937"", ""69496937"")",0.6871165644171779
"=HYPERLINK(""https://stackoverflow.com/q/69540618"", ""69540618"")",0.32954545454545453
"=HYPERLINK(""https://stackoverflow.com/q/69559085"", ""69559085"")",0.2209302325581395
"=HYPERLINK(""https://stackoverflow.com/q/69584991"", ""69584991"")",0.3577586206896552
"=HYPERLINK(""https://stackoverflow.com/q/69721067"", ""69721067"")",0.30270906949352183
"=HYPERLINK(""https://stackoverflow.com/q/69726148"", ""69726148"")",0.30528052805280526
"=HYPERLINK(""https://stackoverflow.com/q/69768602"", ""69768602"")",0.470404984423676
"=HYPERLINK(""https://stackoverflow.com/q/69782294"", ""69782294"")",0.596774193548387
"=HYPERLINK(""https://stackoverflow.com/q/69891897"", ""69891897"")",0.3836477987421384
"=HYPERLINK(""https://stackoverflow.com/q/69939756"", ""69939756"")",0.5201465201465203
"=HYPERLINK(""https://stackoverflow.com/q/69997652"", ""69997652"")",0.3019607843137255
"=HYPERLINK(""https://stackoverflow.com/q/70085981"", ""70085981"")",0.5180467091295117
"=HYPERLINK(""https://stackoverflow.com/q/70241895"", ""70241895"")",0.2968036529680365
"=HYPERLINK(""https://stackoverflow.com/q/70365712"", ""70365712"")",0.345565749235474
"=HYPERLINK(""https://stackoverflow.com/q/70397066"", ""70397066"")",0.32173913043478264
"=HYPERLINK(""https://stackoverflow.com/q/70449677"", ""70449677"")",0.5420289855072463
"=HYPERLINK(""https://stackoverflow.com/q/70471661"", ""70471661"")",0.4986876640419948
"=HYPERLINK(""https://stackoverflow.com/q/70514779"", ""70514779"")",0.5889967637540453
"=HYPERLINK(""https://stackoverflow.com/q/70586850"", ""70586850"")",0.6028645833333334
"=HYPERLINK(""https://stackoverflow.com/q/70639491"", ""70639491"")",0.4266666666666667
"=HYPERLINK(""https://stackoverflow.com/q/70775527"", ""70775527"")",0.2536231884057972
"=HYPERLINK(""https://stackoverflow.com/q/71033276"", ""71033276"")",0.4098639455782313
"=HYPERLINK(""https://stackoverflow.com/q/71063820"", ""71063820"")",0.45151515151515154
"=HYPERLINK(""https://stackoverflow.com/q/71075255"", ""71075255"")",0.5381679389312977
"=HYPERLINK(""https://stackoverflow.com/q/71122195"", ""71122195"")",0.37593984962406024
"=HYPERLINK(""https://stackoverflow.com/q/71241651"", ""71241651"")",0.680952380952381
"=HYPERLINK(""https://stackoverflow.com/q/71292240"", ""71292240"")",0.3856749311294766
"=HYPERLINK(""https://stackoverflow.com/q/71406240"", ""71406240"")",0.8629032258064516
"=HYPERLINK(""https://stackoverflow.com/q/71451935"", ""71451935"")",0.27246376811594203
"=HYPERLINK(""https://stackoverflow.com/q/71464053"", ""71464053"")",0.3200883002207506
"=HYPERLINK(""https://stackoverflow.com/q/71486286"", ""71486286"")",0.7735849056603773
"=HYPERLINK(""https://stackoverflow.com/q/71505415"", ""71505415"")",0.4248826291079813
"=HYPERLINK(""https://stackoverflow.com/q/71516323"", ""71516323"")",0.3068181818181818
"=HYPERLINK(""https://stackoverflow.com/q/71530663"", ""71530663"")",0.28603603603603606
"=HYPERLINK(""https://stackoverflow.com/q/71611671"", ""71611671"")",0.3296703296703297
"=HYPERLINK(""https://stackoverflow.com/q/71667173"", ""71667173"")",0.5835205992509362
"=HYPERLINK(""https://stackoverflow.com/q/71737972"", ""71737972"")",0.6887254901960785
"=HYPERLINK(""https://stackoverflow.com/q/71744105"", ""71744105"")",0.5737913486005088
"=HYPERLINK(""https://stackoverflow.com/q/71852278"", ""71852278"")",0.4047619047619048
"=HYPERLINK(""https://stackoverflow.com/q/71937697"", ""71937697"")",0.44615384615384607
"=HYPERLINK(""https://stackoverflow.com/q/71976552"", ""71976552"")",0.3642611683848798
"=HYPERLINK(""https://stackoverflow.com/q/72039896"", ""72039896"")",0.5190476190476191
"=HYPERLINK(""https://stackoverflow.com/q/72113348"", ""72113348"")",0.5126436781609195
"=HYPERLINK(""https://stackoverflow.com/q/72139029"", ""72139029"")",0.3701149425287357
"=HYPERLINK(""https://stackoverflow.com/q/72140192"", ""72140192"")",0.29296424452133796
"=HYPERLINK(""https://stackoverflow.com/q/72180997"", ""72180997"")",0.4024390243902439
"=HYPERLINK(""https://stackoverflow.com/q/72204962"", ""72204962"")",0.4921985815602836
"=HYPERLINK(""https://stackoverflow.com/q/72207374"", ""72207374"")",0.6000000000000002
"=HYPERLINK(""https://stackoverflow.com/q/72253927"", ""72253927"")",0.5859106529209622
"=HYPERLINK(""https://stackoverflow.com/q/72299087"", ""72299087"")",0.4910569105691056
"=HYPERLINK(""https://stackoverflow.com/q/72318139"", ""72318139"")",0.7766323024054983
"=HYPERLINK(""https://stackoverflow.com/q/72361768"", ""72361768"")",0.2827004219409283
"=HYPERLINK(""https://stackoverflow.com/q/72366531"", ""72366531"")",0.4965986394557823
"=HYPERLINK(""https://stackoverflow.com/q/72370390"", ""72370390"")",0.3215962441314554
"=HYPERLINK(""https://stackoverflow.com/q/72379755"", ""72379755"")",0.5021645021645021
"=HYPERLINK(""https://stackoverflow.com/q/72398521"", ""72398521"")",0.5203252032520326
"=HYPERLINK(""https://stackoverflow.com/q/72400864"", ""72400864"")",0.33835845896147404
"=HYPERLINK(""https://stackoverflow.com/q/72470034"", ""72470034"")",0.4791666666666667
"=HYPERLINK(""https://stackoverflow.com/q/72470368"", ""72470368"")",0.6239092495636998
"=HYPERLINK(""https://stackoverflow.com/q/72486879"", ""72486879"")",0.2599388379204893
"=HYPERLINK(""https://stackoverflow.com/q/72500034"", ""72500034"")",0.340952380952381
