link,Correlation
"=HYPERLINK(""https://stackoverflow.com/a/4462993"", ""4462993"")",0.505952380952381
"=HYPERLINK(""https://stackoverflow.com/a/5557511"", ""5557511"")",0.49253731343283585
"=HYPERLINK(""https://stackoverflow.com/a/9273562"", ""9273562"")",0.5315315315315315
"=HYPERLINK(""https://stackoverflow.com/a/10515993"", ""10515993"")",0.6634093376764387
"=HYPERLINK(""https://stackoverflow.com/a/11824586"", ""11824586"")",0.40476190476190477
"=HYPERLINK(""https://stackoverflow.com/a/13036020"", ""13036020"")",0.5822784810126583
"=HYPERLINK(""https://stackoverflow.com/a/13469203"", ""13469203"")",0.47047619047619055
"=HYPERLINK(""https://stackoverflow.com/a/13631782"", ""13631782"")",0.27217125382262997
"=HYPERLINK(""https://stackoverflow.com/a/14076328"", ""14076328"")",0.4333333333333334
"=HYPERLINK(""https://stackoverflow.com/a/14212948"", ""14212948"")",0.2424242424242424
"=HYPERLINK(""https://stackoverflow.com/a/14215575"", ""14215575"")",0.5921568627450982
"=HYPERLINK(""https://stackoverflow.com/a/14232808"", ""14232808"")",0.4611872146118722
"=HYPERLINK(""https://stackoverflow.com/a/14412655"", ""14412655"")",0.4833333333333334
"=HYPERLINK(""https://stackoverflow.com/a/14560577"", ""14560577"")",0.6291079812206573
"=HYPERLINK(""https://stackoverflow.com/a/15263383"", ""15263383"")",0.4304461942257218
"=HYPERLINK(""https://stackoverflow.com/a/15501331"", ""15501331"")",0.5714285714285715
"=HYPERLINK(""https://stackoverflow.com/a/15836989"", ""15836989"")",0.4848484848484848
"=HYPERLINK(""https://stackoverflow.com/a/15880114"", ""15880114"")",0.38700564971751417
"=HYPERLINK(""https://stackoverflow.com/a/15881345"", ""15881345"")",0.4298245614035088
"=HYPERLINK(""https://stackoverflow.com/a/16611522"", ""16611522"")",0.4948453608247424
"=HYPERLINK(""https://stackoverflow.com/a/16769491"", ""16769491"")",0.24479166666666669
"=HYPERLINK(""https://stackoverflow.com/a/16912094"", ""16912094"")",0.6255707762557078
"=HYPERLINK(""https://stackoverflow.com/a/16915696"", ""16915696"")",0.3192982456140351
"=HYPERLINK(""https://stackoverflow.com/a/17307359"", ""17307359"")",0.4133333333333334
"=HYPERLINK(""https://stackoverflow.com/a/18399104"", ""18399104"")",0.5646258503401361
"=HYPERLINK(""https://stackoverflow.com/a/18774675"", ""18774675"")",0.4784313725490197
"=HYPERLINK(""https://stackoverflow.com/a/19037574"", ""19037574"")",0.5934959349593496
"=HYPERLINK(""https://stackoverflow.com/a/19990064"", ""19990064"")",0.5246376811594203
"=HYPERLINK(""https://stackoverflow.com/a/20015195"", ""20015195"")",0.19298245614035084
"=HYPERLINK(""https://stackoverflow.com/a/20403878"", ""20403878"")",0.42682926829268286
"=HYPERLINK(""https://stackoverflow.com/a/21220474"", ""21220474"")",0.6987179487179488
"=HYPERLINK(""https://stackoverflow.com/a/21850170"", ""21850170"")",0.48000000000000004
"=HYPERLINK(""https://stackoverflow.com/a/21856269"", ""21856269"")",0.5579710144927537
"=HYPERLINK(""https://stackoverflow.com/a/21894868"", ""21894868"")",0.4275362318840579
"=HYPERLINK(""https://stackoverflow.com/a/22143347"", ""22143347"")",0.7456140350877194
"=HYPERLINK(""https://stackoverflow.com/a/22255483"", ""22255483"")",0.3830845771144279
"=HYPERLINK(""https://stackoverflow.com/a/22635357"", ""22635357"")",0.1969696969696969
"=HYPERLINK(""https://stackoverflow.com/a/22827684"", ""22827684"")",0.47560975609756106
"=HYPERLINK(""https://stackoverflow.com/a/23217910"", ""23217910"")",0.6041666666666667
"=HYPERLINK(""https://stackoverflow.com/a/24250613"", ""24250613"")",0.612994350282486
"=HYPERLINK(""https://stackoverflow.com/a/24585043"", ""24585043"")",0.49358974358974367
"=HYPERLINK(""https://stackoverflow.com/a/24692198"", ""24692198"")",0.6068965517241379
"=HYPERLINK(""https://stackoverflow.com/a/25147388"", ""25147388"")",0.5098039215686275
"=HYPERLINK(""https://stackoverflow.com/a/25471092"", ""25471092"")",0.37500000000000006
"=HYPERLINK(""https://stackoverflow.com/a/25832039"", ""25832039"")",0.5871212121212122
"=HYPERLINK(""https://stackoverflow.com/a/26128475"", ""26128475"")",0.38095238095238104
"=HYPERLINK(""https://stackoverflow.com/a/26200564"", ""26200564"")",0.7119741100323626
"=HYPERLINK(""https://stackoverflow.com/a/26236274"", ""26236274"")",0.4607843137254902
"=HYPERLINK(""https://stackoverflow.com/a/26701530"", ""26701530"")",0.3571428571428571
"=HYPERLINK(""https://stackoverflow.com/a/26722177"", ""26722177"")",0.65
"=HYPERLINK(""https://stackoverflow.com/a/27093592"", ""27093592"")",0.41379310344827586
"=HYPERLINK(""https://stackoverflow.com/a/27094210"", ""27094210"")",0.518987341772152
"=HYPERLINK(""https://stackoverflow.com/a/27474628"", ""27474628"")",0.6744186046511629
"=HYPERLINK(""https://stackoverflow.com/a/27605245"", ""27605245"")",0.4710743801652894
"=HYPERLINK(""https://stackoverflow.com/a/27927712"", ""27927712"")",0.32989690721649484
"=HYPERLINK(""https://stackoverflow.com/a/28225889"", ""28225889"")",0.4029304029304029
"=HYPERLINK(""https://stackoverflow.com/a/28464519"", ""28464519"")",0.7413793103448275
"=HYPERLINK(""https://stackoverflow.com/a/28644844"", ""28644844"")",0.3695652173913044
"=HYPERLINK(""https://stackoverflow.com/a/28786204"", ""28786204"")",0.2647058823529412
"=HYPERLINK(""https://stackoverflow.com/a/29219743"", ""29219743"")",0.6318407960199006
"=HYPERLINK(""https://stackoverflow.com/a/29219791"", ""29219791"")",0.5583333333333333
"=HYPERLINK(""https://stackoverflow.com/a/29443864"", ""29443864"")",0.2916666666666666
"=HYPERLINK(""https://stackoverflow.com/a/29595272"", ""29595272"")",0.6816479400749064
"=HYPERLINK(""https://stackoverflow.com/a/30070326"", ""30070326"")",0.17647058823529413
"=HYPERLINK(""https://stackoverflow.com/a/30220528"", ""30220528"")",0.39303482587064675
"=HYPERLINK(""https://stackoverflow.com/a/30224946"", ""30224946"")",0.40579710144927533
"=HYPERLINK(""https://stackoverflow.com/a/30457205"", ""30457205"")",0.7028985507246377
"=HYPERLINK(""https://stackoverflow.com/a/30535327"", ""30535327"")",0.34090909090909083
"=HYPERLINK(""https://stackoverflow.com/a/31079719"", ""31079719"")",0.4981684981684983
"=HYPERLINK(""https://stackoverflow.com/a/31413271"", ""31413271"")",0.6616915422885573
"=HYPERLINK(""https://stackoverflow.com/a/31840551"", ""31840551"")",0.3927813163481953
"=HYPERLINK(""https://stackoverflow.com/a/31963390"", ""31963390"")",0.34523809523809523
"=HYPERLINK(""https://stackoverflow.com/a/33573456"", ""33573456"")",0.46520146520146527
"=HYPERLINK(""https://stackoverflow.com/a/33744793"", ""33744793"")",0.6683673469387755
"=HYPERLINK(""https://stackoverflow.com/a/34134362"", ""34134362"")",0.7520325203252032
"=HYPERLINK(""https://stackoverflow.com/a/34152890"", ""34152890"")",0.47191011235955055
"=HYPERLINK(""https://stackoverflow.com/a/34545083"", ""34545083"")",0.19607843137254896
"=HYPERLINK(""https://stackoverflow.com/a/34545256"", ""34545256"")",0.6220238095238095
"=HYPERLINK(""https://stackoverflow.com/a/35571430"", ""35571430"")",0.5970149253731345
"=HYPERLINK(""https://stackoverflow.com/a/35976677"", ""35976677"")",0.44047619047619047
"=HYPERLINK(""https://stackoverflow.com/a/36427947"", ""36427947"")",0.2391304347826087
"=HYPERLINK(""https://stackoverflow.com/a/36430588"", ""36430588"")",0.44131455399061037
"=HYPERLINK(""https://stackoverflow.com/a/36697614"", ""36697614"")",0.41304347826086957
"=HYPERLINK(""https://stackoverflow.com/a/37049266"", ""37049266"")",0.3103448275862069
"=HYPERLINK(""https://stackoverflow.com/a/37134679"", ""37134679"")",0.43410852713178294
"=HYPERLINK(""https://stackoverflow.com/a/37263726"", ""37263726"")",0.38333333333333336
"=HYPERLINK(""https://stackoverflow.com/a/37270220"", ""37270220"")",0.38823529411764707
"=HYPERLINK(""https://stackoverflow.com/a/37361052"", ""37361052"")",0.3333333333333333
"=HYPERLINK(""https://stackoverflow.com/a/37586170"", ""37586170"")",0.49659863945578236
"=HYPERLINK(""https://stackoverflow.com/a/37591639"", ""37591639"")",0.45744680851063835
"=HYPERLINK(""https://stackoverflow.com/a/37774418"", ""37774418"")",0.3140495867768595
"=HYPERLINK(""https://stackoverflow.com/a/37870522"", ""37870522"")",0.4313725490196079
"=HYPERLINK(""https://stackoverflow.com/a/38385492"", ""38385492"")",0.375
"=HYPERLINK(""https://stackoverflow.com/a/39180488"", ""39180488"")",0.446969696969697
"=HYPERLINK(""https://stackoverflow.com/a/39265586"", ""39265586"")",0.5066666666666667
"=HYPERLINK(""https://stackoverflow.com/a/39378988"", ""39378988"")",0.5189003436426116
"=HYPERLINK(""https://stackoverflow.com/a/41097040"", ""41097040"")",0.4809523809523809
"=HYPERLINK(""https://stackoverflow.com/a/41270292"", ""41270292"")",0.32820512820512826
"=HYPERLINK(""https://stackoverflow.com/a/41686872"", ""41686872"")",0.3211382113821138
"=HYPERLINK(""https://stackoverflow.com/a/42762193"", ""42762193"")",0.5128205128205129
"=HYPERLINK(""https://stackoverflow.com/a/43206155"", ""43206155"")",0.38050314465408813
"=HYPERLINK(""https://stackoverflow.com/a/43213877"", ""43213877"")",0.24509803921568626
"=HYPERLINK(""https://stackoverflow.com/a/43219240"", ""43219240"")",0.4918032786885245
"=HYPERLINK(""https://stackoverflow.com/a/43987621"", ""43987621"")",0.39215686274509803
"=HYPERLINK(""https://stackoverflow.com/a/44541072"", ""44541072"")",0.572463768115942
"=HYPERLINK(""https://stackoverflow.com/a/45320185"", ""45320185"")",0.36363636363636354
"=HYPERLINK(""https://stackoverflow.com/a/47261012"", ""47261012"")",0.48867313915857613
"=HYPERLINK(""https://stackoverflow.com/a/47595274"", ""47595274"")",0.339080459770115
"=HYPERLINK(""https://stackoverflow.com/a/47820200"", ""47820200"")",0.39890710382513656
"=HYPERLINK(""https://stackoverflow.com/a/47984882"", ""47984882"")",0.5047619047619049
"=HYPERLINK(""https://stackoverflow.com/a/48261586"", ""48261586"")",0.677304964539007
"=HYPERLINK(""https://stackoverflow.com/a/48303307"", ""48303307"")",0.3566666666666667
"=HYPERLINK(""https://stackoverflow.com/a/48430048"", ""48430048"")",0.16279069767441862
"=HYPERLINK(""https://stackoverflow.com/a/48775784"", ""48775784"")",0.45098039215686275
"=HYPERLINK(""https://stackoverflow.com/a/48915353"", ""48915353"")",0.33830845771144274
"=HYPERLINK(""https://stackoverflow.com/a/50006839"", ""50006839"")",0.5193798449612402
"=HYPERLINK(""https://stackoverflow.com/a/50109294"", ""50109294"")",0.38405797101449285
"=HYPERLINK(""https://stackoverflow.com/a/50146389"", ""50146389"")",0.4430894308943089
"=HYPERLINK(""https://stackoverflow.com/a/50180143"", ""50180143"")",0.3797909407665505
"=HYPERLINK(""https://stackoverflow.com/a/50312335"", ""50312335"")",0.28961748633879786
"=HYPERLINK(""https://stackoverflow.com/a/50440865"", ""50440865"")",0.6052631578947368
"=HYPERLINK(""https://stackoverflow.com/a/50462949"", ""50462949"")",0.48130841121495327
"=HYPERLINK(""https://stackoverflow.com/a/50471170"", ""50471170"")",0.406060606060606
"=HYPERLINK(""https://stackoverflow.com/a/50620101"", ""50620101"")",0.4578754578754579
"=HYPERLINK(""https://stackoverflow.com/a/50684081"", ""50684081"")",0.4313725490196079
"=HYPERLINK(""https://stackoverflow.com/a/50792568"", ""50792568"")",0.5292096219931273
"=HYPERLINK(""https://stackoverflow.com/a/50894908"", ""50894908"")",0.4095238095238095
"=HYPERLINK(""https://stackoverflow.com/a/51233932"", ""51233932"")",0.6393442622950819
"=HYPERLINK(""https://stackoverflow.com/a/51277035"", ""51277035"")",0.24958123953098835
"=HYPERLINK(""https://stackoverflow.com/a/51493482"", ""51493482"")",0.5399061032863851
"=HYPERLINK(""https://stackoverflow.com/a/51666886"", ""51666886"")",0.27956989247311825
"=HYPERLINK(""https://stackoverflow.com/a/51678413"", ""51678413"")",0.2950819672131147
"=HYPERLINK(""https://stackoverflow.com/a/51742497"", ""51742497"")",0.6819571865443427
"=HYPERLINK(""https://stackoverflow.com/a/51847086"", ""51847086"")",0.296998420221169
"=HYPERLINK(""https://stackoverflow.com/a/51873578"", ""51873578"")",0.2835497835497836
"=HYPERLINK(""https://stackoverflow.com/a/52229325"", ""52229325"")",0.16666666666666669
"=HYPERLINK(""https://stackoverflow.com/a/52655371"", ""52655371"")",0.21014492753623187
"=HYPERLINK(""https://stackoverflow.com/a/52706432"", ""52706432"")",0.2795698924731182
"=HYPERLINK(""https://stackoverflow.com/a/53093510"", ""53093510"")",0.6666666666666666
"=HYPERLINK(""https://stackoverflow.com/a/53110402"", ""53110402"")",0.1282051282051282
"=HYPERLINK(""https://stackoverflow.com/a/53155937"", ""53155937"")",0.5960144927536231
"=HYPERLINK(""https://stackoverflow.com/a/54221824"", ""54221824"")",0.10256410256410257
"=HYPERLINK(""https://stackoverflow.com/a/54223416"", ""54223416"")",0.411764705882353
"=HYPERLINK(""https://stackoverflow.com/a/54223608"", ""54223608"")",0.10256410256410255
"=HYPERLINK(""https://stackoverflow.com/a/54227039"", ""54227039"")",0.20833333333333334
"=HYPERLINK(""https://stackoverflow.com/a/54249354"", ""54249354"")",0.27358490566037735
"=HYPERLINK(""https://stackoverflow.com/a/54415707"", ""54415707"")",0.5447619047619048
"=HYPERLINK(""https://stackoverflow.com/a/55190763"", ""55190763"")",0.2628205128205129
"=HYPERLINK(""https://stackoverflow.com/a/55630190"", ""55630190"")",0.3673469387755102
"=HYPERLINK(""https://stackoverflow.com/a/55840157"", ""55840157"")",0.7176079734219268
"=HYPERLINK(""https://stackoverflow.com/a/56035514"", ""56035514"")",0.42028985507246386
"=HYPERLINK(""https://stackoverflow.com/a/56055667"", ""56055667"")",0.27586206896551724
"=HYPERLINK(""https://stackoverflow.com/a/56341274"", ""56341274"")",0.417910447761194
"=HYPERLINK(""https://stackoverflow.com/a/57154789"", ""57154789"")",0.4385964912280701
"=HYPERLINK(""https://stackoverflow.com/a/57324649"", ""57324649"")",0.39655172413793094
"=HYPERLINK(""https://stackoverflow.com/a/57467480"", ""57467480"")",0.30459770114942525
"=HYPERLINK(""https://stackoverflow.com/a/57503831"", ""57503831"")",0.5562015503875968
"=HYPERLINK(""https://stackoverflow.com/a/57527234"", ""57527234"")",0.47500000000000003
"=HYPERLINK(""https://stackoverflow.com/a/57669362"", ""57669362"")",0.41666666666666674
"=HYPERLINK(""https://stackoverflow.com/a/58514860"", ""58514860"")",0.21311475409836067
"=HYPERLINK(""https://stackoverflow.com/a/58931077"", ""58931077"")",0.46332046332046345
"=HYPERLINK(""https://stackoverflow.com/a/59039202"", ""59039202"")",0.2753623188405797
"=HYPERLINK(""https://stackoverflow.com/a/59145584"", ""59145584"")",0.40650406504065045
"=HYPERLINK(""https://stackoverflow.com/a/59576120"", ""59576120"")",0.4098360655737705
"=HYPERLINK(""https://stackoverflow.com/a/59773189"", ""59773189"")",0.5730337078651685
"=HYPERLINK(""https://stackoverflow.com/a/60047166"", ""60047166"")",0.39655172413793105
"=HYPERLINK(""https://stackoverflow.com/a/60156371"", ""60156371"")",0.6418439716312055
"=HYPERLINK(""https://stackoverflow.com/a/60303889"", ""60303889"")",0.32575757575757575
"=HYPERLINK(""https://stackoverflow.com/a/60353322"", ""60353322"")",0.29761904761904756
"=HYPERLINK(""https://stackoverflow.com/a/60378633"", ""60378633"")",0.5472636815920399
"=HYPERLINK(""https://stackoverflow.com/a/60514989"", ""60514989"")",0.45662100456621
"=HYPERLINK(""https://stackoverflow.com/a/60660759"", ""60660759"")",0.39015151515151514
"=HYPERLINK(""https://stackoverflow.com/a/60749504"", ""60749504"")",0.29553264604810997
"=HYPERLINK(""https://stackoverflow.com/a/60976337"", ""60976337"")",0.5027322404371584
"=HYPERLINK(""https://stackoverflow.com/a/61081101"", ""61081101"")",0.3420289855072465
"=HYPERLINK(""https://stackoverflow.com/a/61376902"", ""61376902"")",0.4166666666666667
"=HYPERLINK(""https://stackoverflow.com/a/61403202"", ""61403202"")",0.23809523809523803
"=HYPERLINK(""https://stackoverflow.com/a/61513927"", ""61513927"")",0.4411764705882353
"=HYPERLINK(""https://stackoverflow.com/a/61540004"", ""61540004"")",0.41666666666666663
"=HYPERLINK(""https://stackoverflow.com/a/62096191"", ""62096191"")",0.33333333333333337
"=HYPERLINK(""https://stackoverflow.com/a/62310475"", ""62310475"")",0.25968992248062023
"=HYPERLINK(""https://stackoverflow.com/a/62330618"", ""62330618"")",0.4523809523809524
"=HYPERLINK(""https://stackoverflow.com/a/63347300"", ""63347300"")",0.5943060498220639
"=HYPERLINK(""https://stackoverflow.com/a/64004103"", ""64004103"")",0.5052083333333333
"=HYPERLINK(""https://stackoverflow.com/a/64411597"", ""64411597"")",0.32196969696969696
"=HYPERLINK(""https://stackoverflow.com/a/64481643"", ""64481643"")",0.34057971014492755
"=HYPERLINK(""https://stackoverflow.com/a/64546723"", ""64546723"")",0.5315315315315315
"=HYPERLINK(""https://stackoverflow.com/a/64580845"", ""64580845"")",0.4121212121212121
"=HYPERLINK(""https://stackoverflow.com/a/64809358"", ""64809358"")",0.3495145631067961
"=HYPERLINK(""https://stackoverflow.com/a/65099199"", ""65099199"")",0.391566265060241
"=HYPERLINK(""https://stackoverflow.com/a/65241252"", ""65241252"")",0.5714285714285715
"=HYPERLINK(""https://stackoverflow.com/a/65333121"", ""65333121"")",0.346938775510204
"=HYPERLINK(""https://stackoverflow.com/a/65572260"", ""65572260"")",0.46037296037296027
"=HYPERLINK(""https://stackoverflow.com/a/65611073"", ""65611073"")",0.22448979591836735
"=HYPERLINK(""https://stackoverflow.com/a/66205239"", ""66205239"")",0.2885375494071146
"=HYPERLINK(""https://stackoverflow.com/a/66432402"", ""66432402"")",0.21052631578947364
"=HYPERLINK(""https://stackoverflow.com/a/66683609"", ""66683609"")",0.34986225895316797
"=HYPERLINK(""https://stackoverflow.com/a/66694049"", ""66694049"")",0.6757990867579909
"=HYPERLINK(""https://stackoverflow.com/a/67220307"", ""67220307"")",0.3631578947368421
"=HYPERLINK(""https://stackoverflow.com/a/68058183"", ""68058183"")",0.3908045977011494
"=HYPERLINK(""https://stackoverflow.com/a/68248046"", ""68248046"")",0.39926739926739924
"=HYPERLINK(""https://stackoverflow.com/a/68414998"", ""68414998"")",0.48884089272858167
"=HYPERLINK(""https://stackoverflow.com/a/68738294"", ""68738294"")",0.5658914728682171
"=HYPERLINK(""https://stackoverflow.com/a/68804208"", ""68804208"")",0.44897959183673464
"=HYPERLINK(""https://stackoverflow.com/a/69442322"", ""69442322"")",0.5916666666666667
"=HYPERLINK(""https://stackoverflow.com/a/69498893"", ""69498893"")",0.29047619047619044
"=HYPERLINK(""https://stackoverflow.com/a/69615647"", ""69615647"")",0.22580645161290316
"=HYPERLINK(""https://stackoverflow.com/a/69738787"", ""69738787"")",0.35416666666666663
"=HYPERLINK(""https://stackoverflow.com/a/69767807"", ""69767807"")",0.3400191021967527
"=HYPERLINK(""https://stackoverflow.com/a/70011481"", ""70011481"")",0.34292565947242215
"=HYPERLINK(""https://stackoverflow.com/a/70542859"", ""70542859"")",0.3733333333333333
"=HYPERLINK(""https://stackoverflow.com/a/70843062"", ""70843062"")",0.5224719101123595
"=HYPERLINK(""https://stackoverflow.com/a/70878131"", ""70878131"")",0.3023255813953488
"=HYPERLINK(""https://stackoverflow.com/a/70964737"", ""70964737"")",0.20289855072463772
"=HYPERLINK(""https://stackoverflow.com/a/71169289"", ""71169289"")",0.5503875968992249
"=HYPERLINK(""https://stackoverflow.com/a/71181773"", ""71181773"")",0.37414965986394544
"=HYPERLINK(""https://stackoverflow.com/a/71266563"", ""71266563"")",0.3579109062980031
"=HYPERLINK(""https://stackoverflow.com/a/71829758"", ""71829758"")",0.4694736842105263
"=HYPERLINK(""https://stackoverflow.com/a/71906954"", ""71906954"")",0.40460526315789475
"=HYPERLINK(""https://stackoverflow.com/a/71982829"", ""71982829"")",0.5140350877192983
"=HYPERLINK(""https://stackoverflow.com/a/72068836"", ""72068836"")",0.5292096219931273
"=HYPERLINK(""https://stackoverflow.com/a/72138071"", ""72138071"")",0.421875
"=HYPERLINK(""https://stackoverflow.com/a/72203950"", ""72203950"")",0.509090909090909
"=HYPERLINK(""https://stackoverflow.com/a/72318042"", ""72318042"")",0.3749999999999999
"=HYPERLINK(""https://stackoverflow.com/a/72321948"", ""72321948"")",0.24705882352941178
