link,Correlation
"=HYPERLINK(""https://stackoverflow.com/q/4449924"", ""4449924"")",0.5118110236220472
"=HYPERLINK(""https://stackoverflow.com/q/5890940"", ""5890940"")",0.19931271477663232
"=HYPERLINK(""https://stackoverflow.com/q/6182472"", ""6182472"")",0.5654008438818565
"=HYPERLINK(""https://stackoverflow.com/q/8861258"", ""8861258"")",0.3977272727272726
"=HYPERLINK(""https://stackoverflow.com/q/9045024"", ""9045024"")",0.5348101265822784
"=HYPERLINK(""https://stackoverflow.com/q/9458101"", ""9458101"")",0.6041666666666667
"=HYPERLINK(""https://stackoverflow.com/q/9594503"", ""9594503"")",0.45517241379310347
"=HYPERLINK(""https://stackoverflow.com/q/11208843"", ""11208843"")",0.2912772585669782
"=HYPERLINK(""https://stackoverflow.com/q/11381491"", ""11381491"")",0.45698924731182805
"=HYPERLINK(""https://stackoverflow.com/q/11729779"", ""11729779"")",0.31526104417670686
"=HYPERLINK(""https://stackoverflow.com/q/12977883"", ""12977883"")",0.3639143730886851
"=HYPERLINK(""https://stackoverflow.com/q/13030177"", ""13030177"")",0.741025641025641
"=HYPERLINK(""https://stackoverflow.com/q/13046393"", ""13046393"")",0.5129032258064516
"=HYPERLINK(""https://stackoverflow.com/q/13327361"", ""13327361"")",0.5096899224806201
"=HYPERLINK(""https://stackoverflow.com/q/13330854"", ""13330854"")",0.3153153153153153
"=HYPERLINK(""https://stackoverflow.com/q/13464234"", ""13464234"")",0.379746835443038
"=HYPERLINK(""https://stackoverflow.com/q/13483256"", ""13483256"")",0.3865248226950355
"=HYPERLINK(""https://stackoverflow.com/q/13928769"", ""13928769"")",0.35864978902953587
"=HYPERLINK(""https://stackoverflow.com/q/14171055"", ""14171055"")",0.5677083333333333
"=HYPERLINK(""https://stackoverflow.com/q/14199980"", ""14199980"")",0.5833333333333334
"=HYPERLINK(""https://stackoverflow.com/q/14206905"", ""14206905"")",0.4358974358974359
"=HYPERLINK(""https://stackoverflow.com/q/14337216"", ""14337216"")",0.68
"=HYPERLINK(""https://stackoverflow.com/q/14421563"", ""14421563"")",0.47697974217311234
"=HYPERLINK(""https://stackoverflow.com/q/15211010"", ""15211010"")",0.6505747126436782
"=HYPERLINK(""https://stackoverflow.com/q/15212411"", ""15212411"")",0.46929824561403516
"=HYPERLINK(""https://stackoverflow.com/q/15229636"", ""15229636"")",0.5344057193923145
"=HYPERLINK(""https://stackoverflow.com/q/15282336"", ""15282336"")",0.36196319018404916
"=HYPERLINK(""https://stackoverflow.com/q/15360748"", ""15360748"")",0.3829787234042554
"=HYPERLINK(""https://stackoverflow.com/q/15834182"", ""15834182"")",0.40771349862258965
"=HYPERLINK(""https://stackoverflow.com/q/16010727"", ""16010727"")",0.4423076923076924
"=HYPERLINK(""https://stackoverflow.com/q/16150343"", ""16150343"")",0.5860805860805862
"=HYPERLINK(""https://stackoverflow.com/q/16150668"", ""16150668"")",0.7380952380952381
"=HYPERLINK(""https://stackoverflow.com/q/16415483"", ""16415483"")",0.4559748427672956
"=HYPERLINK(""https://stackoverflow.com/q/16608959"", ""16608959"")",0.2943089430894309
"=HYPERLINK(""https://stackoverflow.com/q/16744579"", ""16744579"")",0.3045977011494253
"=HYPERLINK(""https://stackoverflow.com/q/16988996"", ""16988996"")",0.5719696969696969
"=HYPERLINK(""https://stackoverflow.com/q/16998777"", ""16998777"")",0.39837398373983735
"=HYPERLINK(""https://stackoverflow.com/q/17206918"", ""17206918"")",0.386904761904762
"=HYPERLINK(""https://stackoverflow.com/q/17463986"", ""17463986"")",0.4025157232704403
"=HYPERLINK(""https://stackoverflow.com/q/18385026"", ""18385026"")",0.6256410256410257
"=HYPERLINK(""https://stackoverflow.com/q/18416967"", ""18416967"")",0.5721784776902887
"=HYPERLINK(""https://stackoverflow.com/q/18915121"", ""18915121"")",0.5387596899224806
"=HYPERLINK(""https://stackoverflow.com/q/18990623"", ""18990623"")",0.6136363636363636
"=HYPERLINK(""https://stackoverflow.com/q/19037418"", ""19037418"")",0.5869918699186991
"=HYPERLINK(""https://stackoverflow.com/q/19271055"", ""19271055"")",0.6014760147601476
"=HYPERLINK(""https://stackoverflow.com/q/19287201"", ""19287201"")",0.27198364008179965
"=HYPERLINK(""https://stackoverflow.com/q/19590915"", ""19590915"")",0.29892473118279567
"=HYPERLINK(""https://stackoverflow.com/q/19704524"", ""19704524"")",0.5220883534136547
"=HYPERLINK(""https://stackoverflow.com/q/19808318"", ""19808318"")",0.3614718614718615
"=HYPERLINK(""https://stackoverflow.com/q/20011958"", ""20011958"")",0.6048387096774195
"=HYPERLINK(""https://stackoverflow.com/q/20102683"", ""20102683"")",0.39047619047619053
"=HYPERLINK(""https://stackoverflow.com/q/20154803"", ""20154803"")",0.35275080906148865
"=HYPERLINK(""https://stackoverflow.com/q/20591832"", ""20591832"")",0.41379310344827586
"=HYPERLINK(""https://stackoverflow.com/q/21211982"", ""21211982"")",0.6156862745098041
"=HYPERLINK(""https://stackoverflow.com/q/21704345"", ""21704345"")",0.5608108108108109
"=HYPERLINK(""https://stackoverflow.com/q/21710204"", ""21710204"")",0.48101265822784817
"=HYPERLINK(""https://stackoverflow.com/q/21756749"", ""21756749"")",0.46724262059035276
"=HYPERLINK(""https://stackoverflow.com/q/21813396"", ""21813396"")",0.4623655913978495
"=HYPERLINK(""https://stackoverflow.com/q/21822803"", ""21822803"")",0.4948453608247424
"=HYPERLINK(""https://stackoverflow.com/q/21853989"", ""21853989"")",0.37430786267995564
"=HYPERLINK(""https://stackoverflow.com/q/21882735"", ""21882735"")",0.5282051282051282
"=HYPERLINK(""https://stackoverflow.com/q/21936984"", ""21936984"")",0.6074766355140188
"=HYPERLINK(""https://stackoverflow.com/q/21947720"", ""21947720"")",0.4375
"=HYPERLINK(""https://stackoverflow.com/q/22030186"", ""22030186"")",0.6242424242424243
"=HYPERLINK(""https://stackoverflow.com/q/22079597"", ""22079597"")",0.5921568627450982
"=HYPERLINK(""https://stackoverflow.com/q/22108228"", ""22108228"")",0.665266106442577
"=HYPERLINK(""https://stackoverflow.com/q/22254057"", ""22254057"")",0.7198581560283688
"=HYPERLINK(""https://stackoverflow.com/q/22255236"", ""22255236"")",0.48774509803921584
"=HYPERLINK(""https://stackoverflow.com/q/22436594"", ""22436594"")",0.5940054495912808
"=HYPERLINK(""https://stackoverflow.com/q/22594507"", ""22594507"")",0.6782608695652175
"=HYPERLINK(""https://stackoverflow.com/q/22650607"", ""22650607"")",0.40816326530612246
"=HYPERLINK(""https://stackoverflow.com/q/22777032"", ""22777032"")",0.4390243902439024
"=HYPERLINK(""https://stackoverflow.com/q/22885133"", ""22885133"")",0.49754901960784315
"=HYPERLINK(""https://stackoverflow.com/q/23350109"", ""23350109"")",0.755952380952381
"=HYPERLINK(""https://stackoverflow.com/q/23669023"", ""23669023"")",0.49099099099099097
"=HYPERLINK(""https://stackoverflow.com/q/23884817"", ""23884817"")",0.6255411255411256
"=HYPERLINK(""https://stackoverflow.com/q/23963297"", ""23963297"")",0.5895316804407713
"=HYPERLINK(""https://stackoverflow.com/q/24030235"", ""24030235"")",0.703448275862069
"=HYPERLINK(""https://stackoverflow.com/q/24241992"", ""24241992"")",0.7615384615384615
"=HYPERLINK(""https://stackoverflow.com/q/24281916"", ""24281916"")",0.376114081996435
"=HYPERLINK(""https://stackoverflow.com/q/24580260"", ""24580260"")",0.678030303030303
"=HYPERLINK(""https://stackoverflow.com/q/24661768"", ""24661768"")",0.5441767068273092
"=HYPERLINK(""https://stackoverflow.com/q/24689265"", ""24689265"")",0.5299625468164794
"=HYPERLINK(""https://stackoverflow.com/q/24915011"", ""24915011"")",0.45688545688545673
"=HYPERLINK(""https://stackoverflow.com/q/25056600"", ""25056600"")",0.5989974937343358
"=HYPERLINK(""https://stackoverflow.com/q/25180241"", ""25180241"")",0.5124378109452737
"=HYPERLINK(""https://stackoverflow.com/q/25229240"", ""25229240"")",0.4678714859437751
"=HYPERLINK(""https://stackoverflow.com/q/25347624"", ""25347624"")",0.5121951219512195
"=HYPERLINK(""https://stackoverflow.com/q/25406961"", ""25406961"")",0.7429906542056074
"=HYPERLINK(""https://stackoverflow.com/q/25583811"", ""25583811"")",0.4492753623188405
"=HYPERLINK(""https://stackoverflow.com/q/25607603"", ""25607603"")",0.3745704467353952
"=HYPERLINK(""https://stackoverflow.com/q/25751350"", ""25751350"")",0.4471544715447155
"=HYPERLINK(""https://stackoverflow.com/q/25820706"", ""25820706"")",0.503448275862069
"=HYPERLINK(""https://stackoverflow.com/q/26052208"", ""26052208"")",0.3602941176470589
"=HYPERLINK(""https://stackoverflow.com/q/26195630"", ""26195630"")",0.8705234159779615
"=HYPERLINK(""https://stackoverflow.com/q/26206840"", ""26206840"")",0.29537953795379535
"=HYPERLINK(""https://stackoverflow.com/q/26231418"", ""26231418"")",0.7363184079601991
"=HYPERLINK(""https://stackoverflow.com/q/26235304"", ""26235304"")",0.27461139896373055
"=HYPERLINK(""https://stackoverflow.com/q/26452253"", ""26452253"")",0.7079889807162536
"=HYPERLINK(""https://stackoverflow.com/q/26540697"", ""26540697"")",0.6139088729016786
"=HYPERLINK(""https://stackoverflow.com/q/26814429"", ""26814429"")",0.49425287356321834
"=HYPERLINK(""https://stackoverflow.com/q/27072509"", ""27072509"")",0.3571428571428572
"=HYPERLINK(""https://stackoverflow.com/q/27179169"", ""27179169"")",0.3926940639269406
"=HYPERLINK(""https://stackoverflow.com/q/27200220"", ""27200220"")",0.4340044742729307
"=HYPERLINK(""https://stackoverflow.com/q/27348400"", ""27348400"")",0.582089552238806
"=HYPERLINK(""https://stackoverflow.com/q/27471575"", ""27471575"")",0.6183908045977011
"=HYPERLINK(""https://stackoverflow.com/q/27472078"", ""27472078"")",0.39423076923076933
"=HYPERLINK(""https://stackoverflow.com/q/27604597"", ""27604597"")",0.4255319148936171
"=HYPERLINK(""https://stackoverflow.com/q/28196435"", ""28196435"")",0.5210355987055016
"=HYPERLINK(""https://stackoverflow.com/q/28460156"", ""28460156"")",0.5030674846625768
"=HYPERLINK(""https://stackoverflow.com/q/28474245"", ""28474245"")",0.6022727272727273
"=HYPERLINK(""https://stackoverflow.com/q/28488449"", ""28488449"")",0.4479166666666667
"=HYPERLINK(""https://stackoverflow.com/q/28769723"", ""28769723"")",0.4585152838427948
"=HYPERLINK(""https://stackoverflow.com/q/28982117"", ""28982117"")",0.4341317365269461
"=HYPERLINK(""https://stackoverflow.com/q/29005338"", ""29005338"")",0.3561904761904763
"=HYPERLINK(""https://stackoverflow.com/q/29434283"", ""29434283"")",0.7149122807017544
"=HYPERLINK(""https://stackoverflow.com/q/29495674"", ""29495674"")",0.3259803921568628
"=HYPERLINK(""https://stackoverflow.com/q/29592590"", ""29592590"")",0.44979919678714864
"=HYPERLINK(""https://stackoverflow.com/q/29761454"", ""29761454"")",0.47257383966244726
"=HYPERLINK(""https://stackoverflow.com/q/29934472"", ""29934472"")",0.4301801801801802
"=HYPERLINK(""https://stackoverflow.com/q/30070652"", ""30070652"")",0.43137254901960786
"=HYPERLINK(""https://stackoverflow.com/q/30211549"", ""30211549"")",0.5358649789029536
"=HYPERLINK(""https://stackoverflow.com/q/30214153"", ""30214153"")",0.5307017543859649
"=HYPERLINK(""https://stackoverflow.com/q/30455265"", ""30455265"")",0.6714285714285715
"=HYPERLINK(""https://stackoverflow.com/q/30684638"", ""30684638"")",0.8098591549295775
"=HYPERLINK(""https://stackoverflow.com/q/30686189"", ""30686189"")",0.3380281690140845
"=HYPERLINK(""https://stackoverflow.com/q/31042083"", ""31042083"")",0.40229885057471265
"=HYPERLINK(""https://stackoverflow.com/q/31289645"", ""31289645"")",0.3177083333333333
"=HYPERLINK(""https://stackoverflow.com/q/31409051"", ""31409051"")",0.8276836158192091
"=HYPERLINK(""https://stackoverflow.com/q/31471395"", ""31471395"")",0.6431924882629108
"=HYPERLINK(""https://stackoverflow.com/q/31519807"", ""31519807"")",0.5898203592814372
"=HYPERLINK(""https://stackoverflow.com/q/31547013"", ""31547013"")",0.7903930131004366
"=HYPERLINK(""https://stackoverflow.com/q/31568279"", ""31568279"")",0.5484558040468585
"=HYPERLINK(""https://stackoverflow.com/q/31915652"", ""31915652"")",0.5141242937853108
"=HYPERLINK(""https://stackoverflow.com/q/32219363"", ""32219363"")",0.768361581920904
"=HYPERLINK(""https://stackoverflow.com/q/32335564"", ""32335564"")",0.44715447154471544
"=HYPERLINK(""https://stackoverflow.com/q/32476333"", ""32476333"")",0.3607843137254902
"=HYPERLINK(""https://stackoverflow.com/q/32497747"", ""32497747"")",0.3272727272727272
"=HYPERLINK(""https://stackoverflow.com/q/33086405"", ""33086405"")",0.30751173708920193
"=HYPERLINK(""https://stackoverflow.com/q/33110209"", ""33110209"")",0.46258503401360546
"=HYPERLINK(""https://stackoverflow.com/q/33236281"", ""33236281"")",0.4144927536231885
"=HYPERLINK(""https://stackoverflow.com/q/33629661"", ""33629661"")",0.5569105691056911
"=HYPERLINK(""https://stackoverflow.com/q/33644301"", ""33644301"")",0.3826086956521739
"=HYPERLINK(""https://stackoverflow.com/q/33683684"", ""33683684"")",0.3453237410071943
"=HYPERLINK(""https://stackoverflow.com/q/33739701"", ""33739701"")",0.4056224899598393
"=HYPERLINK(""https://stackoverflow.com/q/33759609"", ""33759609"")",0.4152542372881357
"=HYPERLINK(""https://stackoverflow.com/q/33841397"", ""33841397"")",0.318840579710145
"=HYPERLINK(""https://stackoverflow.com/q/33988217"", ""33988217"")",0.400709219858156
"=HYPERLINK(""https://stackoverflow.com/q/34048905"", ""34048905"")",0.42066420664206644
"=HYPERLINK(""https://stackoverflow.com/q/34104612"", ""34104612"")",0.4038461538461538
"=HYPERLINK(""https://stackoverflow.com/q/34147436"", ""34147436"")",0.46766169154228854
"=HYPERLINK(""https://stackoverflow.com/q/34151722"", ""34151722"")",0.3609576427255986
"=HYPERLINK(""https://stackoverflow.com/q/34361285"", ""34361285"")",0.45121951219512196
"=HYPERLINK(""https://stackoverflow.com/q/34475029"", ""34475029"")",0.37520938023450584
"=HYPERLINK(""https://stackoverflow.com/q/34628394"", ""34628394"")",0.4310344827586207
"=HYPERLINK(""https://stackoverflow.com/q/34850140"", ""34850140"")",0.4
"=HYPERLINK(""https://stackoverflow.com/q/35083827"", ""35083827"")",0.24517906336088158
"=HYPERLINK(""https://stackoverflow.com/q/35331906"", ""35331906"")",0.8257575757575757
"=HYPERLINK(""https://stackoverflow.com/q/35467628"", ""35467628"")",0.6979166666666667
"=HYPERLINK(""https://stackoverflow.com/q/35517747"", ""35517747"")",0.5614035087719299
"=HYPERLINK(""https://stackoverflow.com/q/35953929"", ""35953929"")",0.35526315789473684
"=HYPERLINK(""https://stackoverflow.com/q/36024487"", ""36024487"")",0.4276422764227642
"=HYPERLINK(""https://stackoverflow.com/q/36131896"", ""36131896"")",0.4752252252252251
"=HYPERLINK(""https://stackoverflow.com/q/36259882"", ""36259882"")",0.6278317152103561
"=HYPERLINK(""https://stackoverflow.com/q/36400373"", ""36400373"")",0.49487179487179483
"=HYPERLINK(""https://stackoverflow.com/q/36409846"", ""36409846"")",0.39370078740157477
"=HYPERLINK(""https://stackoverflow.com/q/36485019"", ""36485019"")",0.6525423728813561
"=HYPERLINK(""https://stackoverflow.com/q/36547311"", ""36547311"")",0.5654008438818565
"=HYPERLINK(""https://stackoverflow.com/q/36686110"", ""36686110"")",0.6701030927835052
"=HYPERLINK(""https://stackoverflow.com/q/36697908"", ""36697908"")",0.5676190476190476
"=HYPERLINK(""https://stackoverflow.com/q/36934252"", ""36934252"")",0.2527472527472528
"=HYPERLINK(""https://stackoverflow.com/q/36938553"", ""36938553"")",0.4846153846153846
"=HYPERLINK(""https://stackoverflow.com/q/36990651"", ""36990651"")",0.29487179487179493
"=HYPERLINK(""https://stackoverflow.com/q/37257529"", ""37257529"")",0.4159779614325069
"=HYPERLINK(""https://stackoverflow.com/q/37267250"", ""37267250"")",0.44696969696969696
"=HYPERLINK(""https://stackoverflow.com/q/37279236"", ""37279236"")",0.2973621103117507
"=HYPERLINK(""https://stackoverflow.com/q/37280089"", ""37280089"")",0.5921568627450982
"=HYPERLINK(""https://stackoverflow.com/q/37443914"", ""37443914"")",0.31060606060606055
"=HYPERLINK(""https://stackoverflow.com/q/37546295"", ""37546295"")",0.24842767295597482
"=HYPERLINK(""https://stackoverflow.com/q/37584498"", ""37584498"")",0.6228070175438596
"=HYPERLINK(""https://stackoverflow.com/q/37592608"", ""37592608"")",0.25297619047619047
"=HYPERLINK(""https://stackoverflow.com/q/37679116"", ""37679116"")",0.32758620689655166
"=HYPERLINK(""https://stackoverflow.com/q/37700765"", ""37700765"")",0.6032608695652174
"=HYPERLINK(""https://stackoverflow.com/q/37748009"", ""37748009"")",0.2795698924731182
"=HYPERLINK(""https://stackoverflow.com/q/37756451"", ""37756451"")",0.4
"=HYPERLINK(""https://stackoverflow.com/q/37761721"", ""37761721"")",0.3880597014925373
"=HYPERLINK(""https://stackoverflow.com/q/37786310"", ""37786310"")",0.48407643312101906
"=HYPERLINK(""https://stackoverflow.com/q/37862350"", ""37862350"")",0.7049180327868853
"=HYPERLINK(""https://stackoverflow.com/q/38300662"", ""38300662"")",0.435897435897436
"=HYPERLINK(""https://stackoverflow.com/q/38323984"", ""38323984"")",0.8211382113821138
"=HYPERLINK(""https://stackoverflow.com/q/38404240"", ""38404240"")",0.34901960784313735
"=HYPERLINK(""https://stackoverflow.com/q/38759442"", ""38759442"")",0.4260869565217391
"=HYPERLINK(""https://stackoverflow.com/q/38857207"", ""38857207"")",0.3829787234042553
"=HYPERLINK(""https://stackoverflow.com/q/39016657"", ""39016657"")",0.4575936883629192
"=HYPERLINK(""https://stackoverflow.com/q/39033427"", ""39033427"")",0.5619834710743803
"=HYPERLINK(""https://stackoverflow.com/q/39184429"", ""39184429"")",0.8073701842546065
"=HYPERLINK(""https://stackoverflow.com/q/39258934"", ""39258934"")",0.5674373795761078
"=HYPERLINK(""https://stackoverflow.com/q/39338966"", ""39338966"")",0.39711191335740076
"=HYPERLINK(""https://stackoverflow.com/q/39353269"", ""39353269"")",0.4666666666666667
"=HYPERLINK(""https://stackoverflow.com/q/39376817"", ""39376817"")",0.7083333333333334
"=HYPERLINK(""https://stackoverflow.com/q/39716145"", ""39716145"")",0.49999999999999994
"=HYPERLINK(""https://stackoverflow.com/q/39750786"", ""39750786"")",0.5095238095238095
"=HYPERLINK(""https://stackoverflow.com/q/39829348"", ""39829348"")",0.40425531914893625
"=HYPERLINK(""https://stackoverflow.com/q/40007515"", ""40007515"")",0.38205128205128214
"=HYPERLINK(""https://stackoverflow.com/q/41068724"", ""41068724"")",0.5955882352941176
"=HYPERLINK(""https://stackoverflow.com/q/41269333"", ""41269333"")",0.3413978494623657
"=HYPERLINK(""https://stackoverflow.com/q/41384366"", ""41384366"")",0.4026217228464419
"=HYPERLINK(""https://stackoverflow.com/q/41607794"", ""41607794"")",0.37614678899082576
"=HYPERLINK(""https://stackoverflow.com/q/42040330"", ""42040330"")",0.652482269503546
"=HYPERLINK(""https://stackoverflow.com/q/42398987"", ""42398987"")",0.47058823529411775
"=HYPERLINK(""https://stackoverflow.com/q/42427034"", ""42427034"")",0.5833333333333335
"=HYPERLINK(""https://stackoverflow.com/q/42688450"", ""42688450"")",0.30769230769230776
"=HYPERLINK(""https://stackoverflow.com/q/43087611"", ""43087611"")",0.44252873563218387
"=HYPERLINK(""https://stackoverflow.com/q/43364961"", ""43364961"")",0.3840579710144927
"=HYPERLINK(""https://stackoverflow.com/q/43442669"", ""43442669"")",0.33333333333333326
"=HYPERLINK(""https://stackoverflow.com/q/43647187"", ""43647187"")",0.2997512437810945
"=HYPERLINK(""https://stackoverflow.com/q/43985941"", ""43985941"")",0.33333333333333337
"=HYPERLINK(""https://stackoverflow.com/q/43987256"", ""43987256"")",0.3157894736842105
"=HYPERLINK(""https://stackoverflow.com/q/44040499"", ""44040499"")",0.28320802005012535
"=HYPERLINK(""https://stackoverflow.com/q/44121114"", ""44121114"")",0.4615384615384616
"=HYPERLINK(""https://stackoverflow.com/q/44131916"", ""44131916"")",0.582608695652174
"=HYPERLINK(""https://stackoverflow.com/q/44386714"", ""44386714"")",0.32941176470588235
"=HYPERLINK(""https://stackoverflow.com/q/44521080"", ""44521080"")",0.4565217391304348
"=HYPERLINK(""https://stackoverflow.com/q/44540043"", ""44540043"")",0.2894736842105263
"=HYPERLINK(""https://stackoverflow.com/q/44633864"", ""44633864"")",0.5823293172690762
"=HYPERLINK(""https://stackoverflow.com/q/44730942"", ""44730942"")",0.31630170316301703
"=HYPERLINK(""https://stackoverflow.com/q/44784726"", ""44784726"")",0.28952380952380957
"=HYPERLINK(""https://stackoverflow.com/q/44950288"", ""44950288"")",0.783882783882784
"=HYPERLINK(""https://stackoverflow.com/q/45126947"", ""45126947"")",0.6466165413533835
"=HYPERLINK(""https://stackoverflow.com/q/45283031"", ""45283031"")",0.3601190476190476
"=HYPERLINK(""https://stackoverflow.com/q/45491543"", ""45491543"")",0.38292011019283745
"=HYPERLINK(""https://stackoverflow.com/q/45801798"", ""45801798"")",0.6838487972508592
"=HYPERLINK(""https://stackoverflow.com/q/45866623"", ""45866623"")",0.3333333333333333
"=HYPERLINK(""https://stackoverflow.com/q/46092971"", ""46092971"")",0.7447916666666667
"=HYPERLINK(""https://stackoverflow.com/q/46107472"", ""46107472"")",0.45714285714285724
"=HYPERLINK(""https://stackoverflow.com/q/46183065"", ""46183065"")",0.41293532338308464
"=HYPERLINK(""https://stackoverflow.com/q/46584699"", ""46584699"")",0.6190476190476192
"=HYPERLINK(""https://stackoverflow.com/q/46607338"", ""46607338"")",0.5939393939393939
"=HYPERLINK(""https://stackoverflow.com/q/46656592"", ""46656592"")",0.4837092731829575
"=HYPERLINK(""https://stackoverflow.com/q/46827480"", ""46827480"")",0.37500000000000006
"=HYPERLINK(""https://stackoverflow.com/q/46838218"", ""46838218"")",0.3107344632768362
"=HYPERLINK(""https://stackoverflow.com/q/46883688"", ""46883688"")",0.37853107344632775
"=HYPERLINK(""https://stackoverflow.com/q/47134951"", ""47134951"")",0.3363914373088685
"=HYPERLINK(""https://stackoverflow.com/q/47337710"", ""47337710"")",0.47572815533980584
"=HYPERLINK(""https://stackoverflow.com/q/47710558"", ""47710558"")",0.4262295081967213
"=HYPERLINK(""https://stackoverflow.com/q/47775255"", ""47775255"")",0.3224043715846995
"=HYPERLINK(""https://stackoverflow.com/q/47823058"", ""47823058"")",0.48286604361370716
"=HYPERLINK(""https://stackoverflow.com/q/47945407"", ""47945407"")",0.4339622641509434
"=HYPERLINK(""https://stackoverflow.com/q/48130735"", ""48130735"")",0.4724220623501199
"=HYPERLINK(""https://stackoverflow.com/q/48169561"", ""48169561"")",0.3561643835616438
"=HYPERLINK(""https://stackoverflow.com/q/48901169"", ""48901169"")",0.3126079447322971
"=HYPERLINK(""https://stackoverflow.com/q/49087760"", ""49087760"")",0.5120274914089348
"=HYPERLINK(""https://stackoverflow.com/q/49185651"", ""49185651"")",0.6588235294117648
"=HYPERLINK(""https://stackoverflow.com/q/49723186"", ""49723186"")",0.4285714285714286
"=HYPERLINK(""https://stackoverflow.com/q/49846102"", ""49846102"")",0.45121951219512196
"=HYPERLINK(""https://stackoverflow.com/q/50032795"", ""50032795"")",0.4102564102564102
"=HYPERLINK(""https://stackoverflow.com/q/50184142"", ""50184142"")",0.47058823529411764
"=HYPERLINK(""https://stackoverflow.com/q/50217927"", ""50217927"")",0.3218390804597701
"=HYPERLINK(""https://stackoverflow.com/q/50242658"", ""50242658"")",0.5857142857142857
"=HYPERLINK(""https://stackoverflow.com/q/50316278"", ""50316278"")",0.5988700564971752
"=HYPERLINK(""https://stackoverflow.com/q/50369400"", ""50369400"")",0.4907801418439715
"=HYPERLINK(""https://stackoverflow.com/q/50428104"", ""50428104"")",0.36518046709129515
"=HYPERLINK(""https://stackoverflow.com/q/50451717"", ""50451717"")",0.32456140350877194
"=HYPERLINK(""https://stackoverflow.com/q/50550585"", ""50550585"")",0.5000000000000001
"=HYPERLINK(""https://stackoverflow.com/q/50583261"", ""50583261"")",0.33714285714285713
"=HYPERLINK(""https://stackoverflow.com/q/50648519"", ""50648519"")",0.3761904761904762
"=HYPERLINK(""https://stackoverflow.com/q/50664201"", ""50664201"")",0.3856749311294766
"=HYPERLINK(""https://stackoverflow.com/q/50731522"", ""50731522"")",0.4265975820379966
"=HYPERLINK(""https://stackoverflow.com/q/50755994"", ""50755994"")",0.43427230046948356
"=HYPERLINK(""https://stackoverflow.com/q/50756858"", ""50756858"")",0.47158218125960066
"=HYPERLINK(""https://stackoverflow.com/q/50881893"", ""50881893"")",0.5129310344827587
"=HYPERLINK(""https://stackoverflow.com/q/50896623"", ""50896623"")",0.43229166666666674
"=HYPERLINK(""https://stackoverflow.com/q/50927646"", ""50927646"")",0.3387314439946018
"=HYPERLINK(""https://stackoverflow.com/q/51044657"", ""51044657"")",0.5368731563421828
"=HYPERLINK(""https://stackoverflow.com/q/51174369"", ""51174369"")",0.4877450980392158
"=HYPERLINK(""https://stackoverflow.com/q/51250631"", ""51250631"")",0.34871794871794876
"=HYPERLINK(""https://stackoverflow.com/q/51580035"", ""51580035"")",0.39937106918238996
"=HYPERLINK(""https://stackoverflow.com/q/51811399"", ""51811399"")",0.35775862068965514
"=HYPERLINK(""https://stackoverflow.com/q/51954505"", ""51954505"")",0.7416666666666667
"=HYPERLINK(""https://stackoverflow.com/q/52416454"", ""52416454"")",0.3731884057971014
"=HYPERLINK(""https://stackoverflow.com/q/52506433"", ""52506433"")",0.2573839662447257
"=HYPERLINK(""https://stackoverflow.com/q/52568212"", ""52568212"")",0.7701149425287357
"=HYPERLINK(""https://stackoverflow.com/q/52687463"", ""52687463"")",0.37121212121212116
"=HYPERLINK(""https://stackoverflow.com/q/53791789"", ""53791789"")",0.30729166666666663
"=HYPERLINK(""https://stackoverflow.com/q/54024207"", ""54024207"")",0.599290780141844
"=HYPERLINK(""https://stackoverflow.com/q/54036777"", ""54036777"")",0.515625
"=HYPERLINK(""https://stackoverflow.com/q/54063384"", ""54063384"")",0.44372294372294374
"=HYPERLINK(""https://stackoverflow.com/q/54172907"", ""54172907"")",0.2719298245614035
"=HYPERLINK(""https://stackoverflow.com/q/54408810"", ""54408810"")",0.7099358974358975
"=HYPERLINK(""https://stackoverflow.com/q/54923657"", ""54923657"")",0.30952380952380953
"=HYPERLINK(""https://stackoverflow.com/q/55033530"", ""55033530"")",0.540453074433657
"=HYPERLINK(""https://stackoverflow.com/q/55585469"", ""55585469"")",0.5737704918032788
"=HYPERLINK(""https://stackoverflow.com/q/55746115"", ""55746115"")",0.4865591397849463
"=HYPERLINK(""https://stackoverflow.com/q/55840023"", ""55840023"")",0.3724137931034483
"=HYPERLINK(""https://stackoverflow.com/q/55972378"", ""55972378"")",0.497716894977169
"=HYPERLINK(""https://stackoverflow.com/q/56240769"", ""56240769"")",0.4779116465863453
"=HYPERLINK(""https://stackoverflow.com/q/56565218"", ""56565218"")",0.39440203562340964
"=HYPERLINK(""https://stackoverflow.com/q/56836105"", ""56836105"")",0.39926739926739935
"=HYPERLINK(""https://stackoverflow.com/q/56937047"", ""56937047"")",0.6625766871165645
"=HYPERLINK(""https://stackoverflow.com/q/57500954"", ""57500954"")",0.3628691983122363
"=HYPERLINK(""https://stackoverflow.com/q/57915603"", ""57915603"")",0.32258064516129037
"=HYPERLINK(""https://stackoverflow.com/q/58908191"", ""58908191"")",0.3053333333333334
"=HYPERLINK(""https://stackoverflow.com/q/59007538"", ""59007538"")",0.29523809523809524
"=HYPERLINK(""https://stackoverflow.com/q/59126076"", ""59126076"")",0.49615975422427033
"=HYPERLINK(""https://stackoverflow.com/q/59145582"", ""59145582"")",0.5159420289855073
"=HYPERLINK(""https://stackoverflow.com/q/59262771"", ""59262771"")",0.5601374570446737
"=HYPERLINK(""https://stackoverflow.com/q/59375896"", ""59375896"")",0.37719298245614036
"=HYPERLINK(""https://stackoverflow.com/q/59376928"", ""59376928"")",0.5009523809523809
"=HYPERLINK(""https://stackoverflow.com/q/59429202"", ""59429202"")",0.2959001782531195
"=HYPERLINK(""https://stackoverflow.com/q/59572740"", ""59572740"")",0.31560283687943264
"=HYPERLINK(""https://stackoverflow.com/q/59575619"", ""59575619"")",0.5942028985507246
"=HYPERLINK(""https://stackoverflow.com/q/59614865"", ""59614865"")",0.7675438596491228
"=HYPERLINK(""https://stackoverflow.com/q/59640204"", ""59640204"")",0.3033333333333333
"=HYPERLINK(""https://stackoverflow.com/q/59717227"", ""59717227"")",0.37362637362637363
"=HYPERLINK(""https://stackoverflow.com/q/60045326"", ""60045326"")",0.36090225563909784
"=HYPERLINK(""https://stackoverflow.com/q/60100460"", ""60100460"")",0.3769300635785649
"=HYPERLINK(""https://stackoverflow.com/q/60127972"", ""60127972"")",0.4280303030303029
"=HYPERLINK(""https://stackoverflow.com/q/60180024"", ""60180024"")",0.31073446327683624
"=HYPERLINK(""https://stackoverflow.com/q/60303714"", ""60303714"")",0.3125
"=HYPERLINK(""https://stackoverflow.com/q/60423035"", ""60423035"")",0.44563279857397514
"=HYPERLINK(""https://stackoverflow.com/q/60507593"", ""60507593"")",0.33676975945017185
"=HYPERLINK(""https://stackoverflow.com/q/60539094"", ""60539094"")",0.32730923694779107
"=HYPERLINK(""https://stackoverflow.com/q/60619460"", ""60619460"")",0.3009708737864078
"=HYPERLINK(""https://stackoverflow.com/q/61212875"", ""61212875"")",0.5173160173160174
"=HYPERLINK(""https://stackoverflow.com/q/61225077"", ""61225077"")",0.319047619047619
"=HYPERLINK(""https://stackoverflow.com/q/61501642"", ""61501642"")",0.5323383084577115
"=HYPERLINK(""https://stackoverflow.com/q/61550297"", ""61550297"")",0.3242424242424243
"=HYPERLINK(""https://stackoverflow.com/q/61836732"", ""61836732"")",0.3463541666666667
"=HYPERLINK(""https://stackoverflow.com/q/62183863"", ""62183863"")",0.2769607843137256
"=HYPERLINK(""https://stackoverflow.com/q/62325686"", ""62325686"")",0.5922619047619049
"=HYPERLINK(""https://stackoverflow.com/q/62413530"", ""62413530"")",0.598997493734336
"=HYPERLINK(""https://stackoverflow.com/q/62588370"", ""62588370"")",0.47826086956521735
"=HYPERLINK(""https://stackoverflow.com/q/62621541"", ""62621541"")",0.3961038961038961
"=HYPERLINK(""https://stackoverflow.com/q/62762169"", ""62762169"")",0.31617647058823534
"=HYPERLINK(""https://stackoverflow.com/q/62791791"", ""62791791"")",0.47500000000000003
"=HYPERLINK(""https://stackoverflow.com/q/63118732"", ""63118732"")",0.39607843137254894
"=HYPERLINK(""https://stackoverflow.com/q/63471973"", ""63471973"")",0.4157894736842105
"=HYPERLINK(""https://stackoverflow.com/q/63536833"", ""63536833"")",0.45871559633027525
"=HYPERLINK(""https://stackoverflow.com/q/63998561"", ""63998561"")",0.7254901960784316
"=HYPERLINK(""https://stackoverflow.com/q/64033258"", ""64033258"")",0.24166666666666667
"=HYPERLINK(""https://stackoverflow.com/q/64302986"", ""64302986"")",0.4598155467720685
"=HYPERLINK(""https://stackoverflow.com/q/64709871"", ""64709871"")",0.4008438818565401
"=HYPERLINK(""https://stackoverflow.com/q/64963690"", ""64963690"")",0.2934362934362934
"=HYPERLINK(""https://stackoverflow.com/q/64988966"", ""64988966"")",0.4672619047619049
"=HYPERLINK(""https://stackoverflow.com/q/65239565"", ""65239565"")",0.40909090909090917
"=HYPERLINK(""https://stackoverflow.com/q/65760787"", ""65760787"")",0.4807692307692308
"=HYPERLINK(""https://stackoverflow.com/q/65904688"", ""65904688"")",0.5112474437627812
"=HYPERLINK(""https://stackoverflow.com/q/65940509"", ""65940509"")",0.401263823064771
"=HYPERLINK(""https://stackoverflow.com/q/66343907"", ""66343907"")",0.35115864527629237
"=HYPERLINK(""https://stackoverflow.com/q/66556348"", ""66556348"")",0.3717948717948718
"=HYPERLINK(""https://stackoverflow.com/q/66570103"", ""66570103"")",0.6484848484848484
"=HYPERLINK(""https://stackoverflow.com/q/66570138"", ""66570138"")",0.4440389294403893
"=HYPERLINK(""https://stackoverflow.com/q/66692579"", ""66692579"")",0.49791666666666673
"=HYPERLINK(""https://stackoverflow.com/q/66860087"", ""66860087"")",0.29403202328966527
"=HYPERLINK(""https://stackoverflow.com/q/67265045"", ""67265045"")",0.43678160919540227
"=HYPERLINK(""https://stackoverflow.com/q/67328267"", ""67328267"")",0.4213836477987421
"=HYPERLINK(""https://stackoverflow.com/q/67459806"", ""67459806"")",0.42124542124542136
"=HYPERLINK(""https://stackoverflow.com/q/67598264"", ""67598264"")",0.3357843137254903
"=HYPERLINK(""https://stackoverflow.com/q/67696183"", ""67696183"")",0.373134328358209
"=HYPERLINK(""https://stackoverflow.com/q/67916104"", ""67916104"")",0.31860036832412525
"=HYPERLINK(""https://stackoverflow.com/q/68005162"", ""68005162"")",0.4810126582278481
"=HYPERLINK(""https://stackoverflow.com/q/68044070"", ""68044070"")",0.18361581920903952
"=HYPERLINK(""https://stackoverflow.com/q/68132979"", ""68132979"")",0.5219298245614036
"=HYPERLINK(""https://stackoverflow.com/q/68258003"", ""68258003"")",0.4953802416488984
"=HYPERLINK(""https://stackoverflow.com/q/68313912"", ""68313912"")",0.3880208333333332
"=HYPERLINK(""https://stackoverflow.com/q/68322230"", ""68322230"")",0.33103448275862074
"=HYPERLINK(""https://stackoverflow.com/q/68386650"", ""68386650"")",0.30769230769230776
"=HYPERLINK(""https://stackoverflow.com/q/68481425"", ""68481425"")",0.27651515151515155
"=HYPERLINK(""https://stackoverflow.com/q/68607118"", ""68607118"")",0.4993849938499385
"=HYPERLINK(""https://stackoverflow.com/q/68688856"", ""68688856"")",0.6599664991624791
"=HYPERLINK(""https://stackoverflow.com/q/68738148"", ""68738148"")",0.33554083885209707
"=HYPERLINK(""https://stackoverflow.com/q/68773463"", ""68773463"")",0.3823529411764706
"=HYPERLINK(""https://stackoverflow.com/q/68846704"", ""68846704"")",0.45414847161572053
"=HYPERLINK(""https://stackoverflow.com/q/68909644"", ""68909644"")",0.2564102564102564
"=HYPERLINK(""https://stackoverflow.com/q/69275756"", ""69275756"")",0.3441558441558442
"=HYPERLINK(""https://stackoverflow.com/q/69288426"", ""69288426"")",0.30952380952380953
"=HYPERLINK(""https://stackoverflow.com/q/69498670"", ""69498670"")",0.5021097046413502
"=HYPERLINK(""https://stackoverflow.com/q/69500830"", ""69500830"")",0.3828828828828829
"=HYPERLINK(""https://stackoverflow.com/q/69638356"", ""69638356"")",0.42152466367713004
"=HYPERLINK(""https://stackoverflow.com/q/69685819"", ""69685819"")",0.27642276422764234
"=HYPERLINK(""https://stackoverflow.com/q/69738035"", ""69738035"")",0.35761589403973515
"=HYPERLINK(""https://stackoverflow.com/q/69763003"", ""69763003"")",0.3534136546184739
"=HYPERLINK(""https://stackoverflow.com/q/69923741"", ""69923741"")",0.47448425624321394
"=HYPERLINK(""https://stackoverflow.com/q/69979427"", ""69979427"")",0.6245954692556634
"=HYPERLINK(""https://stackoverflow.com/q/69992042"", ""69992042"")",0.36
"=HYPERLINK(""https://stackoverflow.com/q/70023419"", ""70023419"")",0.44342507645259943
"=HYPERLINK(""https://stackoverflow.com/q/70402065"", ""70402065"")",0.3766666666666667
"=HYPERLINK(""https://stackoverflow.com/q/70603364"", ""70603364"")",0.49696969696969695
"=HYPERLINK(""https://stackoverflow.com/q/70674000"", ""70674000"")",0.32863849765258213
"=HYPERLINK(""https://stackoverflow.com/q/70754016"", ""70754016"")",0.4333333333333333
"=HYPERLINK(""https://stackoverflow.com/q/71051224"", ""71051224"")",0.6624472573839663
"=HYPERLINK(""https://stackoverflow.com/q/71224831"", ""71224831"")",0.3839662447257384
"=HYPERLINK(""https://stackoverflow.com/q/71255132"", ""71255132"")",0.38358458961474035
"=HYPERLINK(""https://stackoverflow.com/q/71320778"", ""71320778"")",0.5181674565560821
"=HYPERLINK(""https://stackoverflow.com/q/71417831"", ""71417831"")",0.4653679653679655
"=HYPERLINK(""https://stackoverflow.com/q/71417970"", ""71417970"")",0.40591397849462363
"=HYPERLINK(""https://stackoverflow.com/q/71665007"", ""71665007"")",0.4696969696969697
"=HYPERLINK(""https://stackoverflow.com/q/71749651"", ""71749651"")",0.42357274401473305
"=HYPERLINK(""https://stackoverflow.com/q/71771353"", ""71771353"")",0.3406593406593407
"=HYPERLINK(""https://stackoverflow.com/q/71827884"", ""71827884"")",0.38840579710144935
"=HYPERLINK(""https://stackoverflow.com/q/71835222"", ""71835222"")",0.5705128205128206
"=HYPERLINK(""https://stackoverflow.com/q/71897851"", ""71897851"")",0.4206514206514207
"=HYPERLINK(""https://stackoverflow.com/q/71953876"", ""71953876"")",0.36554621848739494
"=HYPERLINK(""https://stackoverflow.com/q/72001916"", ""72001916"")",0.38935574229691877
"=HYPERLINK(""https://stackoverflow.com/q/72116061"", ""72116061"")",0.4745762711864408
"=HYPERLINK(""https://stackoverflow.com/q/72256288"", ""72256288"")",0.4395833333333334
"=HYPERLINK(""https://stackoverflow.com/q/72269991"", ""72269991"")",0.4327808471454881
"=HYPERLINK(""https://stackoverflow.com/q/72344951"", ""72344951"")",0.32059447983014866
"=HYPERLINK(""https://stackoverflow.com/q/72373150"", ""72373150"")",0.4
"=HYPERLINK(""https://stackoverflow.com/q/72476282"", ""72476282"")",0.6410693970420933
"=HYPERLINK(""https://stackoverflow.com/q/72490682"", ""72490682"")",0.3470790378006874
"=HYPERLINK(""https://stackoverflow.com/q/72491665"", ""72491665"")",0.5000000000000001
