,Topic 0,Topic 1,Topic 2,Topic 3,Topic 4,Topic 5,Topic 6,Topic 7,Topic 8,Topic 9,Topic 10,Topic 11,Topic 12,Topic 13,Topic 14
Term 1,azur 0.0888,ho 0.0867,run 0.0394,file 0.0566,error 0.1573,splunk 0.0737,model 0.0676,function 0.0178,model 0.1028,model 0.0556,rapidmin 0.0343,data 0.0626,lex 0.0547,splunk 0.0469,data 0.0446
Term 2,ml 0.0536,version 0.0452,time 0.0271,notebook 0.0521,tri 0.0561,log 0.0546,predict 0.026,find 0.0156,sagemak 0.0653,automl 0.0465,oper 0.0262,column 0.0515,lambda 0.0411,queri 0.0391,label 0.028
Term 3,machin 0.0379,instal 0.036,instanc 0.0234,sagemak 0.0505,code 0.0446,server 0.0232,train 0.0234,work 0.0153,train 0.0596,googl 0.0397,set 0.0261,valu 0.028,user 0.0278,search 0.0358,featur 0.0158
Term 4,learn 0.035,run 0.026,cluster 0.0205,run 0.0284,follow 0.0353,send 0.0198,ho 0.0154,code 0.014,endpoint 0.0339,api 0.0275,attribut 0.0251,file 0.0253,function 0.0271,field 0.0323,exampl 0.0128
Term 5,servic 0.0347,packag 0.0259,job 0.0159,aw 0.0264,im 0.028,file 0.0153,set 0.0154,exampl 0.0133,deploy 0.0268,train 0.0264,creat 0.0204,csv 0.0209,respons 0.0267,result 0.0262,dataset 0.0107
Term 6,script 0.0211,python 0.023,memori 0.0156,instanc 0.024,run 0.0239,app 0.0131,data 0.0125,question 0.012,aw 0.0213,cloud 0.0243,process 0.0191,row 0.0205,amazon 0.0267,event 0.0229,differ 0.0096
Term 7,pipelin 0.02,tri 0.0208,data 0.0139,creat 0.018,fail 0.0215,request 0.0131,tree 0.0118,call 0.0115,job 0.0192,ai 0.0224,user 0.0153,convert 0.0176,bot 0.0266,time 0.0189,time 0.0093
Term 8,studio 0.0189,java 0.0163,process 0.0138,docker 0.0169,messag 0.0211,api 0.0128,valu 0.0117,make 0.011,creat 0.0155,imag 0.0173,role 0.0129,ho 0.0173,aw 0.0247,valu 0.0174,predict 0.0092
Term 9,experi 0.0185,error 0.016,size 0.0133,tri 0.0167,work 0.0207,applic 0.0123,ensembl 0.0116,method 0.0102,tensorflow 0.0144,vertex 0.0168,data 0.0129,dataset 0.0168,slot 0.0214,tri 0.0149,learn 0.0091
Term 10,python 0.0183,cluster 0.0158,set 0.0126,imag 0.0166,issu 0.02,connect 0.0122,differ 0.0112,im 0.0101,imag 0.0141,predict 0.0161,access 0.0124,datafram 0.0157,intent 0.0214,extract 0.0147,algorithm 0.0088
Term 11,data 0.0167,import 0.0138,limit 0.0106,environ 0.016,line 0.015,configur 0.012,gbm 0.0112,case 0.0094,predict 0.0134,export 0.0141,exampl 0.0108,frame 0.0151,input 0.0118,count 0.0136,text 0.0082
Term 12,deploy 0.0152,spark 0.0129,gb 0.0105,jupyt 0.0149,problem 0.0134,data 0.0108,result 0.0106,answer 0.0092,file 0.0114,creat 0.0115,select 0.0105,type 0.0144,call 0.0118,tabl 0.0129,word 0.0082
Term 13,creat 0.0151,follow 0.0119,gpu 0.0096,script 0.0149,fine 0.0096,index 0.01,class 0.0103,chang 0.0091,infer 0.0114,pipelin 0.0111,add 0.0105,format 0.0143,type 0.0107,log 0.0122,im 0.0074
Term 14,run 0.0143,build 0.0108,comput 0.0091,bucket 0.0129,call 0.0095,tri 0.0098,classifi 0.0101,someth 0.0088,save 0.0112,languag 0.0108,token 0.0094,output 0.0133,creat 0.0101,match 0.0122,problem 0.0071
Term 15,web 0.0135,work 0.0105,train 0.0087,local 0.0125,occur 0.0093,forward 0.0092,variabl 0.01,paramet 0.0085,input 0.0103,custom 0.0108,databas 0.0094,tri 0.0124,valu 0.0098,regex 0.0118,detect 0.007
Term 16,modul 0.0132,find 0.0091,nod 0.0083,code 0.0125,give 0.0093,http 0.0087,regress 0.0089,add 0.0084,custom 0.0096,document 0.0101,valu 0.0091,input 0.0111,work 0.0095,command 0.0096,question 0.0068
Term 17,model 0.0129,librari 0.0087,start 0.0079,folder 0.0123,pleas 0.0091,event 0.0076,paramet 0.0089,object 0.0083,load 0.0085,gcp 0.0097,text 0.0091,string 0.0099,chatbot 0.0094,line 0.0095,set 0.0065
Term 18,azureml 0.0129,water 0.0077,hour 0.0078,work 0.0121,fix 0.0076,host 0.0072,function 0.0088,ive 0.008,data 0.0084,tri 0.009,click 0.009,variabl 0.0094,send 0.0088,number 0.009,give 0.0063
Term 19,workspac 0.0109,environ 0.0075,node 0.0076,directori 0.0115,throw 0.0075,rest 0.0071,random 0.0086,document 0.0073,follow 0.0083,dataset 0.009,file 0.0085,function 0.0089,messag 0.0081,return 0.0088,seri 0.0061
Term 20,dataset 0.0108,start 0.0075,number 0.0073,python 0.0105,caus 0.0073,url 0.0066,classif 0.0082,solut 0.0073,object 0.008,vision 0.0087,document 0.0084,read 0.0087,custom 0.0073,string 0.0087,input 0.006
Term 21,storag 0.0102,flow 0.0074,schedul 0.007,command 0.0092,file 0.007,port 0.0066,test 0.008,pass 0.0065,call 0.008,code 0.0082,permiss 0.0078,import 0.0082,tri 0.0069,show 0.0085,forecast 0.006
Term 22,step 0.0085,command 0.0074,increas 0.0069,access 0.009,return 0.0068,alert 0.0064,score 0.0079,implement 0.0064,tri 0.0079,project 0.0079,page 0.0075,set 0.008,connect 0.0069,group 0.0083,imag 0.006
Term 23,file 0.0079,mojo 0.0073,multipl 0.0068,follow 0.0086,find 0.0065,set 0.0061,featur 0.0079,provid 0.0064,code 0.0074,request 0.0074,im 0.0072,encod 0.008,question 0.0067,follow 0.0079,recommend 0.0056
Term 24,regist 0.0072,connect 0.0069,minut 0.0064,im 0.0082,solv 0.0065,work 0.0059,valid 0.0078,support 0.0062,transform 0.0074,import 0.0073,polici 0.0065,categor 0.0072,return 0.0067,data 0.0078,possibl 0.0056
Term 25,blob 0.0072,server 0.0067,larg 0.0063,path 0.0077,statu 0.006,im 0.0058,weight 0.0075,actual 0.006,output 0.0068,python 0.0069,result 0.0063,json 0.0071,integr 0.0067,express 0.0074,classif 0.0055
Term 26,tri 0.0072,latest 0.0067,stop 0.0061,upload 0.0076,function 0.0059,servic 0.0058,perform 0.0073,thing 0.0058,estim 0.0068,servic 0.0068,project 0.0063,array 0.0068,build 0.0066,dashboard 0.0073,good 0.0054
Term 27,execut 0.0066,load 0.0065,core 0.0061,kernel 0.0066,wrong 0.0058,curl 0.0052,forest 0.0072,sinc 0.0058,script 0.0067,platform 0.0066,gener 0.0061,numer 0.0066,utter 0.0063,exampl 0.0069,result 0.0053
Term 28,comput 0.0066,download 0.0064,machin 0.0057,download 0.0064,anyon 0.0057,web 0.0052,probabl 0.0066,problem 0.0057,batch 0.0067,find 0.0065,tri 0.0061,split 0.0066,test 0.0059,work 0.0066,find 0.005
Term 29,output 0.0064,sparkl 0.0061,parallel 0.0051,start 0.0061,unabl 0.0056,command 0.0051,tri 0.0066,gener 0.0056,pass 0.0059,classif 0.0065,work 0.006,list 0.0065,valid 0.0054,find 0.0065,number 0.005
Term 30,aml 0.006,issu 0.006,issu 0.005,instal 0.006,success 0.0053,abl 0.005,metric 0.0063,write 0.0056,algorithm 0.0059,natur 0.0064,id 0.0056,featur 0.0064,request 0.0052,differ 0.0065,base 0.0047
