link,Correlation
"=HYPERLINK(""https://stackoverflow.com/a/7549159"", ""7549159"")",0.3998773382398037
"=HYPERLINK(""https://stackoverflow.com/a/13052861"", ""13052861"")",0.29729729729729737
"=HYPERLINK(""https://stackoverflow.com/a/15632539"", ""15632539"")",0.5671641791044778
"=HYPERLINK(""https://stackoverflow.com/a/16124945"", ""16124945"")",0.27450980392156865
"=HYPERLINK(""https://stackoverflow.com/a/16901239"", ""16901239"")",0.579330422125182
"=HYPERLINK(""https://stackoverflow.com/a/17492339"", ""17492339"")",0.49789029535864976
"=HYPERLINK(""https://stackoverflow.com/a/18643528"", ""18643528"")",0.46288209606986896
"=HYPERLINK(""https://stackoverflow.com/a/20084714"", ""20084714"")",0.34972677595628415
"=HYPERLINK(""https://stackoverflow.com/a/20443459"", ""20443459"")",0.6718913270637408
"=HYPERLINK(""https://stackoverflow.com/a/20634736"", ""20634736"")",0.596045197740113
"=HYPERLINK(""https://stackoverflow.com/a/20740137"", ""20740137"")",0.49358974358974367
"=HYPERLINK(""https://stackoverflow.com/a/22542483"", ""22542483"")",0.34523809523809523
"=HYPERLINK(""https://stackoverflow.com/a/23137343"", ""23137343"")",0.7765151515151515
"=HYPERLINK(""https://stackoverflow.com/a/23987137"", ""23987137"")",0.8155637254901961
"=HYPERLINK(""https://stackoverflow.com/a/25342151"", ""25342151"")",0.6082949308755761
"=HYPERLINK(""https://stackoverflow.com/a/25586765"", ""25586765"")",0.24999999999999994
"=HYPERLINK(""https://stackoverflow.com/a/27169090"", ""27169090"")",0.4079601990049752
"=HYPERLINK(""https://stackoverflow.com/a/28531956"", ""28531956"")",0.5145631067961166
"=HYPERLINK(""https://stackoverflow.com/a/28625679"", ""28625679"")",0.33333333333333337
"=HYPERLINK(""https://stackoverflow.com/a/29043388"", ""29043388"")",0.40909090909090906
"=HYPERLINK(""https://stackoverflow.com/a/29456904"", ""29456904"")",0.6101190476190477
"=HYPERLINK(""https://stackoverflow.com/a/29578247"", ""29578247"")",0.5320088300220751
"=HYPERLINK(""https://stackoverflow.com/a/29719735"", ""29719735"")",0.46644295302013417
"=HYPERLINK(""https://stackoverflow.com/a/30052022"", ""30052022"")",0.6735395189003437
"=HYPERLINK(""https://stackoverflow.com/a/30725976"", ""30725976"")",0.5510204081632653
"=HYPERLINK(""https://stackoverflow.com/a/30915774"", ""30915774"")",0.5691056910569107
"=HYPERLINK(""https://stackoverflow.com/a/31291281"", ""31291281"")",0.39035087719298245
"=HYPERLINK(""https://stackoverflow.com/a/31642407"", ""31642407"")",0.399789029535865
"=HYPERLINK(""https://stackoverflow.com/a/31657926"", ""31657926"")",0.6929057337220603
"=HYPERLINK(""https://stackoverflow.com/a/31880400"", ""31880400"")",0.5967741935483872
"=HYPERLINK(""https://stackoverflow.com/a/31999499"", ""31999499"")",0.6027131782945735
"=HYPERLINK(""https://stackoverflow.com/a/32703532"", ""32703532"")",0.7571189279731994
"=HYPERLINK(""https://stackoverflow.com/a/32762708"", ""32762708"")",0.682795698924731
"=HYPERLINK(""https://stackoverflow.com/a/32914323"", ""32914323"")",0.6019900497512439
"=HYPERLINK(""https://stackoverflow.com/a/33006711"", ""33006711"")",0.57429718875502
"=HYPERLINK(""https://stackoverflow.com/a/33547003"", ""33547003"")",0.4490500863557858
"=HYPERLINK(""https://stackoverflow.com/a/33985765"", ""33985765"")",0.4922394678492239
"=HYPERLINK(""https://stackoverflow.com/a/34054600"", ""34054600"")",0.5982142857142858
"=HYPERLINK(""https://stackoverflow.com/a/34326922"", ""34326922"")",0.7892156862745099
"=HYPERLINK(""https://stackoverflow.com/a/34537118"", ""34537118"")",0.521505376344086
"=HYPERLINK(""https://stackoverflow.com/a/34712272"", ""34712272"")",0.58203125
"=HYPERLINK(""https://stackoverflow.com/a/34888535"", ""34888535"")",0.5468509984639016
"=HYPERLINK(""https://stackoverflow.com/a/34931147"", ""34931147"")",0.6742424242424242
"=HYPERLINK(""https://stackoverflow.com/a/35170149"", ""35170149"")",0.6524122807017544
"=HYPERLINK(""https://stackoverflow.com/a/35414580"", ""35414580"")",0.2380952380952381
"=HYPERLINK(""https://stackoverflow.com/a/35679932"", ""35679932"")",0.5295950155763239
"=HYPERLINK(""https://stackoverflow.com/a/36000440"", ""36000440"")",0.6877637130801686
"=HYPERLINK(""https://stackoverflow.com/a/36024146"", ""36024146"")",0.5647382920110193
"=HYPERLINK(""https://stackoverflow.com/a/36060193"", ""36060193"")",0.3844086021505376
"=HYPERLINK(""https://stackoverflow.com/a/36408184"", ""36408184"")",0.3045977011494253
"=HYPERLINK(""https://stackoverflow.com/a/36772718"", ""36772718"")",0.744927536231884
"=HYPERLINK(""https://stackoverflow.com/a/36950208"", ""36950208"")",0.3505747126436781
"=HYPERLINK(""https://stackoverflow.com/a/36968954"", ""36968954"")",0.7834549878345499
"=HYPERLINK(""https://stackoverflow.com/a/37198119"", ""37198119"")",0.38666666666666666
"=HYPERLINK(""https://stackoverflow.com/a/37538120"", ""37538120"")",0.14035087719298242
"=HYPERLINK(""https://stackoverflow.com/a/37541187"", ""37541187"")",0.5100401606425703
"=HYPERLINK(""https://stackoverflow.com/a/37671274"", ""37671274"")",0.4627450980392157
"=HYPERLINK(""https://stackoverflow.com/a/37798836"", ""37798836"")",0.807511737089202
"=HYPERLINK(""https://stackoverflow.com/a/38174522"", ""38174522"")",0.3525641025641026
"=HYPERLINK(""https://stackoverflow.com/a/38718520"", ""38718520"")",0.5095541401273886
"=HYPERLINK(""https://stackoverflow.com/a/38796945"", ""38796945"")",0.45273631840796025
"=HYPERLINK(""https://stackoverflow.com/a/39046859"", ""39046859"")",0.4432624113475178
"=HYPERLINK(""https://stackoverflow.com/a/39213568"", ""39213568"")",0.6455862977602108
"=HYPERLINK(""https://stackoverflow.com/a/39315859"", ""39315859"")",0.4505971769815418
"=HYPERLINK(""https://stackoverflow.com/a/39379892"", ""39379892"")",0.8014184397163121
"=HYPERLINK(""https://stackoverflow.com/a/39512742"", ""39512742"")",0.6810897435897437
"=HYPERLINK(""https://stackoverflow.com/a/39718877"", ""39718877"")",0.46846846846846857
"=HYPERLINK(""https://stackoverflow.com/a/39788982"", ""39788982"")",0.44791666666666663
"=HYPERLINK(""https://stackoverflow.com/a/39794560"", ""39794560"")",0.6013745704467355
"=HYPERLINK(""https://stackoverflow.com/a/39982157"", ""39982157"")",0.6784660766961652
"=HYPERLINK(""https://stackoverflow.com/a/39989649"", ""39989649"")",0.6434108527131783
"=HYPERLINK(""https://stackoverflow.com/a/40009966"", ""40009966"")",0.28571428571428564
"=HYPERLINK(""https://stackoverflow.com/a/40186343"", ""40186343"")",0.2727272727272727
"=HYPERLINK(""https://stackoverflow.com/a/40213575"", ""40213575"")",0.816849816849817
"=HYPERLINK(""https://stackoverflow.com/a/40607464"", ""40607464"")",0.42786069651741293
"=HYPERLINK(""https://stackoverflow.com/a/40802277"", ""40802277"")",0.3525073746312684
"=HYPERLINK(""https://stackoverflow.com/a/40829547"", ""40829547"")",0.4260249554367201
"=HYPERLINK(""https://stackoverflow.com/a/40830464"", ""40830464"")",0.5098039215686275
"=HYPERLINK(""https://stackoverflow.com/a/40889226"", ""40889226"")",0.7228464419475655
"=HYPERLINK(""https://stackoverflow.com/a/41011154"", ""41011154"")",0.5134719014626635
"=HYPERLINK(""https://stackoverflow.com/a/41080275"", ""41080275"")",0.5448717948717949
"=HYPERLINK(""https://stackoverflow.com/a/41130885"", ""41130885"")",0.3702337023370234
"=HYPERLINK(""https://stackoverflow.com/a/41154010"", ""41154010"")",0.3991228070175438
"=HYPERLINK(""https://stackoverflow.com/a/41189593"", ""41189593"")",0.6091954022988505
"=HYPERLINK(""https://stackoverflow.com/a/41218546"", ""41218546"")",0.38345864661654144
"=HYPERLINK(""https://stackoverflow.com/a/41330164"", ""41330164"")",0.8571428571428572
"=HYPERLINK(""https://stackoverflow.com/a/41430002"", ""41430002"")",0.4615384615384616
"=HYPERLINK(""https://stackoverflow.com/a/41441578"", ""41441578"")",0.5725490196078433
"=HYPERLINK(""https://stackoverflow.com/a/41451124"", ""41451124"")",0.3865030674846626
"=HYPERLINK(""https://stackoverflow.com/a/42424493"", ""42424493"")",0.6080729166666666
"=HYPERLINK(""https://stackoverflow.com/a/42462403"", ""42462403"")",0.6948356807511737
"=HYPERLINK(""https://stackoverflow.com/a/42989785"", ""42989785"")",0.32338308457711445
"=HYPERLINK(""https://stackoverflow.com/a/43058363"", ""43058363"")",0.5072463768115942
"=HYPERLINK(""https://stackoverflow.com/a/43151950"", ""43151950"")",0.5265151515151515
"=HYPERLINK(""https://stackoverflow.com/a/43214809"", ""43214809"")",0.5191256830601093
"=HYPERLINK(""https://stackoverflow.com/a/43280865"", ""43280865"")",0.7150877192982455
"=HYPERLINK(""https://stackoverflow.com/a/43330288"", ""43330288"")",0.40789473684210525
"=HYPERLINK(""https://stackoverflow.com/a/43466852"", ""43466852"")",0.6719367588932806
"=HYPERLINK(""https://stackoverflow.com/a/43486561"", ""43486561"")",0.36206896551724144
"=HYPERLINK(""https://stackoverflow.com/a/43563619"", ""43563619"")",0.6838487972508593
"=HYPERLINK(""https://stackoverflow.com/a/43700476"", ""43700476"")",0.676470588235294
"=HYPERLINK(""https://stackoverflow.com/a/43750349"", ""43750349"")",0.6333333333333334
"=HYPERLINK(""https://stackoverflow.com/a/44030005"", ""44030005"")",0.4965986394557823
"=HYPERLINK(""https://stackoverflow.com/a/44138027"", ""44138027"")",0.45771144278606973
"=HYPERLINK(""https://stackoverflow.com/a/44379108"", ""44379108"")",0.4108527131782946
"=HYPERLINK(""https://stackoverflow.com/a/44559442"", ""44559442"")",0.5297619047619049
"=HYPERLINK(""https://stackoverflow.com/a/44639327"", ""44639327"")",0.19125683060109294
"=HYPERLINK(""https://stackoverflow.com/a/44726226"", ""44726226"")",0.37575757575757573
"=HYPERLINK(""https://stackoverflow.com/a/44771881"", ""44771881"")",0.5265392781316349
"=HYPERLINK(""https://stackoverflow.com/a/45024759"", ""45024759"")",0.45161290322580633
"=HYPERLINK(""https://stackoverflow.com/a/45040052"", ""45040052"")",0.2666666666666666
"=HYPERLINK(""https://stackoverflow.com/a/45065438"", ""45065438"")",0.4949053857350799
"=HYPERLINK(""https://stackoverflow.com/a/45107287"", ""45107287"")",0.5876777251184834
"=HYPERLINK(""https://stackoverflow.com/a/45205035"", ""45205035"")",0.24796747967479674
"=HYPERLINK(""https://stackoverflow.com/a/45206165"", ""45206165"")",0.33333333333333326
"=HYPERLINK(""https://stackoverflow.com/a/45259546"", ""45259546"")",0.4637681159420289
"=HYPERLINK(""https://stackoverflow.com/a/45332668"", ""45332668"")",0.5322580645161291
"=HYPERLINK(""https://stackoverflow.com/a/45420702"", ""45420702"")",0.7475728155339804
"=HYPERLINK(""https://stackoverflow.com/a/45426490"", ""45426490"")",0.43881856540084385
"=HYPERLINK(""https://stackoverflow.com/a/45442944"", ""45442944"")",0.7971014492753623
"=HYPERLINK(""https://stackoverflow.com/a/45456312"", ""45456312"")",0.700197238658777
"=HYPERLINK(""https://stackoverflow.com/a/45525905"", ""45525905"")",0.8021978021978022
"=HYPERLINK(""https://stackoverflow.com/a/45640350"", ""45640350"")",0.30303030303030304
"=HYPERLINK(""https://stackoverflow.com/a/45641157"", ""45641157"")",0.39285714285714285
"=HYPERLINK(""https://stackoverflow.com/a/45680550"", ""45680550"")",0.32838283828382836
"=HYPERLINK(""https://stackoverflow.com/a/45737424"", ""45737424"")",0.42753623188405787
"=HYPERLINK(""https://stackoverflow.com/a/45898600"", ""45898600"")",0.5833333333333334
"=HYPERLINK(""https://stackoverflow.com/a/46125952"", ""46125952"")",0.4666666666666668
"=HYPERLINK(""https://stackoverflow.com/a/46133533"", ""46133533"")",0.5295698924731183
"=HYPERLINK(""https://stackoverflow.com/a/46244232"", ""46244232"")",0.2743589743589744
"=HYPERLINK(""https://stackoverflow.com/a/46259618"", ""46259618"")",0.7454954954954954
"=HYPERLINK(""https://stackoverflow.com/a/46264371"", ""46264371"")",0.4558823529411767
"=HYPERLINK(""https://stackoverflow.com/a/46351059"", ""46351059"")",0.579113924050633
"=HYPERLINK(""https://stackoverflow.com/a/46535190"", ""46535190"")",0.44161358811040335
"=HYPERLINK(""https://stackoverflow.com/a/46655316"", ""46655316"")",0.7943722943722945
"=HYPERLINK(""https://stackoverflow.com/a/46718742"", ""46718742"")",0.3397435897435898
"=HYPERLINK(""https://stackoverflow.com/a/46812526"", ""46812526"")",0.2835820895522388
"=HYPERLINK(""https://stackoverflow.com/a/46979310"", ""46979310"")",0.16666666666666666
"=HYPERLINK(""https://stackoverflow.com/a/47192160"", ""47192160"")",0.48958333333333337
"=HYPERLINK(""https://stackoverflow.com/a/47244443"", ""47244443"")",0.5074626865671643
"=HYPERLINK(""https://stackoverflow.com/a/47275509"", ""47275509"")",0.5063613231552162
"=HYPERLINK(""https://stackoverflow.com/a/47494667"", ""47494667"")",0.568452380952381
"=HYPERLINK(""https://stackoverflow.com/a/47809126"", ""47809126"")",0.4562500000000001
"=HYPERLINK(""https://stackoverflow.com/a/47897313"", ""47897313"")",0.3627992633517496
"=HYPERLINK(""https://stackoverflow.com/a/47992561"", ""47992561"")",0.6048387096774193
"=HYPERLINK(""https://stackoverflow.com/a/48216661"", ""48216661"")",0.43119266055045885
"=HYPERLINK(""https://stackoverflow.com/a/48309526"", ""48309526"")",0.4
"=HYPERLINK(""https://stackoverflow.com/a/48330650"", ""48330650"")",0.5271565495207667
"=HYPERLINK(""https://stackoverflow.com/a/48392216"", ""48392216"")",0.5177304964539008
"=HYPERLINK(""https://stackoverflow.com/a/48444297"", ""48444297"")",0.43392504930966463
"=HYPERLINK(""https://stackoverflow.com/a/48529248"", ""48529248"")",0.8798076923076923
"=HYPERLINK(""https://stackoverflow.com/a/48569670"", ""48569670"")",0.3333333333333333
"=HYPERLINK(""https://stackoverflow.com/a/48629022"", ""48629022"")",0.3975535168195719
"=HYPERLINK(""https://stackoverflow.com/a/48670536"", ""48670536"")",0.6397849462365591
"=HYPERLINK(""https://stackoverflow.com/a/48675837"", ""48675837"")",0.3180894308943089
"=HYPERLINK(""https://stackoverflow.com/a/48676565"", ""48676565"")",0.45045045045045046
"=HYPERLINK(""https://stackoverflow.com/a/48712462"", ""48712462"")",0.7247706422018347
"=HYPERLINK(""https://stackoverflow.com/a/48714686"", ""48714686"")",0.19298245614035087
"=HYPERLINK(""https://stackoverflow.com/a/48832161"", ""48832161"")",0.27656477438136823
"=HYPERLINK(""https://stackoverflow.com/a/48914199"", ""48914199"")",0.4488188976377953
"=HYPERLINK(""https://stackoverflow.com/a/48918257"", ""48918257"")",0.5339652448657187
"=HYPERLINK(""https://stackoverflow.com/a/48961203"", ""48961203"")",0.3002207505518764
"=HYPERLINK(""https://stackoverflow.com/a/49015696"", ""49015696"")",0.6038095238095238
"=HYPERLINK(""https://stackoverflow.com/a/49051723"", ""49051723"")",0.7003745318352058
"=HYPERLINK(""https://stackoverflow.com/a/49226703"", ""49226703"")",0.4149659863945578
"=HYPERLINK(""https://stackoverflow.com/a/49330603"", ""49330603"")",0.5440251572327044
"=HYPERLINK(""https://stackoverflow.com/a/49397294"", ""49397294"")",0.363095238095238
"=HYPERLINK(""https://stackoverflow.com/a/49496520"", ""49496520"")",0.4885679903730445
"=HYPERLINK(""https://stackoverflow.com/a/49819199"", ""49819199"")",0.4606060606060605
"=HYPERLINK(""https://stackoverflow.com/a/49871425"", ""49871425"")",0.3902439024390244
"=HYPERLINK(""https://stackoverflow.com/a/49980598"", ""49980598"")",0.4431372549019608
"=HYPERLINK(""https://stackoverflow.com/a/49988208"", ""49988208"")",0.5845896147403685
"=HYPERLINK(""https://stackoverflow.com/a/50033658"", ""50033658"")",0.6113116726835138
"=HYPERLINK(""https://stackoverflow.com/a/50401234"", ""50401234"")",0.30952380952380953
"=HYPERLINK(""https://stackoverflow.com/a/50606412"", ""50606412"")",0.3916666666666667
"=HYPERLINK(""https://stackoverflow.com/a/50744752"", ""50744752"")",0.7215189873417721
"=HYPERLINK(""https://stackoverflow.com/a/50803623"", ""50803623"")",0.6026490066225165
"=HYPERLINK(""https://stackoverflow.com/a/50963304"", ""50963304"")",0.6486486486486488
"=HYPERLINK(""https://stackoverflow.com/a/50969577"", ""50969577"")",0.20238095238095236
"=HYPERLINK(""https://stackoverflow.com/a/51112485"", ""51112485"")",0.479028697571744
"=HYPERLINK(""https://stackoverflow.com/a/51408256"", ""51408256"")",0.4149888143176735
"=HYPERLINK(""https://stackoverflow.com/a/51423325"", ""51423325"")",0.5649789029535864
"=HYPERLINK(""https://stackoverflow.com/a/51460571"", ""51460571"")",0.3289183222958058
"=HYPERLINK(""https://stackoverflow.com/a/51475927"", ""51475927"")",0.463917525773196
"=HYPERLINK(""https://stackoverflow.com/a/51622468"", ""51622468"")",0.4275862068965518
"=HYPERLINK(""https://stackoverflow.com/a/51622533"", ""51622533"")",0.5107033639143731
"=HYPERLINK(""https://stackoverflow.com/a/51641210"", ""51641210"")",0.5676190476190477
"=HYPERLINK(""https://stackoverflow.com/a/51655970"", ""51655970"")",0.35261707988980723
"=HYPERLINK(""https://stackoverflow.com/a/51681890"", ""51681890"")",0.3989501312335958
"=HYPERLINK(""https://stackoverflow.com/a/51688797"", ""51688797"")",0.5787545787545789
"=HYPERLINK(""https://stackoverflow.com/a/51789673"", ""51789673"")",0.6207951070336392
"=HYPERLINK(""https://stackoverflow.com/a/51851577"", ""51851577"")",0.32051282051282054
"=HYPERLINK(""https://stackoverflow.com/a/51863524"", ""51863524"")",0.6877637130801688
"=HYPERLINK(""https://stackoverflow.com/a/51876598"", ""51876598"")",0.2786885245901639
"=HYPERLINK(""https://stackoverflow.com/a/51995882"", ""51995882"")",0.29508196721311475
"=HYPERLINK(""https://stackoverflow.com/a/52003888"", ""52003888"")",0.5821138211382113
"=HYPERLINK(""https://stackoverflow.com/a/52008637"", ""52008637"")",0.308259587020649
"=HYPERLINK(""https://stackoverflow.com/a/52066669"", ""52066669"")",0.27678571428571425
"=HYPERLINK(""https://stackoverflow.com/a/52212217"", ""52212217"")",0.36333333333333323
"=HYPERLINK(""https://stackoverflow.com/a/52261250"", ""52261250"")",0.6140350877192983
"=HYPERLINK(""https://stackoverflow.com/a/52284087"", ""52284087"")",0.5606060606060608
"=HYPERLINK(""https://stackoverflow.com/a/52309295"", ""52309295"")",0.9032258064516128
"=HYPERLINK(""https://stackoverflow.com/a/52316007"", ""52316007"")",0.49462365591397844
"=HYPERLINK(""https://stackoverflow.com/a/52454581"", ""52454581"")",0.5157657657657658
"=HYPERLINK(""https://stackoverflow.com/a/52486874"", ""52486874"")",0.5849227974568574
"=HYPERLINK(""https://stackoverflow.com/a/52588553"", ""52588553"")",0.24242424242424246
"=HYPERLINK(""https://stackoverflow.com/a/52656689"", ""52656689"")",0.8675675675675676
"=HYPERLINK(""https://stackoverflow.com/a/52662907"", ""52662907"")",0.46768707482993205
"=HYPERLINK(""https://stackoverflow.com/a/52669983"", ""52669983"")",0.3871794871794872
"=HYPERLINK(""https://stackoverflow.com/a/52748079"", ""52748079"")",0.5690021231422505
"=HYPERLINK(""https://stackoverflow.com/a/52749348"", ""52749348"")",0.7044025157232704
"=HYPERLINK(""https://stackoverflow.com/a/52840362"", ""52840362"")",0.1875
"=HYPERLINK(""https://stackoverflow.com/a/52988709"", ""52988709"")",0.780068728522337
"=HYPERLINK(""https://stackoverflow.com/a/53105960"", ""53105960"")",0.48550724637681153
"=HYPERLINK(""https://stackoverflow.com/a/53219910"", ""53219910"")",0.22916666666666666
"=HYPERLINK(""https://stackoverflow.com/a/53553974"", ""53553974"")",0.8446969696969696
"=HYPERLINK(""https://stackoverflow.com/a/53580074"", ""53580074"")",0.6705882352941177
"=HYPERLINK(""https://stackoverflow.com/a/53618422"", ""53618422"")",0.487603305785124
"=HYPERLINK(""https://stackoverflow.com/a/53621603"", ""53621603"")",0.5961538461538463
"=HYPERLINK(""https://stackoverflow.com/a/53656670"", ""53656670"")",0.8293333333333331
"=HYPERLINK(""https://stackoverflow.com/a/53657441"", ""53657441"")",0.44961240310077527
"=HYPERLINK(""https://stackoverflow.com/a/53674427"", ""53674427"")",0.4285714285714286
"=HYPERLINK(""https://stackoverflow.com/a/53777873"", ""53777873"")",0.4313725490196079
"=HYPERLINK(""https://stackoverflow.com/a/53788246"", ""53788246"")",0.8609523809523809
"=HYPERLINK(""https://stackoverflow.com/a/53981312"", ""53981312"")",0.4839357429718877
"=HYPERLINK(""https://stackoverflow.com/a/53991549"", ""53991549"")",0.41666666666666674
"=HYPERLINK(""https://stackoverflow.com/a/54007462"", ""54007462"")",0.5315315315315315
"=HYPERLINK(""https://stackoverflow.com/a/54020876"", ""54020876"")",0.7074829931972789
"=HYPERLINK(""https://stackoverflow.com/a/54025631"", ""54025631"")",0.6102941176470589
"=HYPERLINK(""https://stackoverflow.com/a/54241945"", ""54241945"")",0.4490358126721763
"=HYPERLINK(""https://stackoverflow.com/a/54252586"", ""54252586"")",0.7708333333333335
"=HYPERLINK(""https://stackoverflow.com/a/54266744"", ""54266744"")",0.4942196531791907
"=HYPERLINK(""https://stackoverflow.com/a/54338620"", ""54338620"")",0.6687898089171974
"=HYPERLINK(""https://stackoverflow.com/a/54480499"", ""54480499"")",0.6554621848739496
"=HYPERLINK(""https://stackoverflow.com/a/54488902"", ""54488902"")",0.71654501216545
"=HYPERLINK(""https://stackoverflow.com/a/54496601"", ""54496601"")",0.5230769230769231
"=HYPERLINK(""https://stackoverflow.com/a/54520657"", ""54520657"")",0.46177370030581044
"=HYPERLINK(""https://stackoverflow.com/a/54564379"", ""54564379"")",0.4774774774774774
"=HYPERLINK(""https://stackoverflow.com/a/54581250"", ""54581250"")",0.4274193548387097
"=HYPERLINK(""https://stackoverflow.com/a/54601791"", ""54601791"")",0.5562632696390658
"=HYPERLINK(""https://stackoverflow.com/a/54651759"", ""54651759"")",0.46421267893660534
"=HYPERLINK(""https://stackoverflow.com/a/54777321"", ""54777321"")",0.46365914786967416
"=HYPERLINK(""https://stackoverflow.com/a/54795667"", ""54795667"")",0.6625310173697271
"=HYPERLINK(""https://stackoverflow.com/a/54859079"", ""54859079"")",0.5714285714285716
"=HYPERLINK(""https://stackoverflow.com/a/54872046"", ""54872046"")",0.2076502732240437
"=HYPERLINK(""https://stackoverflow.com/a/54907711"", ""54907711"")",0.3412384716732542
"=HYPERLINK(""https://stackoverflow.com/a/54915841"", ""54915841"")",0.46942800788954625
"=HYPERLINK(""https://stackoverflow.com/a/55000205"", ""55000205"")",0.4684684684684685
"=HYPERLINK(""https://stackoverflow.com/a/55079991"", ""55079991"")",0.3188405797101449
"=HYPERLINK(""https://stackoverflow.com/a/55083154"", ""55083154"")",0.5157657657657658
"=HYPERLINK(""https://stackoverflow.com/a/55359757"", ""55359757"")",0.5804597701149423
"=HYPERLINK(""https://stackoverflow.com/a/55422743"", ""55422743"")",0.4635854341736695
"=HYPERLINK(""https://stackoverflow.com/a/55637650"", ""55637650"")",0.380952380952381
"=HYPERLINK(""https://stackoverflow.com/a/55645688"", ""55645688"")",0.27692307692307694
"=HYPERLINK(""https://stackoverflow.com/a/55731468"", ""55731468"")",0.27058823529411763
"=HYPERLINK(""https://stackoverflow.com/a/55751434"", ""55751434"")",0.4011299435028249
"=HYPERLINK(""https://stackoverflow.com/a/55768045"", ""55768045"")",0.8014184397163119
"=HYPERLINK(""https://stackoverflow.com/a/55856332"", ""55856332"")",0.4178187403993856
"=HYPERLINK(""https://stackoverflow.com/a/56047978"", ""56047978"")",0.3937500000000001
"=HYPERLINK(""https://stackoverflow.com/a/56090820"", ""56090820"")",0.48118279569892464
"=HYPERLINK(""https://stackoverflow.com/a/56156078"", ""56156078"")",0.5496453900709221
"=HYPERLINK(""https://stackoverflow.com/a/56226089"", ""56226089"")",0.3622047244094488
"=HYPERLINK(""https://stackoverflow.com/a/56306038"", ""56306038"")",0.40476190476190477
"=HYPERLINK(""https://stackoverflow.com/a/56358795"", ""56358795"")",0.6510416666666666
"=HYPERLINK(""https://stackoverflow.com/a/56490724"", ""56490724"")",0.3967871485943774
"=HYPERLINK(""https://stackoverflow.com/a/56490951"", ""56490951"")",0.44647201946472015
"=HYPERLINK(""https://stackoverflow.com/a/56852289"", ""56852289"")",0.6361974405850092
"=HYPERLINK(""https://stackoverflow.com/a/56956107"", ""56956107"")",0.6141078838174274
"=HYPERLINK(""https://stackoverflow.com/a/56956600"", ""56956600"")",0.6173913043478261
"=HYPERLINK(""https://stackoverflow.com/a/57056183"", ""57056183"")",0.4053601340033502
"=HYPERLINK(""https://stackoverflow.com/a/57243397"", ""57243397"")",0.6286919831223629
"=HYPERLINK(""https://stackoverflow.com/a/57273227"", ""57273227"")",0.24806201550387597
"=HYPERLINK(""https://stackoverflow.com/a/57366905"", ""57366905"")",0.38700564971751417
"=HYPERLINK(""https://stackoverflow.com/a/57371020"", ""57371020"")",0.29655172413793107
"=HYPERLINK(""https://stackoverflow.com/a/57417655"", ""57417655"")",0.375796178343949
"=HYPERLINK(""https://stackoverflow.com/a/57575551"", ""57575551"")",0.2235294117647059
"=HYPERLINK(""https://stackoverflow.com/a/57763395"", ""57763395"")",0.6539278131634819
"=HYPERLINK(""https://stackoverflow.com/a/57777010"", ""57777010"")",0.544943820224719
"=HYPERLINK(""https://stackoverflow.com/a/57877753"", ""57877753"")",0.561181434599156
"=HYPERLINK(""https://stackoverflow.com/a/57998576"", ""57998576"")",0.5272727272727272
"=HYPERLINK(""https://stackoverflow.com/a/57998887"", ""57998887"")",0.23999999999999994
"=HYPERLINK(""https://stackoverflow.com/a/58559910"", ""58559910"")",0.4221105527638191
"=HYPERLINK(""https://stackoverflow.com/a/58569093"", ""58569093"")",0.8198924731182795
"=HYPERLINK(""https://stackoverflow.com/a/58596553"", ""58596553"")",0.3945578231292517
"=HYPERLINK(""https://stackoverflow.com/a/58615548"", ""58615548"")",0.2753623188405797
"=HYPERLINK(""https://stackoverflow.com/a/58631479"", ""58631479"")",0.8963730569948186
"=HYPERLINK(""https://stackoverflow.com/a/58721127"", ""58721127"")",0.6909090909090909
"=HYPERLINK(""https://stackoverflow.com/a/58736635"", ""58736635"")",0.5161904761904763
"=HYPERLINK(""https://stackoverflow.com/a/58749320"", ""58749320"")",0.47484276729559743
"=HYPERLINK(""https://stackoverflow.com/a/58782583"", ""58782583"")",0.6987179487179488
"=HYPERLINK(""https://stackoverflow.com/a/58857360"", ""58857360"")",0.44910941475826965
"=HYPERLINK(""https://stackoverflow.com/a/59213483"", ""59213483"")",0.31621349446122865
"=HYPERLINK(""https://stackoverflow.com/a/59366423"", ""59366423"")",0.9350877192982455
"=HYPERLINK(""https://stackoverflow.com/a/59384246"", ""59384246"")",0.6645435244161358
"=HYPERLINK(""https://stackoverflow.com/a/59423528"", ""59423528"")",0.2450980392156863
"=HYPERLINK(""https://stackoverflow.com/a/59610288"", ""59610288"")",0.6017316017316017
"=HYPERLINK(""https://stackoverflow.com/a/59639145"", ""59639145"")",0.381294964028777
"=HYPERLINK(""https://stackoverflow.com/a/60237223"", ""60237223"")",0.5442176870748298
"=HYPERLINK(""https://stackoverflow.com/a/60310261"", ""60310261"")",0.5449275362318841
"=HYPERLINK(""https://stackoverflow.com/a/60490781"", ""60490781"")",0.4371069182389937
"=HYPERLINK(""https://stackoverflow.com/a/60491304"", ""60491304"")",0.7402862985685071
"=HYPERLINK(""https://stackoverflow.com/a/60628923"", ""60628923"")",0.2941176470588235
"=HYPERLINK(""https://stackoverflow.com/a/60945337"", ""60945337"")",0.7172995780590716
"=HYPERLINK(""https://stackoverflow.com/a/60968745"", ""60968745"")",0.34364261168384885
"=HYPERLINK(""https://stackoverflow.com/a/61002640"", ""61002640"")",0.6046901172529313
"=HYPERLINK(""https://stackoverflow.com/a/61164609"", ""61164609"")",0.8129770992366411
"=HYPERLINK(""https://stackoverflow.com/a/61193852"", ""61193852"")",0.28048780487804875
"=HYPERLINK(""https://stackoverflow.com/a/61259182"", ""61259182"")",0.5251141552511416
"=HYPERLINK(""https://stackoverflow.com/a/61302755"", ""61302755"")",0.5789473684210527
"=HYPERLINK(""https://stackoverflow.com/a/61598874"", ""61598874"")",0.5490196078431373
"=HYPERLINK(""https://stackoverflow.com/a/61764153"", ""61764153"")",0.47422680412371143
"=HYPERLINK(""https://stackoverflow.com/a/61766740"", ""61766740"")",0.6197916666666666
"=HYPERLINK(""https://stackoverflow.com/a/61810353"", ""61810353"")",0.39890710382513656
"=HYPERLINK(""https://stackoverflow.com/a/61998211"", ""61998211"")",0.3498622589531681
"=HYPERLINK(""https://stackoverflow.com/a/62092889"", ""62092889"")",0.2585034013605442
"=HYPERLINK(""https://stackoverflow.com/a/62247186"", ""62247186"")",0.40392156862745104
"=HYPERLINK(""https://stackoverflow.com/a/62277592"", ""62277592"")",0.8816568047337277
"=HYPERLINK(""https://stackoverflow.com/a/62450652"", ""62450652"")",0.4275362318840579
"=HYPERLINK(""https://stackoverflow.com/a/62474189"", ""62474189"")",0.8740157480314961
"=HYPERLINK(""https://stackoverflow.com/a/62481514"", ""62481514"")",0.2298850574712644
"=HYPERLINK(""https://stackoverflow.com/a/62493006"", ""62493006"")",0.3547400611620795
"=HYPERLINK(""https://stackoverflow.com/a/62719746"", ""62719746"")",0.2565597667638484
"=HYPERLINK(""https://stackoverflow.com/a/62750891"", ""62750891"")",0.3136094674556213
"=HYPERLINK(""https://stackoverflow.com/a/62760154"", ""62760154"")",0.6511627906976745
"=HYPERLINK(""https://stackoverflow.com/a/62901468"", ""62901468"")",0.16666666666666669
"=HYPERLINK(""https://stackoverflow.com/a/62945264"", ""62945264"")",0.5384615384615387
"=HYPERLINK(""https://stackoverflow.com/a/62973353"", ""62973353"")",0.4605263157894738
"=HYPERLINK(""https://stackoverflow.com/a/63134065"", ""63134065"")",0.30655586334256696
"=HYPERLINK(""https://stackoverflow.com/a/63164270"", ""63164270"")",0.5091575091575093
"=HYPERLINK(""https://stackoverflow.com/a/63230841"", ""63230841"")",0.5597826086956521
"=HYPERLINK(""https://stackoverflow.com/a/63446076"", ""63446076"")",0.6096491228070176
"=HYPERLINK(""https://stackoverflow.com/a/63453287"", ""63453287"")",0.4398625429553266
"=HYPERLINK(""https://stackoverflow.com/a/63600226"", ""63600226"")",0.4642857142857143
"=HYPERLINK(""https://stackoverflow.com/a/63662507"", ""63662507"")",0.661268556005398
"=HYPERLINK(""https://stackoverflow.com/a/63818253"", ""63818253"")",0.34364261168384885
"=HYPERLINK(""https://stackoverflow.com/a/63903731"", ""63903731"")",0.4588938714499252
"=HYPERLINK(""https://stackoverflow.com/a/63905643"", ""63905643"")",0.6931567328918321
"=HYPERLINK(""https://stackoverflow.com/a/63982289"", ""63982289"")",0.45390070921985815
"=HYPERLINK(""https://stackoverflow.com/a/64034083"", ""64034083"")",0.6639209225700164
"=HYPERLINK(""https://stackoverflow.com/a/64041147"", ""64041147"")",0.22549019607843138
"=HYPERLINK(""https://stackoverflow.com/a/64057390"", ""64057390"")",0.713245997088792
"=HYPERLINK(""https://stackoverflow.com/a/64274166"", ""64274166"")",0.5429362880886427
"=HYPERLINK(""https://stackoverflow.com/a/64501464"", ""64501464"")",0.5510204081632653
"=HYPERLINK(""https://stackoverflow.com/a/65031938"", ""65031938"")",0.26282051282051283
"=HYPERLINK(""https://stackoverflow.com/a/65263630"", ""65263630"")",0.5601374570446737
"=HYPERLINK(""https://stackoverflow.com/a/65588226"", ""65588226"")",0.4083333333333334
"=HYPERLINK(""https://stackoverflow.com/a/65589691"", ""65589691"")",0.26027397260273977
"=HYPERLINK(""https://stackoverflow.com/a/65675799"", ""65675799"")",0.4031007751937985
"=HYPERLINK(""https://stackoverflow.com/a/65679767"", ""65679767"")",0.6238532110091745
"=HYPERLINK(""https://stackoverflow.com/a/65869323"", ""65869323"")",0.45695364238410613
"=HYPERLINK(""https://stackoverflow.com/a/65890202"", ""65890202"")",0.3214285714285714
"=HYPERLINK(""https://stackoverflow.com/a/65902110"", ""65902110"")",0.700693131695022
"=HYPERLINK(""https://stackoverflow.com/a/66167538"", ""66167538"")",0.4146981627296588
"=HYPERLINK(""https://stackoverflow.com/a/66311564"", ""66311564"")",0.3953098827470687
"=HYPERLINK(""https://stackoverflow.com/a/66325195"", ""66325195"")",0.4057971014492754
"=HYPERLINK(""https://stackoverflow.com/a/66665277"", ""66665277"")",0.49180327868852447
"=HYPERLINK(""https://stackoverflow.com/a/66819462"", ""66819462"")",0.3130755064456722
"=HYPERLINK(""https://stackoverflow.com/a/66821410"", ""66821410"")",0.81651376146789
"=HYPERLINK(""https://stackoverflow.com/a/66966786"", ""66966786"")",0.5872193436960277
"=HYPERLINK(""https://stackoverflow.com/a/66979694"", ""66979694"")",0.44812362030905073
"=HYPERLINK(""https://stackoverflow.com/a/67026224"", ""67026224"")",0.3684210526315789
"=HYPERLINK(""https://stackoverflow.com/a/67084576"", ""67084576"")",0.34951456310679613
"=HYPERLINK(""https://stackoverflow.com/a/67184181"", ""67184181"")",0.17857142857142855
"=HYPERLINK(""https://stackoverflow.com/a/67217000"", ""67217000"")",0.35313531353135313
"=HYPERLINK(""https://stackoverflow.com/a/67495019"", ""67495019"")",0.48062015503875977
"=HYPERLINK(""https://stackoverflow.com/a/67555054"", ""67555054"")",0.7318295739348372
"=HYPERLINK(""https://stackoverflow.com/a/67622404"", ""67622404"")",0.29054054054054057
"=HYPERLINK(""https://stackoverflow.com/a/67648035"", ""67648035"")",0.6666666666666667
"=HYPERLINK(""https://stackoverflow.com/a/67661336"", ""67661336"")",0.3333333333333333
"=HYPERLINK(""https://stackoverflow.com/a/67725424"", ""67725424"")",0.8078431372549021
"=HYPERLINK(""https://stackoverflow.com/a/67757689"", ""67757689"")",0.3140495867768595
"=HYPERLINK(""https://stackoverflow.com/a/67817409"", ""67817409"")",0.4859813084112149
"=HYPERLINK(""https://stackoverflow.com/a/67863589"", ""67863589"")",0.3333333333333332
"=HYPERLINK(""https://stackoverflow.com/a/67866737"", ""67866737"")",0.6162601626016261
"=HYPERLINK(""https://stackoverflow.com/a/68152897"", ""68152897"")",0.7028985507246377
"=HYPERLINK(""https://stackoverflow.com/a/68507816"", ""68507816"")",0.3238095238095238
"=HYPERLINK(""https://stackoverflow.com/a/68710729"", ""68710729"")",0.31428571428571433
"=HYPERLINK(""https://stackoverflow.com/a/68813587"", ""68813587"")",0.5024875621890549
"=HYPERLINK(""https://stackoverflow.com/a/68821930"", ""68821930"")",0.5294117647058825
"=HYPERLINK(""https://stackoverflow.com/a/69051070"", ""69051070"")",0.32420091324200906
"=HYPERLINK(""https://stackoverflow.com/a/69170839"", ""69170839"")",0.4158075601374572
"=HYPERLINK(""https://stackoverflow.com/a/69218787"", ""69218787"")",0.5454545454545455
"=HYPERLINK(""https://stackoverflow.com/a/69219293"", ""69219293"")",0.30183727034120744
"=HYPERLINK(""https://stackoverflow.com/a/69286774"", ""69286774"")",0.6098484848484848
"=HYPERLINK(""https://stackoverflow.com/a/69364167"", ""69364167"")",0.7468879668049794
"=HYPERLINK(""https://stackoverflow.com/a/69367697"", ""69367697"")",0.5172413793103448
"=HYPERLINK(""https://stackoverflow.com/a/69702328"", ""69702328"")",0.5621301775147929
"=HYPERLINK(""https://stackoverflow.com/a/69889859"", ""69889859"")",0.2492307692307692
"=HYPERLINK(""https://stackoverflow.com/a/70076102"", ""70076102"")",0.17647058823529413
"=HYPERLINK(""https://stackoverflow.com/a/70160158"", ""70160158"")",0.25333333333333324
"=HYPERLINK(""https://stackoverflow.com/a/70197876"", ""70197876"")",0.4474885844748858
"=HYPERLINK(""https://stackoverflow.com/a/70352941"", ""70352941"")",0.263681592039801
"=HYPERLINK(""https://stackoverflow.com/a/70565424"", ""70565424"")",0.6020408163265306
"=HYPERLINK(""https://stackoverflow.com/a/70609024"", ""70609024"")",0.340686274509804
"=HYPERLINK(""https://stackoverflow.com/a/70751394"", ""70751394"")",0.30459770114942525
"=HYPERLINK(""https://stackoverflow.com/a/71069800"", ""71069800"")",0.497716894977169
"=HYPERLINK(""https://stackoverflow.com/a/71150717"", ""71150717"")",0.3278688524590163
"=HYPERLINK(""https://stackoverflow.com/a/71150782"", ""71150782"")",0.2723577235772357
"=HYPERLINK(""https://stackoverflow.com/a/71223999"", ""71223999"")",0.5890410958904109
"=HYPERLINK(""https://stackoverflow.com/a/71297635"", ""71297635"")",0.70902394106814
"=HYPERLINK(""https://stackoverflow.com/a/71705659"", ""71705659"")",0.6690647482014388
"=HYPERLINK(""https://stackoverflow.com/a/71735994"", ""71735994"")",0.4822695035460994
"=HYPERLINK(""https://stackoverflow.com/a/71741875"", ""71741875"")",0.6716417910447763
"=HYPERLINK(""https://stackoverflow.com/a/71993637"", ""71993637"")",0.27322404371584696
"=HYPERLINK(""https://stackoverflow.com/a/72014048"", ""72014048"")",0.5151515151515151
"=HYPERLINK(""https://stackoverflow.com/a/72020941"", ""72020941"")",0.5780141843971631
"=HYPERLINK(""https://stackoverflow.com/a/72099329"", ""72099329"")",0.5662100456621004
"=HYPERLINK(""https://stackoverflow.com/a/72107271"", ""72107271"")",0.41293532338308464
"=HYPERLINK(""https://stackoverflow.com/a/72293089"", ""72293089"")",0.8475033738191632
"=HYPERLINK(""https://stackoverflow.com/a/72352330"", ""72352330"")",0.2280701754385965
