link,Correlation
"=HYPERLINK(""https://stackoverflow.com/a/16566123"", ""16566123"")",0.06666666666666665
"=HYPERLINK(""https://stackoverflow.com/a/19734662"", ""19734662"")",0.06666666666666665
"=HYPERLINK(""https://stackoverflow.com/a/20642338"", ""20642338"")",0.06666666666666665
"=HYPERLINK(""https://stackoverflow.com/a/23554222"", ""23554222"")",0.3307086614173229
"=HYPERLINK(""https://stackoverflow.com/a/26226283"", ""26226283"")",0.21052631578947367
"=HYPERLINK(""https://stackoverflow.com/a/28844298"", ""28844298"")",0.6602564102564104
"=HYPERLINK(""https://stackoverflow.com/a/29177096"", ""29177096"")",0.06666666666666665
"=HYPERLINK(""https://stackoverflow.com/a/29781576"", ""29781576"")",0.28855721393034833
"=HYPERLINK(""https://stackoverflow.com/a/30237070"", ""30237070"")",0.23076923076923084
"=HYPERLINK(""https://stackoverflow.com/a/30268859"", ""30268859"")",0.7478260869565218
"=HYPERLINK(""https://stackoverflow.com/a/30495978"", ""30495978"")",0.32758620689655166
"=HYPERLINK(""https://stackoverflow.com/a/31664268"", ""31664268"")",0.3333333333333333
"=HYPERLINK(""https://stackoverflow.com/a/31858425"", ""31858425"")",0.37672583826429973
"=HYPERLINK(""https://stackoverflow.com/a/32252449"", ""32252449"")",0.47058823529411764
"=HYPERLINK(""https://stackoverflow.com/a/32881679"", ""32881679"")",0.06666666666666665
"=HYPERLINK(""https://stackoverflow.com/a/32974719"", ""32974719"")",0.6734693877551018
"=HYPERLINK(""https://stackoverflow.com/a/33804265"", ""33804265"")",0.4465408805031447
"=HYPERLINK(""https://stackoverflow.com/a/33867833"", ""33867833"")",0.23628691983122366
"=HYPERLINK(""https://stackoverflow.com/a/33917558"", ""33917558"")",0.4036697247706422
"=HYPERLINK(""https://stackoverflow.com/a/34005075"", ""34005075"")",0.37634408602150526
"=HYPERLINK(""https://stackoverflow.com/a/34325425"", ""34325425"")",0.4885844748858447
"=HYPERLINK(""https://stackoverflow.com/a/34328911"", ""34328911"")",0.3333333333333334
"=HYPERLINK(""https://stackoverflow.com/a/34545225"", ""34545225"")",0.4833333333333334
"=HYPERLINK(""https://stackoverflow.com/a/34673140"", ""34673140"")",0.2801724137931035
"=HYPERLINK(""https://stackoverflow.com/a/35327300"", ""35327300"")",0.38971499380421315
"=HYPERLINK(""https://stackoverflow.com/a/35566273"", ""35566273"")",0.5757575757575758
"=HYPERLINK(""https://stackoverflow.com/a/35765912"", ""35765912"")",0.6854460093896715
"=HYPERLINK(""https://stackoverflow.com/a/35871511"", ""35871511"")",0.63921568627451
"=HYPERLINK(""https://stackoverflow.com/a/36132435"", ""36132435"")",0.5708333333333333
"=HYPERLINK(""https://stackoverflow.com/a/36178693"", ""36178693"")",0.5542406311637079
"=HYPERLINK(""https://stackoverflow.com/a/36183493"", ""36183493"")",0.6994047619047621
"=HYPERLINK(""https://stackoverflow.com/a/36212869"", ""36212869"")",0.292517006802721
"=HYPERLINK(""https://stackoverflow.com/a/36250327"", ""36250327"")",0.4715447154471545
"=HYPERLINK(""https://stackoverflow.com/a/36485746"", ""36485746"")",0.5782312925170067
"=HYPERLINK(""https://stackoverflow.com/a/36563933"", ""36563933"")",0.33333333333333326
"=HYPERLINK(""https://stackoverflow.com/a/36816601"", ""36816601"")",0.634703196347032
"=HYPERLINK(""https://stackoverflow.com/a/36820022"", ""36820022"")",0.37333333333333335
"=HYPERLINK(""https://stackoverflow.com/a/37003425"", ""37003425"")",0.3333333333333334
"=HYPERLINK(""https://stackoverflow.com/a/37212991"", ""37212991"")",0.5421245421245423
"=HYPERLINK(""https://stackoverflow.com/a/37228199"", ""37228199"")",0.7183908045977011
"=HYPERLINK(""https://stackoverflow.com/a/37255927"", ""37255927"")",0.6811594202898549
"=HYPERLINK(""https://stackoverflow.com/a/37511658"", ""37511658"")",0.45535714285714285
"=HYPERLINK(""https://stackoverflow.com/a/37552793"", ""37552793"")",0.6116207951070336
"=HYPERLINK(""https://stackoverflow.com/a/37968630"", ""37968630"")",0.42604856512141276
"=HYPERLINK(""https://stackoverflow.com/a/38041388"", ""38041388"")",0.3787878787878786
"=HYPERLINK(""https://stackoverflow.com/a/38046577"", ""38046577"")",0.5433333333333333
"=HYPERLINK(""https://stackoverflow.com/a/38060560"", ""38060560"")",0.5333333333333334
"=HYPERLINK(""https://stackoverflow.com/a/38115484"", ""38115484"")",0.38095238095238093
"=HYPERLINK(""https://stackoverflow.com/a/38121201"", ""38121201"")",0.387550200803213
"=HYPERLINK(""https://stackoverflow.com/a/38290105"", ""38290105"")",0.3880597014925374
"=HYPERLINK(""https://stackoverflow.com/a/38583669"", ""38583669"")",0.5759803921568628
"=HYPERLINK(""https://stackoverflow.com/a/38607238"", ""38607238"")",0.589041095890411
"=HYPERLINK(""https://stackoverflow.com/a/39289918"", ""39289918"")",0.5265151515151515
"=HYPERLINK(""https://stackoverflow.com/a/39468956"", ""39468956"")",0.6516290726817043
"=HYPERLINK(""https://stackoverflow.com/a/40037716"", ""40037716"")",0.3785310734463278
"=HYPERLINK(""https://stackoverflow.com/a/40093660"", ""40093660"")",0.4775339602925809
"=HYPERLINK(""https://stackoverflow.com/a/40713966"", ""40713966"")",0.5733333333333334
"=HYPERLINK(""https://stackoverflow.com/a/40837389"", ""40837389"")",0.5433333333333333
"=HYPERLINK(""https://stackoverflow.com/a/41084814"", ""41084814"")",0.255663430420712
"=HYPERLINK(""https://stackoverflow.com/a/41139254"", ""41139254"")",0.45045045045045046
"=HYPERLINK(""https://stackoverflow.com/a/41645796"", ""41645796"")",0.4102564102564103
"=HYPERLINK(""https://stackoverflow.com/a/41981268"", ""41981268"")",0.38118811881188114
"=HYPERLINK(""https://stackoverflow.com/a/41994181"", ""41994181"")",0.411764705882353
"=HYPERLINK(""https://stackoverflow.com/a/42018311"", ""42018311"")",0.21333333333333335
"=HYPERLINK(""https://stackoverflow.com/a/42106607"", ""42106607"")",0.5373563218390804
"=HYPERLINK(""https://stackoverflow.com/a/42184341"", ""42184341"")",0.360655737704918
"=HYPERLINK(""https://stackoverflow.com/a/42463093"", ""42463093"")",0.3900000000000002
"=HYPERLINK(""https://stackoverflow.com/a/42540689"", ""42540689"")",0.18666666666666665
"=HYPERLINK(""https://stackoverflow.com/a/42937050"", ""42937050"")",0.7289156626506024
"=HYPERLINK(""https://stackoverflow.com/a/42980688"", ""42980688"")",0.8146258503401359
"=HYPERLINK(""https://stackoverflow.com/a/43103229"", ""43103229"")",0.06666666666666665
"=HYPERLINK(""https://stackoverflow.com/a/43147780"", ""43147780"")",0.19298245614035087
"=HYPERLINK(""https://stackoverflow.com/a/43499663"", ""43499663"")",0.06666666666666665
"=HYPERLINK(""https://stackoverflow.com/a/44303072"", ""44303072"")",0.47352024922118374
"=HYPERLINK(""https://stackoverflow.com/a/44621791"", ""44621791"")",0.4542772861356932
"=HYPERLINK(""https://stackoverflow.com/a/44779433"", ""44779433"")",0.6014492753623187
"=HYPERLINK(""https://stackoverflow.com/a/44793309"", ""44793309"")",0.3648293963254593
"=HYPERLINK(""https://stackoverflow.com/a/45702892"", ""45702892"")",0.24375000000000005
"=HYPERLINK(""https://stackoverflow.com/a/45735203"", ""45735203"")",0.3589743589743591
"=HYPERLINK(""https://stackoverflow.com/a/45749576"", ""45749576"")",0.38784629133154597
"=HYPERLINK(""https://stackoverflow.com/a/45812333"", ""45812333"")",0.4192439862542957
"=HYPERLINK(""https://stackoverflow.com/a/45813644"", ""45813644"")",0.3248945147679326
"=HYPERLINK(""https://stackoverflow.com/a/45908414"", ""45908414"")",0.30054644808743164
"=HYPERLINK(""https://stackoverflow.com/a/46070325"", ""46070325"")",0.3466666666666667
"=HYPERLINK(""https://stackoverflow.com/a/46346667"", ""46346667"")",0.1818181818181818
"=HYPERLINK(""https://stackoverflow.com/a/46518418"", ""46518418"")",0.4895833333333333
"=HYPERLINK(""https://stackoverflow.com/a/46538868"", ""46538868"")",0.5140562248995983
"=HYPERLINK(""https://stackoverflow.com/a/46935400"", ""46935400"")",0.27999999999999997
"=HYPERLINK(""https://stackoverflow.com/a/46936284"", ""46936284"")",0.5119047619047621
"=HYPERLINK(""https://stackoverflow.com/a/47006234"", ""47006234"")",0.3939393939393939
"=HYPERLINK(""https://stackoverflow.com/a/47492332"", ""47492332"")",0.5039370078740157
"=HYPERLINK(""https://stackoverflow.com/a/48378719"", ""48378719"")",0.44186046511627913
"=HYPERLINK(""https://stackoverflow.com/a/48633666"", ""48633666"")",0.3695652173913042
"=HYPERLINK(""https://stackoverflow.com/a/49276402"", ""49276402"")",0.3583333333333334
"=HYPERLINK(""https://stackoverflow.com/a/49600781"", ""49600781"")",0.4941176470588237
"=HYPERLINK(""https://stackoverflow.com/a/49833875"", ""49833875"")",0.21739130434782603
"=HYPERLINK(""https://stackoverflow.com/a/50055731"", ""50055731"")",0.5721997300944668
"=HYPERLINK(""https://stackoverflow.com/a/50202932"", ""50202932"")",0.5038363171355499
"=HYPERLINK(""https://stackoverflow.com/a/50202958"", ""50202958"")",0.2968036529680365
"=HYPERLINK(""https://stackoverflow.com/a/50235492"", ""50235492"")",0.28083989501312345
"=HYPERLINK(""https://stackoverflow.com/a/50247421"", ""50247421"")",0.4063926940639269
"=HYPERLINK(""https://stackoverflow.com/a/50336893"", ""50336893"")",0.7019607843137257
"=HYPERLINK(""https://stackoverflow.com/a/50475779"", ""50475779"")",0.7049180327868853
"=HYPERLINK(""https://stackoverflow.com/a/51144800"", ""51144800"")",0.4335378323108385
"=HYPERLINK(""https://stackoverflow.com/a/51540985"", ""51540985"")",0.7272727272727271
"=HYPERLINK(""https://stackoverflow.com/a/52055099"", ""52055099"")",0.42105263157894746
"=HYPERLINK(""https://stackoverflow.com/a/52075215"", ""52075215"")",0.3818181818181818
"=HYPERLINK(""https://stackoverflow.com/a/52169126"", ""52169126"")",0.22977346278317148
"=HYPERLINK(""https://stackoverflow.com/a/52415457"", ""52415457"")",0.06666666666666665
"=HYPERLINK(""https://stackoverflow.com/a/52507501"", ""52507501"")",0.31958762886597947
"=HYPERLINK(""https://stackoverflow.com/a/52532207"", ""52532207"")",0.40384615384615397
"=HYPERLINK(""https://stackoverflow.com/a/52732191"", ""52732191"")",0.06666666666666665
"=HYPERLINK(""https://stackoverflow.com/a/52850290"", ""52850290"")",0.425438596491228
"=HYPERLINK(""https://stackoverflow.com/a/52853464"", ""52853464"")",0.7017543859649121
"=HYPERLINK(""https://stackoverflow.com/a/53170257"", ""53170257"")",0.4383202099737533
"=HYPERLINK(""https://stackoverflow.com/a/53754067"", ""53754067"")",0.37837837837837845
"=HYPERLINK(""https://stackoverflow.com/a/53843834"", ""53843834"")",0.06666666666666665
"=HYPERLINK(""https://stackoverflow.com/a/54004317"", ""54004317"")",0.4980392156862747
"=HYPERLINK(""https://stackoverflow.com/a/54315801"", ""54315801"")",0.5200000000000001
"=HYPERLINK(""https://stackoverflow.com/a/54742893"", ""54742893"")",0.3696109358569927
"=HYPERLINK(""https://stackoverflow.com/a/55047303"", ""55047303"")",0.6638257575757575
"=HYPERLINK(""https://stackoverflow.com/a/55281703"", ""55281703"")",0.3118279569892472
"=HYPERLINK(""https://stackoverflow.com/a/55385182"", ""55385182"")",0.29931972789115646
"=HYPERLINK(""https://stackoverflow.com/a/55408672"", ""55408672"")",0.32328308207705203
"=HYPERLINK(""https://stackoverflow.com/a/55524714"", ""55524714"")",0.06666666666666665
"=HYPERLINK(""https://stackoverflow.com/a/55529444"", ""55529444"")",0.38297872340425526
"=HYPERLINK(""https://stackoverflow.com/a/55942927"", ""55942927"")",0.3873873873873875
"=HYPERLINK(""https://stackoverflow.com/a/56098818"", ""56098818"")",0.3450980392156863
"=HYPERLINK(""https://stackoverflow.com/a/56490474"", ""56490474"")",0.28368794326241137
"=HYPERLINK(""https://stackoverflow.com/a/57013941"", ""57013941"")",0.25490196078431376
"=HYPERLINK(""https://stackoverflow.com/a/57389110"", ""57389110"")",0.36734693877551017
"=HYPERLINK(""https://stackoverflow.com/a/57418847"", ""57418847"")",0.2931034482758621
"=HYPERLINK(""https://stackoverflow.com/a/57531262"", ""57531262"")",0.21722846441947566
"=HYPERLINK(""https://stackoverflow.com/a/57552797"", ""57552797"")",0.5395683453237412
"=HYPERLINK(""https://stackoverflow.com/a/57580682"", ""57580682"")",0.7200000000000001
"=HYPERLINK(""https://stackoverflow.com/a/57598796"", ""57598796"")",0.41304347826086946
"=HYPERLINK(""https://stackoverflow.com/a/57846405"", ""57846405"")",0.06666666666666665
"=HYPERLINK(""https://stackoverflow.com/a/57859531"", ""57859531"")",0.3685446009389672
"=HYPERLINK(""https://stackoverflow.com/a/58308116"", ""58308116"")",0.22885572139303487
"=HYPERLINK(""https://stackoverflow.com/a/58314078"", ""58314078"")",0.2848484848484849
"=HYPERLINK(""https://stackoverflow.com/a/58615164"", ""58615164"")",0.3249027237354085
"=HYPERLINK(""https://stackoverflow.com/a/58774710"", ""58774710"")",0.06666666666666665
"=HYPERLINK(""https://stackoverflow.com/a/59133816"", ""59133816"")",0.461904761904762
"=HYPERLINK(""https://stackoverflow.com/a/59197599"", ""59197599"")",0.3023255813953489
"=HYPERLINK(""https://stackoverflow.com/a/59415019"", ""59415019"")",0.40789473684210514
"=HYPERLINK(""https://stackoverflow.com/a/59834564"", ""59834564"")",0.3360215053763442
"=HYPERLINK(""https://stackoverflow.com/a/59889346"", ""59889346"")",0.5918367346938775
"=HYPERLINK(""https://stackoverflow.com/a/60307627"", ""60307627"")",0.37984496124031014
"=HYPERLINK(""https://stackoverflow.com/a/60331869"", ""60331869"")",0.6544342507645261
"=HYPERLINK(""https://stackoverflow.com/a/60508821"", ""60508821"")",0.30379746835443033
"=HYPERLINK(""https://stackoverflow.com/a/60530990"", ""60530990"")",0.3453237410071944
"=HYPERLINK(""https://stackoverflow.com/a/60827088"", ""60827088"")",0.3431372549019608
"=HYPERLINK(""https://stackoverflow.com/a/60873937"", ""60873937"")",0.06666666666666665
"=HYPERLINK(""https://stackoverflow.com/a/60989443"", ""60989443"")",0.28108108108108104
"=HYPERLINK(""https://stackoverflow.com/a/61167204"", ""61167204"")",0.3768115942028985
"=HYPERLINK(""https://stackoverflow.com/a/61178682"", ""61178682"")",0.49714285714285716
"=HYPERLINK(""https://stackoverflow.com/a/61247086"", ""61247086"")",0.38076416337285895
"=HYPERLINK(""https://stackoverflow.com/a/61812903"", ""61812903"")",0.41176470588235303
"=HYPERLINK(""https://stackoverflow.com/a/62239946"", ""62239946"")",0.3168433451118962
"=HYPERLINK(""https://stackoverflow.com/a/62382471"", ""62382471"")",0.5098039215686276
"=HYPERLINK(""https://stackoverflow.com/a/62476220"", ""62476220"")",0.47126436781609193
"=HYPERLINK(""https://stackoverflow.com/a/62477469"", ""62477469"")",0.33333333333333315
"=HYPERLINK(""https://stackoverflow.com/a/62697100"", ""62697100"")",0.341055341055341
"=HYPERLINK(""https://stackoverflow.com/a/63045544"", ""63045544"")",0.47482014388489213
"=HYPERLINK(""https://stackoverflow.com/a/63164910"", ""63164910"")",0.498281786941581
"=HYPERLINK(""https://stackoverflow.com/a/63234818"", ""63234818"")",0.2930402930402931
"=HYPERLINK(""https://stackoverflow.com/a/63296331"", ""63296331"")",0.5098039215686275
"=HYPERLINK(""https://stackoverflow.com/a/63516582"", ""63516582"")",0.5683060109289616
"=HYPERLINK(""https://stackoverflow.com/a/63652848"", ""63652848"")",0.44292237442922366
"=HYPERLINK(""https://stackoverflow.com/a/63692153"", ""63692153"")",0.6054421768707482
"=HYPERLINK(""https://stackoverflow.com/a/63798310"", ""63798310"")",0.6258503401360542
"=HYPERLINK(""https://stackoverflow.com/a/63897261"", ""63897261"")",0.5573770491803279
"=HYPERLINK(""https://stackoverflow.com/a/63926963"", ""63926963"")",0.42176870748299317
"=HYPERLINK(""https://stackoverflow.com/a/63978968"", ""63978968"")",0.2587064676616915
"=HYPERLINK(""https://stackoverflow.com/a/64009123"", ""64009123"")",0.29824561403508754
"=HYPERLINK(""https://stackoverflow.com/a/64097907"", ""64097907"")",0.38805970149253743
"=HYPERLINK(""https://stackoverflow.com/a/64204348"", ""64204348"")",0.4060606060606061
"=HYPERLINK(""https://stackoverflow.com/a/64213834"", ""64213834"")",0.41379310344827586
"=HYPERLINK(""https://stackoverflow.com/a/64410652"", ""64410652"")",0.5686274509803924
"=HYPERLINK(""https://stackoverflow.com/a/64502765"", ""64502765"")",0.5916666666666668
"=HYPERLINK(""https://stackoverflow.com/a/64540670"", ""64540670"")",0.33333333333333337
"=HYPERLINK(""https://stackoverflow.com/a/64622258"", ""64622258"")",0.34234234234234245
"=HYPERLINK(""https://stackoverflow.com/a/64654646"", ""64654646"")",0.21354166666666663
"=HYPERLINK(""https://stackoverflow.com/a/64818633"", ""64818633"")",0.5190476190476192
"=HYPERLINK(""https://stackoverflow.com/a/64972341"", ""64972341"")",0.3851132686084143
"=HYPERLINK(""https://stackoverflow.com/a/65054932"", ""65054932"")",0.26190476190476186
"=HYPERLINK(""https://stackoverflow.com/a/66006427"", ""66006427"")",0.6170212765957448
"=HYPERLINK(""https://stackoverflow.com/a/66116970"", ""66116970"")",0.3098201936376211
"=HYPERLINK(""https://stackoverflow.com/a/66277557"", ""66277557"")",0.06666666666666665
"=HYPERLINK(""https://stackoverflow.com/a/66451448"", ""66451448"")",0.3583333333333334
"=HYPERLINK(""https://stackoverflow.com/a/66790512"", ""66790512"")",0.42608089260808923
"=HYPERLINK(""https://stackoverflow.com/a/66802258"", ""66802258"")",0.21768707482993194
"=HYPERLINK(""https://stackoverflow.com/a/66827617"", ""66827617"")",0.4110032362459547
"=HYPERLINK(""https://stackoverflow.com/a/66915380"", ""66915380"")",0.5315315315315315
"=HYPERLINK(""https://stackoverflow.com/a/66915402"", ""66915402"")",0.5333333333333334
"=HYPERLINK(""https://stackoverflow.com/a/66995166"", ""66995166"")",0.2553763440860215
"=HYPERLINK(""https://stackoverflow.com/a/67051991"", ""67051991"")",0.7987421383647797
"=HYPERLINK(""https://stackoverflow.com/a/67166354"", ""67166354"")",0.2903225806451612
"=HYPERLINK(""https://stackoverflow.com/a/67315835"", ""67315835"")",0.3238095238095239
"=HYPERLINK(""https://stackoverflow.com/a/67503849"", ""67503849"")",0.5333333333333333
"=HYPERLINK(""https://stackoverflow.com/a/67535822"", ""67535822"")",0.49333333333333346
"=HYPERLINK(""https://stackoverflow.com/a/67625049"", ""67625049"")",0.24509803921568632
"=HYPERLINK(""https://stackoverflow.com/a/68032770"", ""68032770"")",0.3537414965986394
"=HYPERLINK(""https://stackoverflow.com/a/68033718"", ""68033718"")",0.44354838709677413
"=HYPERLINK(""https://stackoverflow.com/a/68434994"", ""68434994"")",0.3548387096774195
"=HYPERLINK(""https://stackoverflow.com/a/68486018"", ""68486018"")",0.4044943820224719
"=HYPERLINK(""https://stackoverflow.com/a/68492825"", ""68492825"")",0.06666666666666665
"=HYPERLINK(""https://stackoverflow.com/a/68530277"", ""68530277"")",0.4833333333333334
"=HYPERLINK(""https://stackoverflow.com/a/68579418"", ""68579418"")",0.2575757575757575
"=HYPERLINK(""https://stackoverflow.com/a/68644221"", ""68644221"")",0.711442786069652
"=HYPERLINK(""https://stackoverflow.com/a/68979053"", ""68979053"")",0.5448717948717948
"=HYPERLINK(""https://stackoverflow.com/a/69068380"", ""69068380"")",0.3093525179856116
"=HYPERLINK(""https://stackoverflow.com/a/69068540"", ""69068540"")",0.457044673539519
"=HYPERLINK(""https://stackoverflow.com/a/69355794"", ""69355794"")",0.46453900709219853
"=HYPERLINK(""https://stackoverflow.com/a/69520695"", ""69520695"")",0.26881720430107525
"=HYPERLINK(""https://stackoverflow.com/a/69562452"", ""69562452"")",0.4
"=HYPERLINK(""https://stackoverflow.com/a/69830014"", ""69830014"")",0.1966205837173579
"=HYPERLINK(""https://stackoverflow.com/a/70159585"", ""70159585"")",0.4409448818897638
"=HYPERLINK(""https://stackoverflow.com/a/70542175"", ""70542175"")",0.36054421768707484
"=HYPERLINK(""https://stackoverflow.com/a/70736460"", ""70736460"")",0.5508771929824561
"=HYPERLINK(""https://stackoverflow.com/a/70808255"", ""70808255"")",0.21568627450980396
"=HYPERLINK(""https://stackoverflow.com/a/71136332"", ""71136332"")",0.319634703196347
"=HYPERLINK(""https://stackoverflow.com/a/71218834"", ""71218834"")",0.515151515151515
"=HYPERLINK(""https://stackoverflow.com/a/71611763"", ""71611763"")",0.28828828828828834
"=HYPERLINK(""https://stackoverflow.com/a/71646955"", ""71646955"")",0.5505617977528089
"=HYPERLINK(""https://stackoverflow.com/a/71949770"", ""71949770"")",0.3733333333333334
"=HYPERLINK(""https://stackoverflow.com/a/72022212"", ""72022212"")",0.06666666666666665
"=HYPERLINK(""https://stackoverflow.com/a/72121801"", ""72121801"")",0.3105022831050228
"=HYPERLINK(""https://stackoverflow.com/a/72210518"", ""72210518"")",0.5719696969696969
"=HYPERLINK(""https://stackoverflow.com/a/72400539"", ""72400539"")",0.5715778474399164
