link,Correlation
"=HYPERLINK(""https://stackoverflow.com/q/25240847"", ""25240847"")",0.4057971014492753
"=HYPERLINK(""https://stackoverflow.com/q/25838512"", ""25838512"")",0.33854166666666663
"=HYPERLINK(""https://stackoverflow.com/q/26774724"", ""26774724"")",0.3119266055045871
"=HYPERLINK(""https://stackoverflow.com/q/27461432"", ""27461432"")",0.43859649122807015
"=HYPERLINK(""https://stackoverflow.com/q/27568624"", ""27568624"")",0.5909090909090909
"=HYPERLINK(""https://stackoverflow.com/q/27987910"", ""27987910"")",0.3474178403755869
"=HYPERLINK(""https://stackoverflow.com/q/28929813"", ""28929813"")",0.3456284153005464
"=HYPERLINK(""https://stackoverflow.com/q/29000199"", ""29000199"")",0.48875255623721886
"=HYPERLINK(""https://stackoverflow.com/q/29283841"", ""29283841"")",0.41609195402298854
"=HYPERLINK(""https://stackoverflow.com/q/29297579"", ""29297579"")",0.4065040650406505
"=HYPERLINK(""https://stackoverflow.com/q/29391016"", ""29391016"")",0.5114155251141551
"=HYPERLINK(""https://stackoverflow.com/q/29647782"", ""29647782"")",0.3273809523809525
"=HYPERLINK(""https://stackoverflow.com/q/30068341"", ""30068341"")",0.7087378640776698
"=HYPERLINK(""https://stackoverflow.com/q/30092360"", ""30092360"")",0.8165137614678898
"=HYPERLINK(""https://stackoverflow.com/q/30115812"", ""30115812"")",0.4670912951167728
"=HYPERLINK(""https://stackoverflow.com/q/30172382"", ""30172382"")",0.4331797235023042
"=HYPERLINK(""https://stackoverflow.com/q/30214698"", ""30214698"")",0.4593175853018373
"=HYPERLINK(""https://stackoverflow.com/q/30837034"", ""30837034"")",0.386904761904762
"=HYPERLINK(""https://stackoverflow.com/q/30962756"", ""30962756"")",0.7083333333333333
"=HYPERLINK(""https://stackoverflow.com/q/31130629"", ""31130629"")",0.5188172043010753
"=HYPERLINK(""https://stackoverflow.com/q/31507547"", ""31507547"")",0.2699530516431925
"=HYPERLINK(""https://stackoverflow.com/q/31733969"", ""31733969"")",0.3229166666666667
"=HYPERLINK(""https://stackoverflow.com/q/31828926"", ""31828926"")",0.36792452830188677
"=HYPERLINK(""https://stackoverflow.com/q/31838017"", ""31838017"")",0.5791666666666668
"=HYPERLINK(""https://stackoverflow.com/q/32252282"", ""32252282"")",0.4010416666666667
"=HYPERLINK(""https://stackoverflow.com/q/32291745"", ""32291745"")",0.327683615819209
"=HYPERLINK(""https://stackoverflow.com/q/32612311"", ""32612311"")",0.4000000000000001
"=HYPERLINK(""https://stackoverflow.com/q/32641508"", ""32641508"")",0.4063116370808677
"=HYPERLINK(""https://stackoverflow.com/q/32672079"", ""32672079"")",0.3232931726907631
"=HYPERLINK(""https://stackoverflow.com/q/32725010"", ""32725010"")",0.47348484848484845
"=HYPERLINK(""https://stackoverflow.com/q/32854507"", ""32854507"")",0.2972972972972973
"=HYPERLINK(""https://stackoverflow.com/q/32884296"", ""32884296"")",0.5030303030303029
"=HYPERLINK(""https://stackoverflow.com/q/32993148"", ""32993148"")",0.37158469945355194
"=HYPERLINK(""https://stackoverflow.com/q/33229576"", ""33229576"")",0.32738095238095244
"=HYPERLINK(""https://stackoverflow.com/q/33741912"", ""33741912"")",0.30724637681159417
"=HYPERLINK(""https://stackoverflow.com/q/33758922"", ""33758922"")",0.25130208333333337
"=HYPERLINK(""https://stackoverflow.com/q/33802274"", ""33802274"")",0.3259532595325953
"=HYPERLINK(""https://stackoverflow.com/q/33967251"", ""33967251"")",0.44588744588744594
"=HYPERLINK(""https://stackoverflow.com/q/34161557"", ""34161557"")",0.5889967637540451
"=HYPERLINK(""https://stackoverflow.com/q/34296921"", ""34296921"")",0.6284501061571125
"=HYPERLINK(""https://stackoverflow.com/q/34320449"", ""34320449"")",0.5142857142857143
"=HYPERLINK(""https://stackoverflow.com/q/34345965"", ""34345965"")",0.4812362030905077
"=HYPERLINK(""https://stackoverflow.com/q/34545078"", ""34545078"")",0.5646258503401359
"=HYPERLINK(""https://stackoverflow.com/q/35057156"", ""35057156"")",0.2660687593423019
"=HYPERLINK(""https://stackoverflow.com/q/35178688"", ""35178688"")",0.28342245989304815
"=HYPERLINK(""https://stackoverflow.com/q/35246826"", ""35246826"")",0.3802666666666666
"=HYPERLINK(""https://stackoverflow.com/q/35304901"", ""35304901"")",0.41708542713567853
"=HYPERLINK(""https://stackoverflow.com/q/35358383"", ""35358383"")",0.3692307692307693
"=HYPERLINK(""https://stackoverflow.com/q/35411741"", ""35411741"")",0.3439635535307516
"=HYPERLINK(""https://stackoverflow.com/q/35600907"", ""35600907"")",0.28873239436619724
"=HYPERLINK(""https://stackoverflow.com/q/35616017"", ""35616017"")",0.572289156626506
"=HYPERLINK(""https://stackoverflow.com/q/35631267"", ""35631267"")",0.44242424242424244
"=HYPERLINK(""https://stackoverflow.com/q/35682879"", ""35682879"")",0.49554367201426025
"=HYPERLINK(""https://stackoverflow.com/q/35901044"", ""35901044"")",0.4175824175824176
"=HYPERLINK(""https://stackoverflow.com/q/35998155"", ""35998155"")",0.2842105263157895
"=HYPERLINK(""https://stackoverflow.com/q/36106614"", ""36106614"")",0.4238095238095239
"=HYPERLINK(""https://stackoverflow.com/q/36110109"", ""36110109"")",0.28735632183908044
"=HYPERLINK(""https://stackoverflow.com/q/36125274"", ""36125274"")",0.7252252252252251
"=HYPERLINK(""https://stackoverflow.com/q/36127510"", ""36127510"")",0.7450980392156864
"=HYPERLINK(""https://stackoverflow.com/q/36132719"", ""36132719"")",0.5425531914893617
"=HYPERLINK(""https://stackoverflow.com/q/36249716"", ""36249716"")",0.6186440677966102
"=HYPERLINK(""https://stackoverflow.com/q/36344278"", ""36344278"")",0.3605442176870748
"=HYPERLINK(""https://stackoverflow.com/q/36485084"", ""36485084"")",0.48087431693989063
"=HYPERLINK(""https://stackoverflow.com/q/36599021"", ""36599021"")",0.5564971751412431
"=HYPERLINK(""https://stackoverflow.com/q/36779114"", ""36779114"")",0.3934108527131783
"=HYPERLINK(""https://stackoverflow.com/q/36781843"", ""36781843"")",0.5071574642126789
"=HYPERLINK(""https://stackoverflow.com/q/36904609"", ""36904609"")",0.7236842105263159
"=HYPERLINK(""https://stackoverflow.com/q/36917948"", ""36917948"")",0.34333333333333327
"=HYPERLINK(""https://stackoverflow.com/q/37000397"", ""37000397"")",0.40453074433656966
"=HYPERLINK(""https://stackoverflow.com/q/37085588"", ""37085588"")",0.39035087719298245
"=HYPERLINK(""https://stackoverflow.com/q/37140987"", ""37140987"")",0.5140845070422536
"=HYPERLINK(""https://stackoverflow.com/q/37196368"", ""37196368"")",0.3826291079812207
"=HYPERLINK(""https://stackoverflow.com/q/37228027"", ""37228027"")",0.7893081761006288
"=HYPERLINK(""https://stackoverflow.com/q/37228077"", ""37228077"")",0.5429553264604812
"=HYPERLINK(""https://stackoverflow.com/q/37250368"", ""37250368"")",0.4476744186046512
"=HYPERLINK(""https://stackoverflow.com/q/37329999"", ""37329999"")",0.5594059405940593
"=HYPERLINK(""https://stackoverflow.com/q/37418265"", ""37418265"")",0.43119266055045874
"=HYPERLINK(""https://stackoverflow.com/q/37457250"", ""37457250"")",0.324858757062147
"=HYPERLINK(""https://stackoverflow.com/q/37462268"", ""37462268"")",0.33830845771144286
"=HYPERLINK(""https://stackoverflow.com/q/37503141"", ""37503141"")",0.5952380952380953
"=HYPERLINK(""https://stackoverflow.com/q/37702759"", ""37702759"")",0.5615384615384618
"=HYPERLINK(""https://stackoverflow.com/q/37749862"", ""37749862"")",0.3896396396396397
"=HYPERLINK(""https://stackoverflow.com/q/37777147"", ""37777147"")",0.22188603126575893
"=HYPERLINK(""https://stackoverflow.com/q/37805113"", ""37805113"")",0.4759036144578313
"=HYPERLINK(""https://stackoverflow.com/q/37943572"", ""37943572"")",0.4276729559748428
"=HYPERLINK(""https://stackoverflow.com/q/38037241"", ""38037241"")",0.4481236203090509
"=HYPERLINK(""https://stackoverflow.com/q/38135604"", ""38135604"")",0.4626436781609194
"=HYPERLINK(""https://stackoverflow.com/q/38189399"", ""38189399"")",0.4006116207951071
"=HYPERLINK(""https://stackoverflow.com/q/38220335"", ""38220335"")",0.4671361502347418
"=HYPERLINK(""https://stackoverflow.com/q/38500359"", ""38500359"")",0.32881355932203393
"=HYPERLINK(""https://stackoverflow.com/q/38563051"", ""38563051"")",0.36885245901639346
"=HYPERLINK(""https://stackoverflow.com/q/38978361"", ""38978361"")",0.3730684326710817
"=HYPERLINK(""https://stackoverflow.com/q/39104538"", ""39104538"")",0.3333333333333333
"=HYPERLINK(""https://stackoverflow.com/q/39228377"", ""39228377"")",0.3655462184873949
"=HYPERLINK(""https://stackoverflow.com/q/39251701"", ""39251701"")",0.24125230202578274
"=HYPERLINK(""https://stackoverflow.com/q/39652384"", ""39652384"")",0.452914798206278
"=HYPERLINK(""https://stackoverflow.com/q/39706790"", ""39706790"")",0.37540453074433655
"=HYPERLINK(""https://stackoverflow.com/q/39725764"", ""39725764"")",0.5677655677655679
"=HYPERLINK(""https://stackoverflow.com/q/39785621"", ""39785621"")",0.45662100456621
"=HYPERLINK(""https://stackoverflow.com/q/40018320"", ""40018320"")",0.6529680365296803
"=HYPERLINK(""https://stackoverflow.com/q/40253448"", ""40253448"")",0.4135021097046413
"=HYPERLINK(""https://stackoverflow.com/q/40379325"", ""40379325"")",0.3912280701754387
"=HYPERLINK(""https://stackoverflow.com/q/40379578"", ""40379578"")",0.34615384615384626
"=HYPERLINK(""https://stackoverflow.com/q/40524551"", ""40524551"")",0.4166666666666665
"=HYPERLINK(""https://stackoverflow.com/q/40577607"", ""40577607"")",0.32432432432432434
"=HYPERLINK(""https://stackoverflow.com/q/40632047"", ""40632047"")",0.482587064676617
"=HYPERLINK(""https://stackoverflow.com/q/40702754"", ""40702754"")",0.41176470588235303
"=HYPERLINK(""https://stackoverflow.com/q/40703961"", ""40703961"")",0.6528925619834712
"=HYPERLINK(""https://stackoverflow.com/q/40714064"", ""40714064"")",0.43956043956043966
"=HYPERLINK(""https://stackoverflow.com/q/40844351"", ""40844351"")",0.4504065040650406
"=HYPERLINK(""https://stackoverflow.com/q/41003048"", ""41003048"")",0.41597796143250687
"=HYPERLINK(""https://stackoverflow.com/q/41032108"", ""41032108"")",0.38652482269503535
"=HYPERLINK(""https://stackoverflow.com/q/41080045"", ""41080045"")",0.4925690021231422
"=HYPERLINK(""https://stackoverflow.com/q/41136102"", ""41136102"")",0.5120274914089349
"=HYPERLINK(""https://stackoverflow.com/q/41236871"", ""41236871"")",0.6027397260273971
"=HYPERLINK(""https://stackoverflow.com/q/41240536"", ""41240536"")",0.5859872611464967
"=HYPERLINK(""https://stackoverflow.com/q/41245211"", ""41245211"")",0.3206751054852321
"=HYPERLINK(""https://stackoverflow.com/q/41260237"", ""41260237"")",0.33503401360544227
"=HYPERLINK(""https://stackoverflow.com/q/41303697"", ""41303697"")",0.5344827586206896
"=HYPERLINK(""https://stackoverflow.com/q/41461066"", ""41461066"")",0.4512820512820514
"=HYPERLINK(""https://stackoverflow.com/q/41563122"", ""41563122"")",0.6299019607843139
"=HYPERLINK(""https://stackoverflow.com/q/41582616"", ""41582616"")",0.6966666666666668
"=HYPERLINK(""https://stackoverflow.com/q/41586275"", ""41586275"")",0.45490196078431383
"=HYPERLINK(""https://stackoverflow.com/q/41595002"", ""41595002"")",0.5418439716312057
"=HYPERLINK(""https://stackoverflow.com/q/41686871"", ""41686871"")",0.3495934959349593
"=HYPERLINK(""https://stackoverflow.com/q/41743792"", ""41743792"")",0.3987730061349694
"=HYPERLINK(""https://stackoverflow.com/q/41842197"", ""41842197"")",0.43373493975903615
"=HYPERLINK(""https://stackoverflow.com/q/41845186"", ""41845186"")",0.6596244131455399
"=HYPERLINK(""https://stackoverflow.com/q/41902672"", ""41902672"")",0.3114186851211073
"=HYPERLINK(""https://stackoverflow.com/q/41903982"", ""41903982"")",0.47619047619047616
"=HYPERLINK(""https://stackoverflow.com/q/41916570"", ""41916570"")",0.3186813186813187
"=HYPERLINK(""https://stackoverflow.com/q/42010405"", ""42010405"")",0.3622047244094489
"=HYPERLINK(""https://stackoverflow.com/q/42017727"", ""42017727"")",0.5333333333333332
"=HYPERLINK(""https://stackoverflow.com/q/42019977"", ""42019977"")",0.5566037735849055
"=HYPERLINK(""https://stackoverflow.com/q/42024001"", ""42024001"")",0.3753280839895014
"=HYPERLINK(""https://stackoverflow.com/q/42063940"", ""42063940"")",0.5503144654088049
"=HYPERLINK(""https://stackoverflow.com/q/42081202"", ""42081202"")",0.5950413223140497
"=HYPERLINK(""https://stackoverflow.com/q/42105549"", ""42105549"")",0.7014492753623187
"=HYPERLINK(""https://stackoverflow.com/q/42145256"", ""42145256"")",0.36082474226804134
"=HYPERLINK(""https://stackoverflow.com/q/42204411"", ""42204411"")",0.41056910569105687
"=HYPERLINK(""https://stackoverflow.com/q/42215613"", ""42215613"")",0.4078431372549021
"=HYPERLINK(""https://stackoverflow.com/q/42228715"", ""42228715"")",0.6138211382113822
"=HYPERLINK(""https://stackoverflow.com/q/42345470"", ""42345470"")",0.38039215686274513
"=HYPERLINK(""https://stackoverflow.com/q/42447913"", ""42447913"")",0.350210970464135
"=HYPERLINK(""https://stackoverflow.com/q/42606010"", ""42606010"")",0.45323741007194257
"=HYPERLINK(""https://stackoverflow.com/q/42651900"", ""42651900"")",0.7540229885057472
"=HYPERLINK(""https://stackoverflow.com/q/42672425"", ""42672425"")",0.5508474576271187
"=HYPERLINK(""https://stackoverflow.com/q/42766263"", ""42766263"")",0.6378205128205129
"=HYPERLINK(""https://stackoverflow.com/q/42768756"", ""42768756"")",0.5378787878787878
"=HYPERLINK(""https://stackoverflow.com/q/42844593"", ""42844593"")",0.46886446886446903
"=HYPERLINK(""https://stackoverflow.com/q/43202802"", ""43202802"")",0.7554744525547447
"=HYPERLINK(""https://stackoverflow.com/q/43249220"", ""43249220"")",0.7796610169491528
"=HYPERLINK(""https://stackoverflow.com/q/43336415"", ""43336415"")",0.3970588235294119
"=HYPERLINK(""https://stackoverflow.com/q/43561934"", ""43561934"")",0.6755952380952382
"=HYPERLINK(""https://stackoverflow.com/q/43587399"", ""43587399"")",0.7179487179487182
"=HYPERLINK(""https://stackoverflow.com/q/44000208"", ""44000208"")",0.4766666666666667
"=HYPERLINK(""https://stackoverflow.com/q/44011421"", ""44011421"")",0.5377358490566037
"=HYPERLINK(""https://stackoverflow.com/q/44216029"", ""44216029"")",0.3333333333333334
"=HYPERLINK(""https://stackoverflow.com/q/44245265"", ""44245265"")",0.48434622467771654
"=HYPERLINK(""https://stackoverflow.com/q/44285641"", ""44285641"")",0.6408450704225354
"=HYPERLINK(""https://stackoverflow.com/q/44330391"", ""44330391"")",0.43358395989974946
"=HYPERLINK(""https://stackoverflow.com/q/44416344"", ""44416344"")",0.5248226950354611
"=HYPERLINK(""https://stackoverflow.com/q/44577908"", ""44577908"")",0.20343137254901966
"=HYPERLINK(""https://stackoverflow.com/q/44582867"", ""44582867"")",0.5294117647058825
"=HYPERLINK(""https://stackoverflow.com/q/44627664"", ""44627664"")",0.7122302158273384
"=HYPERLINK(""https://stackoverflow.com/q/44659268"", ""44659268"")",0.38840579710144923
"=HYPERLINK(""https://stackoverflow.com/q/44881303"", ""44881303"")",0.3584070796460178
"=HYPERLINK(""https://stackoverflow.com/q/44910388"", ""44910388"")",0.36018957345971564
"=HYPERLINK(""https://stackoverflow.com/q/45009184"", ""45009184"")",0.4615384615384616
"=HYPERLINK(""https://stackoverflow.com/q/45051055"", ""45051055"")",0.35310734463276844
"=HYPERLINK(""https://stackoverflow.com/q/45051184"", ""45051184"")",0.587121212121212
"=HYPERLINK(""https://stackoverflow.com/q/45057880"", ""45057880"")",0.7534246575342465
"=HYPERLINK(""https://stackoverflow.com/q/45121271"", ""45121271"")",0.3020833333333333
"=HYPERLINK(""https://stackoverflow.com/q/45152151"", ""45152151"")",0.40182648401826476
"=HYPERLINK(""https://stackoverflow.com/q/45166568"", ""45166568"")",0.525562372188139
"=HYPERLINK(""https://stackoverflow.com/q/45328657"", ""45328657"")",0.8598484848484846
"=HYPERLINK(""https://stackoverflow.com/q/45351020"", ""45351020"")",0.5490196078431374
"=HYPERLINK(""https://stackoverflow.com/q/45351518"", ""45351518"")",0.40157480314960636
"=HYPERLINK(""https://stackoverflow.com/q/45354047"", ""45354047"")",0.3987538940809968
"=HYPERLINK(""https://stackoverflow.com/q/45511749"", ""45511749"")",0.36792452830188677
"=HYPERLINK(""https://stackoverflow.com/q/45558337"", ""45558337"")",0.31645569620253167
"=HYPERLINK(""https://stackoverflow.com/q/45702259"", ""45702259"")",0.37701149425287356
"=HYPERLINK(""https://stackoverflow.com/q/45753090"", ""45753090"")",0.38396624472573837
"=HYPERLINK(""https://stackoverflow.com/q/45796489"", ""45796489"")",0.517799352750809
"=HYPERLINK(""https://stackoverflow.com/q/45815960"", ""45815960"")",0.5764604810996564
"=HYPERLINK(""https://stackoverflow.com/q/45849766"", ""45849766"")",0.4757383966244726
"=HYPERLINK(""https://stackoverflow.com/q/45958534"", ""45958534"")",0.40852130325814545
"=HYPERLINK(""https://stackoverflow.com/q/46222606"", ""46222606"")",0.5162601626016261
"=HYPERLINK(""https://stackoverflow.com/q/46320315"", ""46320315"")",0.827838827838828
"=HYPERLINK(""https://stackoverflow.com/q/46422216"", ""46422216"")",0.3333333333333333
"=HYPERLINK(""https://stackoverflow.com/q/46433396"", ""46433396"")",0.5799086757990869
"=HYPERLINK(""https://stackoverflow.com/q/46500756"", ""46500756"")",0.5707434052757794
"=HYPERLINK(""https://stackoverflow.com/q/46523924"", ""46523924"")",0.40933767643865365
"=HYPERLINK(""https://stackoverflow.com/q/46539159"", ""46539159"")",0.3710691823899371
"=HYPERLINK(""https://stackoverflow.com/q/46961444"", ""46961444"")",0.23249299719887961
"=HYPERLINK(""https://stackoverflow.com/q/46963846"", ""46963846"")",0.3366890380313199
"=HYPERLINK(""https://stackoverflow.com/q/46989761"", ""46989761"")",0.5584905660377361
"=HYPERLINK(""https://stackoverflow.com/q/47021644"", ""47021644"")",0.36170212765957444
"=HYPERLINK(""https://stackoverflow.com/q/47052996"", ""47052996"")",0.5233160621761657
"=HYPERLINK(""https://stackoverflow.com/q/47097272"", ""47097272"")",0.3607305936073059
"=HYPERLINK(""https://stackoverflow.com/q/47137077"", ""47137077"")",0.29301075268817206
"=HYPERLINK(""https://stackoverflow.com/q/47143839"", ""47143839"")",0.7346072186836518
"=HYPERLINK(""https://stackoverflow.com/q/47222304"", ""47222304"")",0.3136094674556213
"=HYPERLINK(""https://stackoverflow.com/q/47281734"", ""47281734"")",0.4719471947194719
"=HYPERLINK(""https://stackoverflow.com/q/47331047"", ""47331047"")",0.7087378640776698
"=HYPERLINK(""https://stackoverflow.com/q/47460981"", ""47460981"")",0.35585585585585583
"=HYPERLINK(""https://stackoverflow.com/q/47465801"", ""47465801"")",0.4405797101449275
"=HYPERLINK(""https://stackoverflow.com/q/47488544"", ""47488544"")",0.48132183908045967
"=HYPERLINK(""https://stackoverflow.com/q/47550020"", ""47550020"")",0.5059952038369305
"=HYPERLINK(""https://stackoverflow.com/q/47615177"", ""47615177"")",0.593103448275862
"=HYPERLINK(""https://stackoverflow.com/q/47620266"", ""47620266"")",0.7868852459016393
"=HYPERLINK(""https://stackoverflow.com/q/47620404"", ""47620404"")",0.5432692307692308
"=HYPERLINK(""https://stackoverflow.com/q/47668450"", ""47668450"")",0.543010752688172
"=HYPERLINK(""https://stackoverflow.com/q/47713115"", ""47713115"")",0.2336769759450172
"=HYPERLINK(""https://stackoverflow.com/q/47735082"", ""47735082"")",0.3541666666666667
"=HYPERLINK(""https://stackoverflow.com/q/47920098"", ""47920098"")",0.6011904761904764
"=HYPERLINK(""https://stackoverflow.com/q/48043434"", ""48043434"")",0.5076071922544952
"=HYPERLINK(""https://stackoverflow.com/q/48064517"", ""48064517"")",0.26470588235294124
"=HYPERLINK(""https://stackoverflow.com/q/48158545"", ""48158545"")",0.6076923076923079
"=HYPERLINK(""https://stackoverflow.com/q/48514346"", ""48514346"")",0.2982456140350877
"=HYPERLINK(""https://stackoverflow.com/q/48539113"", ""48539113"")",0.475177304964539
"=HYPERLINK(""https://stackoverflow.com/q/48560183"", ""48560183"")",0.3018867924528301
"=HYPERLINK(""https://stackoverflow.com/q/48821417"", ""48821417"")",0.4732142857142859
"=HYPERLINK(""https://stackoverflow.com/q/48829525"", ""48829525"")",0.34848484848484856
"=HYPERLINK(""https://stackoverflow.com/q/48906201"", ""48906201"")",0.4227642276422765
"=HYPERLINK(""https://stackoverflow.com/q/48978360"", ""48978360"")",0.33149171270718236
"=HYPERLINK(""https://stackoverflow.com/q/48990264"", ""48990264"")",0.46063651591289784
"=HYPERLINK(""https://stackoverflow.com/q/49112204"", ""49112204"")",0.3931034482758621
"=HYPERLINK(""https://stackoverflow.com/q/49130977"", ""49130977"")",0.4533965244865718
"=HYPERLINK(""https://stackoverflow.com/q/49320679"", ""49320679"")",0.7390476190476192
"=HYPERLINK(""https://stackoverflow.com/q/49586005"", ""49586005"")",0.2727272727272727
"=HYPERLINK(""https://stackoverflow.com/q/49604773"", ""49604773"")",0.3732718894009217
"=HYPERLINK(""https://stackoverflow.com/q/49673502"", ""49673502"")",0.4367201426024956
"=HYPERLINK(""https://stackoverflow.com/q/49769813"", ""49769813"")",0.6091954022988505
"=HYPERLINK(""https://stackoverflow.com/q/49801180"", ""49801180"")",0.3722554890219561
"=HYPERLINK(""https://stackoverflow.com/q/49818134"", ""49818134"")",0.6102564102564104
"=HYPERLINK(""https://stackoverflow.com/q/50072018"", ""50072018"")",0.3788968824940049
"=HYPERLINK(""https://stackoverflow.com/q/50087905"", ""50087905"")",0.46194225721784776
"=HYPERLINK(""https://stackoverflow.com/q/50189497"", ""50189497"")",0.34469696969696956
"=HYPERLINK(""https://stackoverflow.com/q/50209284"", ""50209284"")",0.32835820895522394
"=HYPERLINK(""https://stackoverflow.com/q/50334563"", ""50334563"")",0.6357615894039735
"=HYPERLINK(""https://stackoverflow.com/q/50355494"", ""50355494"")",0.4793388429752068
"=HYPERLINK(""https://stackoverflow.com/q/50414639"", ""50414639"")",0.5203252032520326
"=HYPERLINK(""https://stackoverflow.com/q/50439489"", ""50439489"")",0.45991561181434604
"=HYPERLINK(""https://stackoverflow.com/q/50478395"", ""50478395"")",0.41134751773049644
"=HYPERLINK(""https://stackoverflow.com/q/50514817"", ""50514817"")",0.42468415937803694
"=HYPERLINK(""https://stackoverflow.com/q/50576929"", ""50576929"")",0.3797101449275363
"=HYPERLINK(""https://stackoverflow.com/q/50655011"", ""50655011"")",0.3991228070175438
"=HYPERLINK(""https://stackoverflow.com/q/50656085"", ""50656085"")",0.2702702702702703
"=HYPERLINK(""https://stackoverflow.com/q/50786546"", ""50786546"")",0.6869565217391305
"=HYPERLINK(""https://stackoverflow.com/q/50801404"", ""50801404"")",0.4714285714285716
"=HYPERLINK(""https://stackoverflow.com/q/50986233"", ""50986233"")",0.37055016181229766
"=HYPERLINK(""https://stackoverflow.com/q/51086377"", ""51086377"")",0.3663911845730028
"=HYPERLINK(""https://stackoverflow.com/q/51088145"", ""51088145"")",0.3986742424242424
"=HYPERLINK(""https://stackoverflow.com/q/51137973"", ""51137973"")",0.5382585751978891
"=HYPERLINK(""https://stackoverflow.com/q/51149079"", ""51149079"")",0.6551724137931033
"=HYPERLINK(""https://stackoverflow.com/q/51238413"", ""51238413"")",0.5275938189845475
"=HYPERLINK(""https://stackoverflow.com/q/51253977"", ""51253977"")",0.33649289099526075
"=HYPERLINK(""https://stackoverflow.com/q/51376559"", ""51376559"")",0.5641025641025642
"=HYPERLINK(""https://stackoverflow.com/q/51395552"", ""51395552"")",0.3062015503875969
"=HYPERLINK(""https://stackoverflow.com/q/51541328"", ""51541328"")",0.28873239436619724
"=HYPERLINK(""https://stackoverflow.com/q/51587956"", ""51587956"")",0.41509433962264153
"=HYPERLINK(""https://stackoverflow.com/q/51589128"", ""51589128"")",0.2952380952380953
"=HYPERLINK(""https://stackoverflow.com/q/51643168"", ""51643168"")",0.28550074738415543
"=HYPERLINK(""https://stackoverflow.com/q/51925635"", ""51925635"")",0.47257383966244726
"=HYPERLINK(""https://stackoverflow.com/q/51940106"", ""51940106"")",0.3459119496855346
"=HYPERLINK(""https://stackoverflow.com/q/51966899"", ""51966899"")",0.33333333333333326
"=HYPERLINK(""https://stackoverflow.com/q/51982177"", ""51982177"")",0.2985507246376812
"=HYPERLINK(""https://stackoverflow.com/q/52010761"", ""52010761"")",0.510339123242349
"=HYPERLINK(""https://stackoverflow.com/q/52032535"", ""52032535"")",0.5031847133757962
"=HYPERLINK(""https://stackoverflow.com/q/52036739"", ""52036739"")",0.24761904761904766
"=HYPERLINK(""https://stackoverflow.com/q/52128396"", ""52128396"")",0.8028985507246376
"=HYPERLINK(""https://stackoverflow.com/q/52278613"", ""52278613"")",0.33846153846153854
"=HYPERLINK(""https://stackoverflow.com/q/52294404"", ""52294404"")",0.3252688172043011
"=HYPERLINK(""https://stackoverflow.com/q/52353941"", ""52353941"")",0.4327808471454881
"=HYPERLINK(""https://stackoverflow.com/q/52370381"", ""52370381"")",0.3803191489361702
"=HYPERLINK(""https://stackoverflow.com/q/52532078"", ""52532078"")",0.7163120567375887
"=HYPERLINK(""https://stackoverflow.com/q/52537861"", ""52537861"")",0.27715355805243447
"=HYPERLINK(""https://stackoverflow.com/q/52603929"", ""52603929"")",0.3958333333333333
"=HYPERLINK(""https://stackoverflow.com/q/52625202"", ""52625202"")",0.4117647058823529
"=HYPERLINK(""https://stackoverflow.com/q/52664415"", ""52664415"")",0.8455284552845531
"=HYPERLINK(""https://stackoverflow.com/q/52686841"", ""52686841"")",0.34375
"=HYPERLINK(""https://stackoverflow.com/q/52755738"", ""52755738"")",0.2725060827250608
"=HYPERLINK(""https://stackoverflow.com/q/52807787"", ""52807787"")",0.39955849889624734
"=HYPERLINK(""https://stackoverflow.com/q/52819122"", ""52819122"")",0.34995383194829177
"=HYPERLINK(""https://stackoverflow.com/q/52829375"", ""52829375"")",0.5878787878787879
"=HYPERLINK(""https://stackoverflow.com/q/52844431"", ""52844431"")",0.5323129251700681
"=HYPERLINK(""https://stackoverflow.com/q/52898555"", ""52898555"")",0.3706896551724138
"=HYPERLINK(""https://stackoverflow.com/q/52908711"", ""52908711"")",0.6228070175438596
"=HYPERLINK(""https://stackoverflow.com/q/52925424"", ""52925424"")",0.3893939393939394
"=HYPERLINK(""https://stackoverflow.com/q/52988360"", ""52988360"")",0.4042553191489361
"=HYPERLINK(""https://stackoverflow.com/q/53143396"", ""53143396"")",0.40384615384615397
"=HYPERLINK(""https://stackoverflow.com/q/53273551"", ""53273551"")",0.41129032258064513
"=HYPERLINK(""https://stackoverflow.com/q/53320444"", ""53320444"")",0.6948717948717951
"=HYPERLINK(""https://stackoverflow.com/q/53525147"", ""53525147"")",0.2481203007518797
"=HYPERLINK(""https://stackoverflow.com/q/53548259"", ""53548259"")",0.2514124293785311
"=HYPERLINK(""https://stackoverflow.com/q/53582848"", ""53582848"")",0.6428571428571428
"=HYPERLINK(""https://stackoverflow.com/q/53614301"", ""53614301"")",0.30985915492957744
"=HYPERLINK(""https://stackoverflow.com/q/53688564"", ""53688564"")",0.39375000000000004
"=HYPERLINK(""https://stackoverflow.com/q/53703191"", ""53703191"")",0.5938967136150236
"=HYPERLINK(""https://stackoverflow.com/q/53717284"", ""53717284"")",0.448529411764706
"=HYPERLINK(""https://stackoverflow.com/q/53753367"", ""53753367"")",0.41287878787878785
"=HYPERLINK(""https://stackoverflow.com/q/53791461"", ""53791461"")",0.3502824858757061
"=HYPERLINK(""https://stackoverflow.com/q/53922402"", ""53922402"")",0.4871794871794873
"=HYPERLINK(""https://stackoverflow.com/q/53972075"", ""53972075"")",0.6627450980392159
"=HYPERLINK(""https://stackoverflow.com/q/54109316"", ""54109316"")",0.5678642714570858
"=HYPERLINK(""https://stackoverflow.com/q/54254830"", ""54254830"")",0.5013774104683197
"=HYPERLINK(""https://stackoverflow.com/q/54324516"", ""54324516"")",0.4150943396226415
"=HYPERLINK(""https://stackoverflow.com/q/54419731"", ""54419731"")",0.5779376498800961
"=HYPERLINK(""https://stackoverflow.com/q/54431484"", ""54431484"")",0.5636363636363637
"=HYPERLINK(""https://stackoverflow.com/q/54502828"", ""54502828"")",0.3822629969418961
"=HYPERLINK(""https://stackoverflow.com/q/54640854"", ""54640854"")",0.45474613686534215
"=HYPERLINK(""https://stackoverflow.com/q/54706312"", ""54706312"")",0.29761904761904767
"=HYPERLINK(""https://stackoverflow.com/q/54747199"", ""54747199"")",0.4793388429752067
"=HYPERLINK(""https://stackoverflow.com/q/54757598"", ""54757598"")",0.4794871794871795
"=HYPERLINK(""https://stackoverflow.com/q/54766345"", ""54766345"")",0.32371794871794884
"=HYPERLINK(""https://stackoverflow.com/q/54796762"", ""54796762"")",0.5913621262458473
"=HYPERLINK(""https://stackoverflow.com/q/54799512"", ""54799512"")",0.3572204125950055
"=HYPERLINK(""https://stackoverflow.com/q/55060836"", ""55060836"")",0.48087431693989063
"=HYPERLINK(""https://stackoverflow.com/q/55064123"", ""55064123"")",0.4786967418546366
"=HYPERLINK(""https://stackoverflow.com/q/55128401"", ""55128401"")",0.3884514435695538
"=HYPERLINK(""https://stackoverflow.com/q/55142901"", ""55142901"")",0.34052757793764993
"=HYPERLINK(""https://stackoverflow.com/q/55147110"", ""55147110"")",0.514792899408284
"=HYPERLINK(""https://stackoverflow.com/q/55173658"", ""55173658"")",0.403755868544601
"=HYPERLINK(""https://stackoverflow.com/q/55277334"", ""55277334"")",0.46666666666666656
"=HYPERLINK(""https://stackoverflow.com/q/55285043"", ""55285043"")",0.48281016442451413
"=HYPERLINK(""https://stackoverflow.com/q/55347910"", ""55347910"")",0.5065458207452165
"=HYPERLINK(""https://stackoverflow.com/q/55353889"", ""55353889"")",0.4191176470588236
"=HYPERLINK(""https://stackoverflow.com/q/55509207"", ""55509207"")",0.48484848484848486
"=HYPERLINK(""https://stackoverflow.com/q/55515277"", ""55515277"")",0.4765258215962442
"=HYPERLINK(""https://stackoverflow.com/q/55553868"", ""55553868"")",0.4739336492890995
"=HYPERLINK(""https://stackoverflow.com/q/55703796"", ""55703796"")",0.3402109124254929
"=HYPERLINK(""https://stackoverflow.com/q/55790212"", ""55790212"")",0.4066666666666666
"=HYPERLINK(""https://stackoverflow.com/q/55807448"", ""55807448"")",0.5932721712538226
"=HYPERLINK(""https://stackoverflow.com/q/55837639"", ""55837639"")",0.5509641873278238
"=HYPERLINK(""https://stackoverflow.com/q/55941720"", ""55941720"")",0.4631410256410256
"=HYPERLINK(""https://stackoverflow.com/q/56024354"", ""56024354"")",0.4000000000000001
"=HYPERLINK(""https://stackoverflow.com/q/56055868"", ""56055868"")",0.5522682445759368
"=HYPERLINK(""https://stackoverflow.com/q/56166966"", ""56166966"")",0.4802110817941952
"=HYPERLINK(""https://stackoverflow.com/q/56187227"", ""56187227"")",0.5178435839028096
"=HYPERLINK(""https://stackoverflow.com/q/56240481"", ""56240481"")",0.7347517730496453
"=HYPERLINK(""https://stackoverflow.com/q/56393818"", ""56393818"")",0.5348837209302324
"=HYPERLINK(""https://stackoverflow.com/q/56418684"", ""56418684"")",0.4284467713787085
"=HYPERLINK(""https://stackoverflow.com/q/56450223"", ""56450223"")",0.3121212121212121
"=HYPERLINK(""https://stackoverflow.com/q/56455761"", ""56455761"")",0.3689320388349515
"=HYPERLINK(""https://stackoverflow.com/q/56495962"", ""56495962"")",0.3651354534746762
"=HYPERLINK(""https://stackoverflow.com/q/56554581"", ""56554581"")",0.37092731829573944
"=HYPERLINK(""https://stackoverflow.com/q/56558892"", ""56558892"")",0.4129353233830847
"=HYPERLINK(""https://stackoverflow.com/q/56598562"", ""56598562"")",0.7756410256410258
"=HYPERLINK(""https://stackoverflow.com/q/56666924"", ""56666924"")",0.7213930348258708
"=HYPERLINK(""https://stackoverflow.com/q/56812071"", ""56812071"")",0.5513428120063192
"=HYPERLINK(""https://stackoverflow.com/q/56869278"", ""56869278"")",0.59882005899705
"=HYPERLINK(""https://stackoverflow.com/q/56956840"", ""56956840"")",0.3849765258215963
"=HYPERLINK(""https://stackoverflow.com/q/56975319"", ""56975319"")",0.623145400593472
"=HYPERLINK(""https://stackoverflow.com/q/57195745"", ""57195745"")",0.5261584454409565
"=HYPERLINK(""https://stackoverflow.com/q/57209247"", ""57209247"")",0.43358395989974935
"=HYPERLINK(""https://stackoverflow.com/q/57245370"", ""57245370"")",0.4845360824742269
"=HYPERLINK(""https://stackoverflow.com/q/57386269"", ""57386269"")",0.5945017182130585
"=HYPERLINK(""https://stackoverflow.com/q/57397150"", ""57397150"")",0.4666666666666667
"=HYPERLINK(""https://stackoverflow.com/q/57403281"", ""57403281"")",0.43994601889338725
"=HYPERLINK(""https://stackoverflow.com/q/57469702"", ""57469702"")",0.2900432900432901
"=HYPERLINK(""https://stackoverflow.com/q/57486459"", ""57486459"")",0.3599439775910364
"=HYPERLINK(""https://stackoverflow.com/q/57488706"", ""57488706"")",0.5080906148867315
"=HYPERLINK(""https://stackoverflow.com/q/57497332"", ""57497332"")",0.7431192660550459
"=HYPERLINK(""https://stackoverflow.com/q/57502236"", ""57502236"")",0.6038961038961038
"=HYPERLINK(""https://stackoverflow.com/q/57503710"", ""57503710"")",0.6256410256410256
"=HYPERLINK(""https://stackoverflow.com/q/57524928"", ""57524928"")",0.8982456140350874
"=HYPERLINK(""https://stackoverflow.com/q/57587164"", ""57587164"")",0.5772357723577235
"=HYPERLINK(""https://stackoverflow.com/q/57589238"", ""57589238"")",0.3912483912483912
"=HYPERLINK(""https://stackoverflow.com/q/57623810"", ""57623810"")",0.6690140845070424
"=HYPERLINK(""https://stackoverflow.com/q/57660058"", ""57660058"")",0.37304964539007096
"=HYPERLINK(""https://stackoverflow.com/q/57689084"", ""57689084"")",0.6429699842022116
"=HYPERLINK(""https://stackoverflow.com/q/57716459"", ""57716459"")",0.5094936708860759
"=HYPERLINK(""https://stackoverflow.com/q/57759556"", ""57759556"")",0.4295774647887324
"=HYPERLINK(""https://stackoverflow.com/q/57854136"", ""57854136"")",0.4607464607464608
"=HYPERLINK(""https://stackoverflow.com/q/57922292"", ""57922292"")",0.6477987421383646
"=HYPERLINK(""https://stackoverflow.com/q/57923187"", ""57923187"")",0.32820512820512815
"=HYPERLINK(""https://stackoverflow.com/q/58019308"", ""58019308"")",0.39726027397260266
"=HYPERLINK(""https://stackoverflow.com/q/58026244"", ""58026244"")",0.42813455657492366
"=HYPERLINK(""https://stackoverflow.com/q/58035744"", ""58035744"")",0.30402930402930406
"=HYPERLINK(""https://stackoverflow.com/q/58040933"", ""58040933"")",0.5760517799352749
"=HYPERLINK(""https://stackoverflow.com/q/58050526"", ""58050526"")",0.46835443037974683
"=HYPERLINK(""https://stackoverflow.com/q/58060865"", ""58060865"")",0.40650406504065034
"=HYPERLINK(""https://stackoverflow.com/q/58061189"", ""58061189"")",0.5231143552311435
"=HYPERLINK(""https://stackoverflow.com/q/58064129"", ""58064129"")",0.33103448275862074
"=HYPERLINK(""https://stackoverflow.com/q/58065258"", ""58065258"")",0.424561403508772
"=HYPERLINK(""https://stackoverflow.com/q/58112370"", ""58112370"")",0.823529411764706
"=HYPERLINK(""https://stackoverflow.com/q/58117200"", ""58117200"")",0.5887096774193549
"=HYPERLINK(""https://stackoverflow.com/q/58203287"", ""58203287"")",0.23052959501557632
"=HYPERLINK(""https://stackoverflow.com/q/58208066"", ""58208066"")",0.3846153846153846
"=HYPERLINK(""https://stackoverflow.com/q/58213125"", ""58213125"")",0.44144144144144154
"=HYPERLINK(""https://stackoverflow.com/q/58237929"", ""58237929"")",0.4278074866310161
"=HYPERLINK(""https://stackoverflow.com/q/58241305"", ""58241305"")",0.6202898550724638
"=HYPERLINK(""https://stackoverflow.com/q/58243541"", ""58243541"")",0.3962264150943396
"=HYPERLINK(""https://stackoverflow.com/q/58278844"", ""58278844"")",0.4009009009009009
"=HYPERLINK(""https://stackoverflow.com/q/58285038"", ""58285038"")",0.29430894308943095
"=HYPERLINK(""https://stackoverflow.com/q/58301879"", ""58301879"")",0.43541666666666673
"=HYPERLINK(""https://stackoverflow.com/q/58307950"", ""58307950"")",0.4688644688644691
"=HYPERLINK(""https://stackoverflow.com/q/58344194"", ""58344194"")",0.5754857997010463
"=HYPERLINK(""https://stackoverflow.com/q/58412359"", ""58412359"")",0.3212121212121212
"=HYPERLINK(""https://stackoverflow.com/q/58478542"", ""58478542"")",0.3036303630363036
"=HYPERLINK(""https://stackoverflow.com/q/58487716"", ""58487716"")",0.5643939393939393
"=HYPERLINK(""https://stackoverflow.com/q/58500807"", ""58500807"")",0.3570019723865878
"=HYPERLINK(""https://stackoverflow.com/q/58543444"", ""58543444"")",0.5154639175257734
"=HYPERLINK(""https://stackoverflow.com/q/58547864"", ""58547864"")",0.6843971631205673
"=HYPERLINK(""https://stackoverflow.com/q/58642295"", ""58642295"")",0.8333333333333331
"=HYPERLINK(""https://stackoverflow.com/q/58702084"", ""58702084"")",0.3586497890295359
"=HYPERLINK(""https://stackoverflow.com/q/58710593"", ""58710593"")",0.39523809523809533
"=HYPERLINK(""https://stackoverflow.com/q/58753430"", ""58753430"")",0.6268656716417913
"=HYPERLINK(""https://stackoverflow.com/q/58812912"", ""58812912"")",0.45343137254901966
"=HYPERLINK(""https://stackoverflow.com/q/58906453"", ""58906453"")",0.3333333333333334
"=HYPERLINK(""https://stackoverflow.com/q/58933565"", ""58933565"")",0.4597701149425288
"=HYPERLINK(""https://stackoverflow.com/q/58947234"", ""58947234"")",0.35168195718654444
"=HYPERLINK(""https://stackoverflow.com/q/59069043"", ""59069043"")",0.5102564102564104
"=HYPERLINK(""https://stackoverflow.com/q/59143762"", ""59143762"")",0.3736559139784947
"=HYPERLINK(""https://stackoverflow.com/q/59171699"", ""59171699"")",0.2796610169491526
"=HYPERLINK(""https://stackoverflow.com/q/59196919"", ""59196919"")",0.34901960784313724
"=HYPERLINK(""https://stackoverflow.com/q/59273151"", ""59273151"")",0.749235474006116
"=HYPERLINK(""https://stackoverflow.com/q/59309318"", ""59309318"")",0.38265306122448983
"=HYPERLINK(""https://stackoverflow.com/q/59348044"", ""59348044"")",0.46868008948545853
"=HYPERLINK(""https://stackoverflow.com/q/59412213"", ""59412213"")",0.4180327868852458
"=HYPERLINK(""https://stackoverflow.com/q/59445324"", ""59445324"")",0.8025641025641027
"=HYPERLINK(""https://stackoverflow.com/q/59510445"", ""59510445"")",0.5
"=HYPERLINK(""https://stackoverflow.com/q/59517355"", ""59517355"")",0.2854291417165668
"=HYPERLINK(""https://stackoverflow.com/q/59637596"", ""59637596"")",0.6696428571428572
"=HYPERLINK(""https://stackoverflow.com/q/59644059"", ""59644059"")",0.3072916666666666
"=HYPERLINK(""https://stackoverflow.com/q/59683283"", ""59683283"")",0.30756442227763925
"=HYPERLINK(""https://stackoverflow.com/q/59716778"", ""59716778"")",0.39583333333333337
"=HYPERLINK(""https://stackoverflow.com/q/59767816"", ""59767816"")",0.3413978494623656
"=HYPERLINK(""https://stackoverflow.com/q/59829017"", ""59829017"")",0.32258064516129037
"=HYPERLINK(""https://stackoverflow.com/q/59881727"", ""59881727"")",0.45998240985048366
"=HYPERLINK(""https://stackoverflow.com/q/59911056"", ""59911056"")",0.3684210526315789
"=HYPERLINK(""https://stackoverflow.com/q/59938211"", ""59938211"")",0.5267175572519084
"=HYPERLINK(""https://stackoverflow.com/q/59950145"", ""59950145"")",0.35365853658536595
"=HYPERLINK(""https://stackoverflow.com/q/59987880"", ""59987880"")",0.37270341207349084
"=HYPERLINK(""https://stackoverflow.com/q/60012811"", ""60012811"")",0.6402877697841729
"=HYPERLINK(""https://stackoverflow.com/q/60086938"", ""60086938"")",0.29648241206030157
"=HYPERLINK(""https://stackoverflow.com/q/60151965"", ""60151965"")",0.44236760124610586
"=HYPERLINK(""https://stackoverflow.com/q/60160773"", ""60160773"")",0.32727272727272727
"=HYPERLINK(""https://stackoverflow.com/q/60202189"", ""60202189"")",0.453125
"=HYPERLINK(""https://stackoverflow.com/q/60202243"", ""60202243"")",0.4663677130044843
"=HYPERLINK(""https://stackoverflow.com/q/60265992"", ""60265992"")",0.4678714859437751
"=HYPERLINK(""https://stackoverflow.com/q/60301487"", ""60301487"")",0.8439716312056735
"=HYPERLINK(""https://stackoverflow.com/q/60306240"", ""60306240"")",0.5043290043290045
"=HYPERLINK(""https://stackoverflow.com/q/60312255"", ""60312255"")",0.365296803652968
"=HYPERLINK(""https://stackoverflow.com/q/60316009"", ""60316009"")",0.5994623655913978
"=HYPERLINK(""https://stackoverflow.com/q/60319141"", ""60319141"")",0.5928753180661577
"=HYPERLINK(""https://stackoverflow.com/q/60331084"", ""60331084"")",0.7024793388429753
"=HYPERLINK(""https://stackoverflow.com/q/60342645"", ""60342645"")",0.3957446808510638
"=HYPERLINK(""https://stackoverflow.com/q/60372715"", ""60372715"")",0.45787545787545797
"=HYPERLINK(""https://stackoverflow.com/q/60380154"", ""60380154"")",0.5402298850574712
"=HYPERLINK(""https://stackoverflow.com/q/60391230"", ""60391230"")",0.563549160671463
"=HYPERLINK(""https://stackoverflow.com/q/60397252"", ""60397252"")",0.39080459770114934
"=HYPERLINK(""https://stackoverflow.com/q/60422073"", ""60422073"")",0.27205882352941185
"=HYPERLINK(""https://stackoverflow.com/q/60434642"", ""60434642"")",0.4964539007092198
"=HYPERLINK(""https://stackoverflow.com/q/60440057"", ""60440057"")",0.31391585760517793
"=HYPERLINK(""https://stackoverflow.com/q/60490195"", ""60490195"")",0.2565284178187405
"=HYPERLINK(""https://stackoverflow.com/q/60523435"", ""60523435"")",0.5985915492957746
"=HYPERLINK(""https://stackoverflow.com/q/60525454"", ""60525454"")",0.5605095541401273
"=HYPERLINK(""https://stackoverflow.com/q/60548089"", ""60548089"")",0.6606425702811243
"=HYPERLINK(""https://stackoverflow.com/q/60562966"", ""60562966"")",0.39363484087102185
"=HYPERLINK(""https://stackoverflow.com/q/60632493"", ""60632493"")",0.7327044025157232
"=HYPERLINK(""https://stackoverflow.com/q/60637170"", ""60637170"")",0.36883629191321493
"=HYPERLINK(""https://stackoverflow.com/q/60638587"", ""60638587"")",0.596045197740113
"=HYPERLINK(""https://stackoverflow.com/q/60650556"", ""60650556"")",0.48694316436251933
"=HYPERLINK(""https://stackoverflow.com/q/60652742"", ""60652742"")",0.5623188405797104
"=HYPERLINK(""https://stackoverflow.com/q/60653207"", ""60653207"")",0.2873563218390805
"=HYPERLINK(""https://stackoverflow.com/q/60654578"", ""60654578"")",0.33088235294117657
"=HYPERLINK(""https://stackoverflow.com/q/60709452"", ""60709452"")",0.4356060606060605
"=HYPERLINK(""https://stackoverflow.com/q/60720060"", ""60720060"")",0.3741007194244605
"=HYPERLINK(""https://stackoverflow.com/q/60752300"", ""60752300"")",0.43154761904761924
"=HYPERLINK(""https://stackoverflow.com/q/60826366"", ""60826366"")",0.4202898550724637
"=HYPERLINK(""https://stackoverflow.com/q/60832279"", ""60832279"")",0.4025157232704403
"=HYPERLINK(""https://stackoverflow.com/q/60853021"", ""60853021"")",0.5080906148867314
"=HYPERLINK(""https://stackoverflow.com/q/60964381"", ""60964381"")",0.49152542372881375
"=HYPERLINK(""https://stackoverflow.com/q/60975078"", ""60975078"")",0.3406113537117904
"=HYPERLINK(""https://stackoverflow.com/q/60978808"", ""60978808"")",0.327536231884058
"=HYPERLINK(""https://stackoverflow.com/q/60980937"", ""60980937"")",0.31073446327683624
"=HYPERLINK(""https://stackoverflow.com/q/60992252"", ""60992252"")",0.3508771929824562
"=HYPERLINK(""https://stackoverflow.com/q/60992717"", ""60992717"")",0.8398268398268399
"=HYPERLINK(""https://stackoverflow.com/q/60994701"", ""60994701"")",0.8899371069182388
"=HYPERLINK(""https://stackoverflow.com/q/61094767"", ""61094767"")",0.518796992481203
"=HYPERLINK(""https://stackoverflow.com/q/61096487"", ""61096487"")",0.3866666666666667
"=HYPERLINK(""https://stackoverflow.com/q/61144788"", ""61144788"")",0.2523961661341853
"=HYPERLINK(""https://stackoverflow.com/q/61167118"", ""61167118"")",0.5977011494252874
"=HYPERLINK(""https://stackoverflow.com/q/61170211"", ""61170211"")",0.4166666666666667
"=HYPERLINK(""https://stackoverflow.com/q/61177696"", ""61177696"")",0.6370967741935483
"=HYPERLINK(""https://stackoverflow.com/q/61245284"", ""61245284"")",0.43459915611814337
"=HYPERLINK(""https://stackoverflow.com/q/61270842"", ""61270842"")",0.6701030927835053
"=HYPERLINK(""https://stackoverflow.com/q/61324600"", ""61324600"")",0.47093023255813954
"=HYPERLINK(""https://stackoverflow.com/q/61382605"", ""61382605"")",0.68
"=HYPERLINK(""https://stackoverflow.com/q/61391963"", ""61391963"")",0.3623655913978494
"=HYPERLINK(""https://stackoverflow.com/q/61392212"", ""61392212"")",0.3449275362318841
"=HYPERLINK(""https://stackoverflow.com/q/61415793"", ""61415793"")",0.314148681055156
"=HYPERLINK(""https://stackoverflow.com/q/61419823"", ""61419823"")",0.58125
"=HYPERLINK(""https://stackoverflow.com/q/61442060"", ""61442060"")",0.47333333333333333
"=HYPERLINK(""https://stackoverflow.com/q/61546680"", ""61546680"")",0.5372549019607844
"=HYPERLINK(""https://stackoverflow.com/q/61665927"", ""61665927"")",0.6438095238095238
"=HYPERLINK(""https://stackoverflow.com/q/61674239"", ""61674239"")",0.5886524822695033
"=HYPERLINK(""https://stackoverflow.com/q/61683506"", ""61683506"")",0.26871794871794874
"=HYPERLINK(""https://stackoverflow.com/q/61736810"", ""61736810"")",0.4260869565217392
"=HYPERLINK(""https://stackoverflow.com/q/61803031"", ""61803031"")",0.38053097345132736
"=HYPERLINK(""https://stackoverflow.com/q/61806350"", ""61806350"")",0.572192513368984
"=HYPERLINK(""https://stackoverflow.com/q/61958473"", ""61958473"")",0.2721088435374149
"=HYPERLINK(""https://stackoverflow.com/q/61977905"", ""61977905"")",0.45431145431145437
"=HYPERLINK(""https://stackoverflow.com/q/61997914"", ""61997914"")",0.5918003565062389
"=HYPERLINK(""https://stackoverflow.com/q/62128489"", ""62128489"")",0.7847619047619049
"=HYPERLINK(""https://stackoverflow.com/q/62156680"", ""62156680"")",0.410010649627263
"=HYPERLINK(""https://stackoverflow.com/q/62158009"", ""62158009"")",0.3759398496240602
"=HYPERLINK(""https://stackoverflow.com/q/62171724"", ""62171724"")",0.5051282051282053
"=HYPERLINK(""https://stackoverflow.com/q/62189492"", ""62189492"")",0.5492424242424242
"=HYPERLINK(""https://stackoverflow.com/q/62200162"", ""62200162"")",0.5730027548209368
"=HYPERLINK(""https://stackoverflow.com/q/62235365"", ""62235365"")",0.3333333333333333
"=HYPERLINK(""https://stackoverflow.com/q/62246020"", ""62246020"")",0.390295358649789
"=HYPERLINK(""https://stackoverflow.com/q/62261222"", ""62261222"")",0.3825136612021857
"=HYPERLINK(""https://stackoverflow.com/q/62310010"", ""62310010"")",0.6793893129770993
"=HYPERLINK(""https://stackoverflow.com/q/62318756"", ""62318756"")",0.7545787545787548
"=HYPERLINK(""https://stackoverflow.com/q/62341639"", ""62341639"")",0.5510887772194305
"=HYPERLINK(""https://stackoverflow.com/q/62407200"", ""62407200"")",0.4161735700197239
"=HYPERLINK(""https://stackoverflow.com/q/62433812"", ""62433812"")",0.5683453237410073
"=HYPERLINK(""https://stackoverflow.com/q/62457880"", ""62457880"")",0.5629139072847682
"=HYPERLINK(""https://stackoverflow.com/q/62462838"", ""62462838"")",0.703125
"=HYPERLINK(""https://stackoverflow.com/q/62508266"", ""62508266"")",0.22807017543859645
"=HYPERLINK(""https://stackoverflow.com/q/62515398"", ""62515398"")",0.35860409145607686
"=HYPERLINK(""https://stackoverflow.com/q/62538688"", ""62538688"")",0.3017751479289941
"=HYPERLINK(""https://stackoverflow.com/q/62571695"", ""62571695"")",0.310838445807771
"=HYPERLINK(""https://stackoverflow.com/q/62696966"", ""62696966"")",0.4592933947772659
"=HYPERLINK(""https://stackoverflow.com/q/62789549"", ""62789549"")",0.5695364238410595
"=HYPERLINK(""https://stackoverflow.com/q/62820211"", ""62820211"")",0.5223367697594502
"=HYPERLINK(""https://stackoverflow.com/q/62935985"", ""62935985"")",0.6379310344827586
"=HYPERLINK(""https://stackoverflow.com/q/62938710"", ""62938710"")",0.5263157894736842
"=HYPERLINK(""https://stackoverflow.com/q/62939528"", ""62939528"")",0.3904761904761905
"=HYPERLINK(""https://stackoverflow.com/q/62995906"", ""62995906"")",0.5303532008830021
"=HYPERLINK(""https://stackoverflow.com/q/63045395"", ""63045395"")",0.5340136054421769
"=HYPERLINK(""https://stackoverflow.com/q/63127521"", ""63127521"")",0.42622950819672123
"=HYPERLINK(""https://stackoverflow.com/q/63156236"", ""63156236"")",0.31615120274914094
"=HYPERLINK(""https://stackoverflow.com/q/63162310"", ""63162310"")",0.6285714285714288
"=HYPERLINK(""https://stackoverflow.com/q/63169702"", ""63169702"")",0.3701431492842536
"=HYPERLINK(""https://stackoverflow.com/q/63204081"", ""63204081"")",0.4104166666666667
"=HYPERLINK(""https://stackoverflow.com/q/63296185"", ""63296185"")",0.4661016949152543
"=HYPERLINK(""https://stackoverflow.com/q/63297308"", ""63297308"")",0.4482758620689655
"=HYPERLINK(""https://stackoverflow.com/q/63339703"", ""63339703"")",0.5446428571428574
"=HYPERLINK(""https://stackoverflow.com/q/63380531"", ""63380531"")",0.6924882629107981
"=HYPERLINK(""https://stackoverflow.com/q/63383400"", ""63383400"")",0.33018867924528306
"=HYPERLINK(""https://stackoverflow.com/q/63403985"", ""63403985"")",0.4367497691597414
"=HYPERLINK(""https://stackoverflow.com/q/63425902"", ""63425902"")",0.6476190476190478
"=HYPERLINK(""https://stackoverflow.com/q/63450801"", ""63450801"")",0.5372549019607845
"=HYPERLINK(""https://stackoverflow.com/q/63458904"", ""63458904"")",0.2571711177052423
"=HYPERLINK(""https://stackoverflow.com/q/63461131"", ""63461131"")",0.6923076923076924
"=HYPERLINK(""https://stackoverflow.com/q/63483452"", ""63483452"")",0.21739130434782603
"=HYPERLINK(""https://stackoverflow.com/q/63617788"", ""63617788"")",0.43969298245614025
"=HYPERLINK(""https://stackoverflow.com/q/63652889"", ""63652889"")",0.6485943775100399
"=HYPERLINK(""https://stackoverflow.com/q/63675892"", ""63675892"")",0.4320241691842901
"=HYPERLINK(""https://stackoverflow.com/q/63677499"", ""63677499"")",0.5074626865671642
"=HYPERLINK(""https://stackoverflow.com/q/63691515"", ""63691515"")",0.46850998463901694
"=HYPERLINK(""https://stackoverflow.com/q/63730264"", ""63730264"")",0.6359999999999999
"=HYPERLINK(""https://stackoverflow.com/q/63763564"", ""63763564"")",0.5238095238095241
"=HYPERLINK(""https://stackoverflow.com/q/63766714"", ""63766714"")",0.470790378006873
"=HYPERLINK(""https://stackoverflow.com/q/63770171"", ""63770171"")",0.36318407960199006
"=HYPERLINK(""https://stackoverflow.com/q/63796488"", ""63796488"")",0.5491525423728814
"=HYPERLINK(""https://stackoverflow.com/q/63822867"", ""63822867"")",0.6441717791411042
"=HYPERLINK(""https://stackoverflow.com/q/63833657"", ""63833657"")",0.3036303630363037
"=HYPERLINK(""https://stackoverflow.com/q/63843515"", ""63843515"")",0.6573033707865167
"=HYPERLINK(""https://stackoverflow.com/q/63844273"", ""63844273"")",0.45631067961165045
"=HYPERLINK(""https://stackoverflow.com/q/63866007"", ""63866007"")",0.6856060606060606
"=HYPERLINK(""https://stackoverflow.com/q/63891547"", ""63891547"")",0.6494464944649446
"=HYPERLINK(""https://stackoverflow.com/q/63896615"", ""63896615"")",0.29268292682926833
"=HYPERLINK(""https://stackoverflow.com/q/63920599"", ""63920599"")",0.5846354166666666
"=HYPERLINK(""https://stackoverflow.com/q/63932299"", ""63932299"")",0.5825242718446603
"=HYPERLINK(""https://stackoverflow.com/q/63947132"", ""63947132"")",0.42948717948717946
"=HYPERLINK(""https://stackoverflow.com/q/63986013"", ""63986013"")",0.4458598726114649
"=HYPERLINK(""https://stackoverflow.com/q/64004014"", ""64004014"")",0.6027397260273972
"=HYPERLINK(""https://stackoverflow.com/q/64005433"", ""64005433"")",0.48684210526315774
"=HYPERLINK(""https://stackoverflow.com/q/64054587"", ""64054587"")",0.31578947368421056
"=HYPERLINK(""https://stackoverflow.com/q/64137409"", ""64137409"")",0.37878787878787884
"=HYPERLINK(""https://stackoverflow.com/q/64208093"", ""64208093"")",0.3442485306465155
"=HYPERLINK(""https://stackoverflow.com/q/64221013"", ""64221013"")",0.5209380234505864
"=HYPERLINK(""https://stackoverflow.com/q/64315239"", ""64315239"")",0.4373983739837398
"=HYPERLINK(""https://stackoverflow.com/q/64338898"", ""64338898"")",0.40196078431372556
"=HYPERLINK(""https://stackoverflow.com/q/64480876"", ""64480876"")",0.5485564304461943
"=HYPERLINK(""https://stackoverflow.com/q/64486262"", ""64486262"")",0.4054982817869417
"=HYPERLINK(""https://stackoverflow.com/q/64508625"", ""64508625"")",0.5520833333333334
"=HYPERLINK(""https://stackoverflow.com/q/64546521"", ""64546521"")",0.2109704641350211
"=HYPERLINK(""https://stackoverflow.com/q/64551589"", ""64551589"")",0.40816326530612224
"=HYPERLINK(""https://stackoverflow.com/q/64554615"", ""64554615"")",0.37391304347826093
"=HYPERLINK(""https://stackoverflow.com/q/64576059"", ""64576059"")",0.6729559748427673
"=HYPERLINK(""https://stackoverflow.com/q/64597526"", ""64597526"")",0.4182590233545648
"=HYPERLINK(""https://stackoverflow.com/q/64599174"", ""64599174"")",0.23880597014925378
"=HYPERLINK(""https://stackoverflow.com/q/64672881"", ""64672881"")",0.7201426024955437
"=HYPERLINK(""https://stackoverflow.com/q/64777666"", ""64777666"")",0.23664122137404578
"=HYPERLINK(""https://stackoverflow.com/q/64796424"", ""64796424"")",0.5306122448979591
"=HYPERLINK(""https://stackoverflow.com/q/64816630"", ""64816630"")",0.6173212487411884
"=HYPERLINK(""https://stackoverflow.com/q/64819766"", ""64819766"")",0.6491228070175437
"=HYPERLINK(""https://stackoverflow.com/q/64869372"", ""64869372"")",0.3765112262521588
"=HYPERLINK(""https://stackoverflow.com/q/64873204"", ""64873204"")",0.5771144278606968
"=HYPERLINK(""https://stackoverflow.com/q/65044700"", ""65044700"")",0.4133333333333335
"=HYPERLINK(""https://stackoverflow.com/q/65075228"", ""65075228"")",0.46875000000000006
"=HYPERLINK(""https://stackoverflow.com/q/65099376"", ""65099376"")",0.46899224806201545
"=HYPERLINK(""https://stackoverflow.com/q/65114170"", ""65114170"")",0.6300366300366302
"=HYPERLINK(""https://stackoverflow.com/q/65135398"", ""65135398"")",0.32489451476793246
"=HYPERLINK(""https://stackoverflow.com/q/65148768"", ""65148768"")",0.3049645390070922
"=HYPERLINK(""https://stackoverflow.com/q/65156837"", ""65156837"")",0.5333333333333335
"=HYPERLINK(""https://stackoverflow.com/q/65156959"", ""65156959"")",0.2701149425287356
"=HYPERLINK(""https://stackoverflow.com/q/65159778"", ""65159778"")",0.33333333333333337
"=HYPERLINK(""https://stackoverflow.com/q/65212177"", ""65212177"")",0.27380952380952384
"=HYPERLINK(""https://stackoverflow.com/q/65214744"", ""65214744"")",0.4186991869918699
"=HYPERLINK(""https://stackoverflow.com/q/65231534"", ""65231534"")",0.4901960784313727
"=HYPERLINK(""https://stackoverflow.com/q/65232059"", ""65232059"")",0.3247311827956989
"=HYPERLINK(""https://stackoverflow.com/q/65235412"", ""65235412"")",0.6084337349397589
"=HYPERLINK(""https://stackoverflow.com/q/65245364"", ""65245364"")",0.40852130325814545
"=HYPERLINK(""https://stackoverflow.com/q/65275846"", ""65275846"")",0.35864978902953587
"=HYPERLINK(""https://stackoverflow.com/q/65343148"", ""65343148"")",0.4543010752688172
"=HYPERLINK(""https://stackoverflow.com/q/65343319"", ""65343319"")",0.31238095238095237
"=HYPERLINK(""https://stackoverflow.com/q/65360336"", ""65360336"")",0.27363184079601993
"=HYPERLINK(""https://stackoverflow.com/q/65362041"", ""65362041"")",0.6265984654731456
"=HYPERLINK(""https://stackoverflow.com/q/65363117"", ""65363117"")",0.5559947299077734
"=HYPERLINK(""https://stackoverflow.com/q/65556574"", ""65556574"")",0.33333333333333337
"=HYPERLINK(""https://stackoverflow.com/q/65565046"", ""65565046"")",0.6167979002624671
"=HYPERLINK(""https://stackoverflow.com/q/65586756"", ""65586756"")",0.5487179487179489
"=HYPERLINK(""https://stackoverflow.com/q/65606597"", ""65606597"")",0.3423423423423423
"=HYPERLINK(""https://stackoverflow.com/q/65732095"", ""65732095"")",0.43939393939393934
"=HYPERLINK(""https://stackoverflow.com/q/65767041"", ""65767041"")",0.28205128205128194
"=HYPERLINK(""https://stackoverflow.com/q/65767042"", ""65767042"")",0.21212121212121202
"=HYPERLINK(""https://stackoverflow.com/q/65769868"", ""65769868"")",0.7154471544715448
"=HYPERLINK(""https://stackoverflow.com/q/65795579"", ""65795579"")",0.4439528023598819
"=HYPERLINK(""https://stackoverflow.com/q/65819401"", ""65819401"")",0.5265151515151514
"=HYPERLINK(""https://stackoverflow.com/q/65820654"", ""65820654"")",0.44150110375275936
"=HYPERLINK(""https://stackoverflow.com/q/65828200"", ""65828200"")",0.5108481262327416
"=HYPERLINK(""https://stackoverflow.com/q/65899552"", ""65899552"")",0.44369369369369366
"=HYPERLINK(""https://stackoverflow.com/q/65955909"", ""65955909"")",0.7485875706214692
"=HYPERLINK(""https://stackoverflow.com/q/65991587"", ""65991587"")",0.3725490196078432
"=HYPERLINK(""https://stackoverflow.com/q/65997961"", ""65997961"")",0.7341513292433538
"=HYPERLINK(""https://stackoverflow.com/q/66020144"", ""66020144"")",0.35688405797101447
"=HYPERLINK(""https://stackoverflow.com/q/66037911"", ""66037911"")",0.5877192982456139
"=HYPERLINK(""https://stackoverflow.com/q/66045485"", ""66045485"")",0.4068627450980393
"=HYPERLINK(""https://stackoverflow.com/q/66062015"", ""66062015"")",0.59915611814346
"=HYPERLINK(""https://stackoverflow.com/q/66207580"", ""66207580"")",0.7575757575757576
"=HYPERLINK(""https://stackoverflow.com/q/66226685"", ""66226685"")",0.5767012687427912
"=HYPERLINK(""https://stackoverflow.com/q/66247129"", ""66247129"")",0.3774834437086093
"=HYPERLINK(""https://stackoverflow.com/q/66264795"", ""66264795"")",0.3414634146341463
"=HYPERLINK(""https://stackoverflow.com/q/66276809"", ""66276809"")",0.27464788732394374
"=HYPERLINK(""https://stackoverflow.com/q/66348183"", ""66348183"")",0.5949612403100775
"=HYPERLINK(""https://stackoverflow.com/q/66388153"", ""66388153"")",0.2721088435374149
"=HYPERLINK(""https://stackoverflow.com/q/66437607"", ""66437607"")",0.4864864864864864
"=HYPERLINK(""https://stackoverflow.com/q/66459597"", ""66459597"")",0.3291666666666667
"=HYPERLINK(""https://stackoverflow.com/q/66469245"", ""66469245"")",0.33009708737864074
"=HYPERLINK(""https://stackoverflow.com/q/66521005"", ""66521005"")",0.31578947368421056
"=HYPERLINK(""https://stackoverflow.com/q/66568484"", ""66568484"")",0.6166666666666668
"=HYPERLINK(""https://stackoverflow.com/q/66576663"", ""66576663"")",0.6648250460405157
"=HYPERLINK(""https://stackoverflow.com/q/66592313"", ""66592313"")",0.41620626151012896
"=HYPERLINK(""https://stackoverflow.com/q/66601526"", ""66601526"")",0.5963302752293578
"=HYPERLINK(""https://stackoverflow.com/q/66623001"", ""66623001"")",0.5447154471544717
"=HYPERLINK(""https://stackoverflow.com/q/66653245"", ""66653245"")",0.4676616915422886
"=HYPERLINK(""https://stackoverflow.com/q/66669758"", ""66669758"")",0.25889967637540445
"=HYPERLINK(""https://stackoverflow.com/q/66670673"", ""66670673"")",0.27642276422764234
"=HYPERLINK(""https://stackoverflow.com/q/66704314"", ""66704314"")",0.4746136865342164
"=HYPERLINK(""https://stackoverflow.com/q/66711458"", ""66711458"")",0.5647558386411888
"=HYPERLINK(""https://stackoverflow.com/q/66745404"", ""66745404"")",0.6065162907268171
"=HYPERLINK(""https://stackoverflow.com/q/66775579"", ""66775579"")",0.43231441048034946
"=HYPERLINK(""https://stackoverflow.com/q/66785273"", ""66785273"")",0.3179487179487181
"=HYPERLINK(""https://stackoverflow.com/q/66801546"", ""66801546"")",0.6120689655172415
"=HYPERLINK(""https://stackoverflow.com/q/66823119"", ""66823119"")",0.5916666666666669
"=HYPERLINK(""https://stackoverflow.com/q/66850856"", ""66850856"")",0.3510520487264672
"=HYPERLINK(""https://stackoverflow.com/q/66944522"", ""66944522"")",0.4311926605504588
"=HYPERLINK(""https://stackoverflow.com/q/67021176"", ""67021176"")",0.5982142857142858
"=HYPERLINK(""https://stackoverflow.com/q/67072447"", ""67072447"")",0.3037634408602151
"=HYPERLINK(""https://stackoverflow.com/q/67081272"", ""67081272"")",0.36855345911949694
"=HYPERLINK(""https://stackoverflow.com/q/67161293"", ""67161293"")",0.45928753180661586
"=HYPERLINK(""https://stackoverflow.com/q/67255397"", ""67255397"")",0.6973684210526313
"=HYPERLINK(""https://stackoverflow.com/q/67287063"", ""67287063"")",0.395101171458999
"=HYPERLINK(""https://stackoverflow.com/q/67352949"", ""67352949"")",0.35395189003436434
"=HYPERLINK(""https://stackoverflow.com/q/67387249"", ""67387249"")",0.44680851063829785
"=HYPERLINK(""https://stackoverflow.com/q/67414048"", ""67414048"")",0.43506493506493504
"=HYPERLINK(""https://stackoverflow.com/q/67448564"", ""67448564"")",0.4166666666666667
"=HYPERLINK(""https://stackoverflow.com/q/67473261"", ""67473261"")",0.41079812206572786
"=HYPERLINK(""https://stackoverflow.com/q/67488064"", ""67488064"")",0.41350210970464124
"=HYPERLINK(""https://stackoverflow.com/q/67498965"", ""67498965"")",0.3978494623655914
"=HYPERLINK(""https://stackoverflow.com/q/67533091"", ""67533091"")",0.4242424242424243
"=HYPERLINK(""https://stackoverflow.com/q/67535014"", ""67535014"")",0.2857142857142857
"=HYPERLINK(""https://stackoverflow.com/q/67536581"", ""67536581"")",0.31498470948012236
"=HYPERLINK(""https://stackoverflow.com/q/67543601"", ""67543601"")",0.5902140672782875
"=HYPERLINK(""https://stackoverflow.com/q/67552090"", ""67552090"")",0.5345911949685535
"=HYPERLINK(""https://stackoverflow.com/q/67570285"", ""67570285"")",0.34561403508771926
"=HYPERLINK(""https://stackoverflow.com/q/67570921"", ""67570921"")",0.5864978902953586
"=HYPERLINK(""https://stackoverflow.com/q/67609973"", ""67609973"")",0.46855345911949686
"=HYPERLINK(""https://stackoverflow.com/q/67616170"", ""67616170"")",0.2568306010928962
"=HYPERLINK(""https://stackoverflow.com/q/67622586"", ""67622586"")",0.48742138364779874
"=HYPERLINK(""https://stackoverflow.com/q/67625060"", ""67625060"")",0.3609341825902335
"=HYPERLINK(""https://stackoverflow.com/q/67648580"", ""67648580"")",0.2907801418439716
"=HYPERLINK(""https://stackoverflow.com/q/67684119"", ""67684119"")",0.2935483870967742
"=HYPERLINK(""https://stackoverflow.com/q/67685144"", ""67685144"")",0.4191176470588236
"=HYPERLINK(""https://stackoverflow.com/q/67689671"", ""67689671"")",0.5476190476190477
"=HYPERLINK(""https://stackoverflow.com/q/67713876"", ""67713876"")",0.1932773109243698
"=HYPERLINK(""https://stackoverflow.com/q/67714712"", ""67714712"")",0.3954451345755693
"=HYPERLINK(""https://stackoverflow.com/q/67719164"", ""67719164"")",0.5735080058224162
"=HYPERLINK(""https://stackoverflow.com/q/67734831"", ""67734831"")",0.5814536340852131
"=HYPERLINK(""https://stackoverflow.com/q/67735047"", ""67735047"")",0.5089285714285716
"=HYPERLINK(""https://stackoverflow.com/q/67800425"", ""67800425"")",0.3775100401606425
"=HYPERLINK(""https://stackoverflow.com/q/67806547"", ""67806547"")",0.27358490566037735
"=HYPERLINK(""https://stackoverflow.com/q/67807756"", ""67807756"")",0.4316939890710382
"=HYPERLINK(""https://stackoverflow.com/q/67819912"", ""67819912"")",0.2965116279069767
"=HYPERLINK(""https://stackoverflow.com/q/67871423"", ""67871423"")",0.39297124600638983
"=HYPERLINK(""https://stackoverflow.com/q/67873506"", ""67873506"")",0.49523809523809537
"=HYPERLINK(""https://stackoverflow.com/q/67873685"", ""67873685"")",0.5952380952380955
"=HYPERLINK(""https://stackoverflow.com/q/67900417"", ""67900417"")",0.35911602209944754
"=HYPERLINK(""https://stackoverflow.com/q/67945601"", ""67945601"")",0.7377049180327868
"=HYPERLINK(""https://stackoverflow.com/q/67966905"", ""67966905"")",0.4255319148936171
"=HYPERLINK(""https://stackoverflow.com/q/67993641"", ""67993641"")",0.5865800865800866
"=HYPERLINK(""https://stackoverflow.com/q/68033025"", ""68033025"")",0.4791666666666668
"=HYPERLINK(""https://stackoverflow.com/q/68035458"", ""68035458"")",0.3833333333333333
"=HYPERLINK(""https://stackoverflow.com/q/68101985"", ""68101985"")",0.5077262693156733
"=HYPERLINK(""https://stackoverflow.com/q/68115476"", ""68115476"")",0.6893203883495145
"=HYPERLINK(""https://stackoverflow.com/q/68147074"", ""68147074"")",0.5051282051282052
"=HYPERLINK(""https://stackoverflow.com/q/68170867"", ""68170867"")",0.443609022556391
"=HYPERLINK(""https://stackoverflow.com/q/68172002"", ""68172002"")",0.5014749262536873
"=HYPERLINK(""https://stackoverflow.com/q/68182418"", ""68182418"")",0.5094339622641508
"=HYPERLINK(""https://stackoverflow.com/q/68192975"", ""68192975"")",0.25344352617079896
"=HYPERLINK(""https://stackoverflow.com/q/68195932"", ""68195932"")",0.45398773006134974
"=HYPERLINK(""https://stackoverflow.com/q/68205452"", ""68205452"")",0.46693657219973
"=HYPERLINK(""https://stackoverflow.com/q/68208679"", ""68208679"")",0.7282051282051285
"=HYPERLINK(""https://stackoverflow.com/q/68213241"", ""68213241"")",0.2624113475177305
"=HYPERLINK(""https://stackoverflow.com/q/68230714"", ""68230714"")",0.42838541666666674
"=HYPERLINK(""https://stackoverflow.com/q/68237581"", ""68237581"")",0.41747572815533984
"=HYPERLINK(""https://stackoverflow.com/q/68249771"", ""68249771"")",0.4963768115942029
"=HYPERLINK(""https://stackoverflow.com/q/68268886"", ""68268886"")",0.6151202749140895
"=HYPERLINK(""https://stackoverflow.com/q/68297899"", ""68297899"")",0.35680751173708924
"=HYPERLINK(""https://stackoverflow.com/q/68349739"", ""68349739"")",0.5572139303482587
"=HYPERLINK(""https://stackoverflow.com/q/68354159"", ""68354159"")",0.6249999999999999
"=HYPERLINK(""https://stackoverflow.com/q/68360738"", ""68360738"")",0.4725738396624473
"=HYPERLINK(""https://stackoverflow.com/q/68367348"", ""68367348"")",0.488673139158576
"=HYPERLINK(""https://stackoverflow.com/q/68394173"", ""68394173"")",0.47443762781186094
"=HYPERLINK(""https://stackoverflow.com/q/68395987"", ""68395987"")",0.4615384615384617
"=HYPERLINK(""https://stackoverflow.com/q/68406017"", ""68406017"")",0.6848484848484849
"=HYPERLINK(""https://stackoverflow.com/q/68409053"", ""68409053"")",0.27007299270072993
"=HYPERLINK(""https://stackoverflow.com/q/68437320"", ""68437320"")",0.6745655608214851
"=HYPERLINK(""https://stackoverflow.com/q/68448005"", ""68448005"")",0.41379310344827586
"=HYPERLINK(""https://stackoverflow.com/q/68463080"", ""68463080"")",0.33980582524271835
"=HYPERLINK(""https://stackoverflow.com/q/68474739"", ""68474739"")",0.6701030927835053
"=HYPERLINK(""https://stackoverflow.com/q/68485660"", ""68485660"")",0.41666666666666663
"=HYPERLINK(""https://stackoverflow.com/q/68527606"", ""68527606"")",0.38216560509554137
"=HYPERLINK(""https://stackoverflow.com/q/68556675"", ""68556675"")",0.34911242603550297
"=HYPERLINK(""https://stackoverflow.com/q/68558469"", ""68558469"")",0.45714285714285724
"=HYPERLINK(""https://stackoverflow.com/q/68576106"", ""68576106"")",0.4053030303030303
"=HYPERLINK(""https://stackoverflow.com/q/68595007"", ""68595007"")",0.5709219858156028
"=HYPERLINK(""https://stackoverflow.com/q/68624421"", ""68624421"")",0.5314465408805031
"=HYPERLINK(""https://stackoverflow.com/q/68644137"", ""68644137"")",0.6182795698924731
"=HYPERLINK(""https://stackoverflow.com/q/68647731"", ""68647731"")",0.5921568627450982
"=HYPERLINK(""https://stackoverflow.com/q/68647922"", ""68647922"")",0.2835680751173708
"=HYPERLINK(""https://stackoverflow.com/q/68658385"", ""68658385"")",0.5389610389610391
"=HYPERLINK(""https://stackoverflow.com/q/68669957"", ""68669957"")",0.4670912951167728
"=HYPERLINK(""https://stackoverflow.com/q/68678587"", ""68678587"")",0.3930817610062893
"=HYPERLINK(""https://stackoverflow.com/q/68696426"", ""68696426"")",0.32786885245901637
"=HYPERLINK(""https://stackoverflow.com/q/68778097"", ""68778097"")",0.46994535519125674
"=HYPERLINK(""https://stackoverflow.com/q/68778350"", ""68778350"")",0.24858757062146897
"=HYPERLINK(""https://stackoverflow.com/q/68823240"", ""68823240"")",0.3605442176870747
"=HYPERLINK(""https://stackoverflow.com/q/68843120"", ""68843120"")",0.5430107526881721
"=HYPERLINK(""https://stackoverflow.com/q/68939332"", ""68939332"")",0.4142011834319525
"=HYPERLINK(""https://stackoverflow.com/q/68944750"", ""68944750"")",0.5443645083932855
"=HYPERLINK(""https://stackoverflow.com/q/68959934"", ""68959934"")",0.42608695652173917
"=HYPERLINK(""https://stackoverflow.com/q/68968151"", ""68968151"")",0.4355828220858896
"=HYPERLINK(""https://stackoverflow.com/q/69051573"", ""69051573"")",0.32159624413145543
"=HYPERLINK(""https://stackoverflow.com/q/69070888"", ""69070888"")",0.5060908084163898
"=HYPERLINK(""https://stackoverflow.com/q/69113428"", ""69113428"")",0.25
"=HYPERLINK(""https://stackoverflow.com/q/69195908"", ""69195908"")",0.26160337552742613
"=HYPERLINK(""https://stackoverflow.com/q/69196814"", ""69196814"")",0.4136546184738956
"=HYPERLINK(""https://stackoverflow.com/q/69198197"", ""69198197"")",0.24657534246575338
"=HYPERLINK(""https://stackoverflow.com/q/69218943"", ""69218943"")",0.8232118758434546
"=HYPERLINK(""https://stackoverflow.com/q/69345673"", ""69345673"")",0.3123359580052494
"=HYPERLINK(""https://stackoverflow.com/q/69379155"", ""69379155"")",0.27927927927927926
"=HYPERLINK(""https://stackoverflow.com/q/69394439"", ""69394439"")",0.38586956521739124
"=HYPERLINK(""https://stackoverflow.com/q/69401321"", ""69401321"")",0.7014492753623188
"=HYPERLINK(""https://stackoverflow.com/q/69407758"", ""69407758"")",0.5922619047619049
"=HYPERLINK(""https://stackoverflow.com/q/69450547"", ""69450547"")",0.434959349593496
"=HYPERLINK(""https://stackoverflow.com/q/69472887"", ""69472887"")",0.38511326860841416
"=HYPERLINK(""https://stackoverflow.com/q/69522401"", ""69522401"")",0.39361702127659576
"=HYPERLINK(""https://stackoverflow.com/q/69525503"", ""69525503"")",0.7412935323383085
"=HYPERLINK(""https://stackoverflow.com/q/69554336"", ""69554336"")",0.28134556574923547
"=HYPERLINK(""https://stackoverflow.com/q/69561386"", ""69561386"")",0.39494470774091645
"=HYPERLINK(""https://stackoverflow.com/q/69567330"", ""69567330"")",0.6127450980392158
"=HYPERLINK(""https://stackoverflow.com/q/69627691"", ""69627691"")",0.30645161290322587
"=HYPERLINK(""https://stackoverflow.com/q/69642893"", ""69642893"")",0.5275779376498801
"=HYPERLINK(""https://stackoverflow.com/q/69712598"", ""69712598"")",0.2827715355805243
"=HYPERLINK(""https://stackoverflow.com/q/69721668"", ""69721668"")",0.4749568221070811
"=HYPERLINK(""https://stackoverflow.com/q/69755442"", ""69755442"")",0.7695035460992906
"=HYPERLINK(""https://stackoverflow.com/q/69764100"", ""69764100"")",0.3455284552845529
"=HYPERLINK(""https://stackoverflow.com/q/69824104"", ""69824104"")",0.576305220883534
"=HYPERLINK(""https://stackoverflow.com/q/69838394"", ""69838394"")",0.5217391304347827
"=HYPERLINK(""https://stackoverflow.com/q/69857591"", ""69857591"")",0.34400000000000003
"=HYPERLINK(""https://stackoverflow.com/q/69859398"", ""69859398"")",0.7327823691460056
"=HYPERLINK(""https://stackoverflow.com/q/69916579"", ""69916579"")",0.2725225225225226
"=HYPERLINK(""https://stackoverflow.com/q/69940562"", ""69940562"")",0.7540453074433656
"=HYPERLINK(""https://stackoverflow.com/q/69972520"", ""69972520"")",0.3551912568306011
"=HYPERLINK(""https://stackoverflow.com/q/70005957"", ""70005957"")",0.344632768361582
"=HYPERLINK(""https://stackoverflow.com/q/70010018"", ""70010018"")",0.2622549019607843
"=HYPERLINK(""https://stackoverflow.com/q/70010405"", ""70010405"")",0.5977011494252872
"=HYPERLINK(""https://stackoverflow.com/q/70084661"", ""70084661"")",0.4316320100819155
"=HYPERLINK(""https://stackoverflow.com/q/70126843"", ""70126843"")",0.33656957928802594
"=HYPERLINK(""https://stackoverflow.com/q/70156610"", ""70156610"")",0.728613569321534
"=HYPERLINK(""https://stackoverflow.com/q/70170728"", ""70170728"")",0.6875000000000001
"=HYPERLINK(""https://stackoverflow.com/q/70179691"", ""70179691"")",0.3636363636363636
"=HYPERLINK(""https://stackoverflow.com/q/70187397"", ""70187397"")",0.5437158469945355
"=HYPERLINK(""https://stackoverflow.com/q/70217117"", ""70217117"")",0.4063670411985018
"=HYPERLINK(""https://stackoverflow.com/q/70244317"", ""70244317"")",0.7388316151202751
"=HYPERLINK(""https://stackoverflow.com/q/70252478"", ""70252478"")",0.35250737463126847
"=HYPERLINK(""https://stackoverflow.com/q/70255045"", ""70255045"")",0.3021276595744681
"=HYPERLINK(""https://stackoverflow.com/q/70292222"", ""70292222"")",0.3302752293577982
"=HYPERLINK(""https://stackoverflow.com/q/70310224"", ""70310224"")",0.5241935483870969
"=HYPERLINK(""https://stackoverflow.com/q/70338955"", ""70338955"")",0.5406613047363719
"=HYPERLINK(""https://stackoverflow.com/q/70367195"", ""70367195"")",0.3051282051282052
"=HYPERLINK(""https://stackoverflow.com/q/70376362"", ""70376362"")",0.5394736842105264
"=HYPERLINK(""https://stackoverflow.com/q/70436983"", ""70436983"")",0.6786570743405279
"=HYPERLINK(""https://stackoverflow.com/q/70478173"", ""70478173"")",0.36769759450171824
"=HYPERLINK(""https://stackoverflow.com/q/70506176"", ""70506176"")",0.3389830508474577
"=HYPERLINK(""https://stackoverflow.com/q/70517166"", ""70517166"")",0.41869918699186986
"=HYPERLINK(""https://stackoverflow.com/q/70538271"", ""70538271"")",0.23863636363636356
"=HYPERLINK(""https://stackoverflow.com/q/70538937"", ""70538937"")",0.4216335540838853
"=HYPERLINK(""https://stackoverflow.com/q/70586901"", ""70586901"")",0.37457044673539525
"=HYPERLINK(""https://stackoverflow.com/q/70657838"", ""70657838"")",0.3038674033149172
"=HYPERLINK(""https://stackoverflow.com/q/70692270"", ""70692270"")",0.2926829268292684
"=HYPERLINK(""https://stackoverflow.com/q/70739800"", ""70739800"")",0.7533333333333336
"=HYPERLINK(""https://stackoverflow.com/q/70771911"", ""70771911"")",0.5774647887323945
"=HYPERLINK(""https://stackoverflow.com/q/70772040"", ""70772040"")",0.4736842105263157
"=HYPERLINK(""https://stackoverflow.com/q/70793674"", ""70793674"")",0.34972677595628415
"=HYPERLINK(""https://stackoverflow.com/q/70796740"", ""70796740"")",0.3805774278215224
"=HYPERLINK(""https://stackoverflow.com/q/70802006"", ""70802006"")",0.556923076923077
"=HYPERLINK(""https://stackoverflow.com/q/70831378"", ""70831378"")",0.37254901960784315
"=HYPERLINK(""https://stackoverflow.com/q/70852922"", ""70852922"")",0.5477707006369426
"=HYPERLINK(""https://stackoverflow.com/q/70873347"", ""70873347"")",0.5124378109452737
"=HYPERLINK(""https://stackoverflow.com/q/70923438"", ""70923438"")",0.4551282051282052
"=HYPERLINK(""https://stackoverflow.com/q/70928761"", ""70928761"")",0.31531531531531537
"=HYPERLINK(""https://stackoverflow.com/q/70929123"", ""70929123"")",0.2761904761904762
"=HYPERLINK(""https://stackoverflow.com/q/70967025"", ""70967025"")",0.48809523809523825
"=HYPERLINK(""https://stackoverflow.com/q/70985091"", ""70985091"")",0.5975820379965457
"=HYPERLINK(""https://stackoverflow.com/q/71013850"", ""71013850"")",0.2715654952076677
"=HYPERLINK(""https://stackoverflow.com/q/71014584"", ""71014584"")",0.301418439716312
"=HYPERLINK(""https://stackoverflow.com/q/71024584"", ""71024584"")",0.5220588235294119
"=HYPERLINK(""https://stackoverflow.com/q/71030280"", ""71030280"")",0.6818181818181817
"=HYPERLINK(""https://stackoverflow.com/q/71057503"", ""71057503"")",0.3641025641025642
"=HYPERLINK(""https://stackoverflow.com/q/71119807"", ""71119807"")",0.47619047619047633
"=HYPERLINK(""https://stackoverflow.com/q/71135228"", ""71135228"")",0.32420091324200906
"=HYPERLINK(""https://stackoverflow.com/q/71177443"", ""71177443"")",0.46458333333333346
"=HYPERLINK(""https://stackoverflow.com/q/71194954"", ""71194954"")",0.7553444180522565
"=HYPERLINK(""https://stackoverflow.com/q/71203995"", ""71203995"")",0.29761904761904767
"=HYPERLINK(""https://stackoverflow.com/q/71211576"", ""71211576"")",0.6440677966101697
"=HYPERLINK(""https://stackoverflow.com/q/71231659"", ""71231659"")",0.3629032258064516
"=HYPERLINK(""https://stackoverflow.com/q/71276294"", ""71276294"")",0.3004694835680752
"=HYPERLINK(""https://stackoverflow.com/q/71302634"", ""71302634"")",0.5743589743589744
"=HYPERLINK(""https://stackoverflow.com/q/71321757"", ""71321757"")",0.5454545454545455
"=HYPERLINK(""https://stackoverflow.com/q/71407308"", ""71407308"")",0.3281519861830742
"=HYPERLINK(""https://stackoverflow.com/q/71409262"", ""71409262"")",0.4389671361502347
"=HYPERLINK(""https://stackoverflow.com/q/71410091"", ""71410091"")",0.44597701149425295
"=HYPERLINK(""https://stackoverflow.com/q/71411665"", ""71411665"")",0.241042345276873
"=HYPERLINK(""https://stackoverflow.com/q/71412319"", ""71412319"")",0.4277108433734939
"=HYPERLINK(""https://stackoverflow.com/q/71425753"", ""71425753"")",0.5647382920110193
"=HYPERLINK(""https://stackoverflow.com/q/71426234"", ""71426234"")",0.23428571428571432
"=HYPERLINK(""https://stackoverflow.com/q/71441335"", ""71441335"")",0.42564102564102574
"=HYPERLINK(""https://stackoverflow.com/q/71488101"", ""71488101"")",0.41747572815533984
"=HYPERLINK(""https://stackoverflow.com/q/71499094"", ""71499094"")",0.3486238532110091
"=HYPERLINK(""https://stackoverflow.com/q/71509160"", ""71509160"")",0.3019607843137255
"=HYPERLINK(""https://stackoverflow.com/q/71545397"", ""71545397"")",0.3856502242152467
"=HYPERLINK(""https://stackoverflow.com/q/71632318"", ""71632318"")",0.3012820512820513
"=HYPERLINK(""https://stackoverflow.com/q/71645213"", ""71645213"")",0.554559043348281
"=HYPERLINK(""https://stackoverflow.com/q/71649163"", ""71649163"")",0.37614678899082576
"=HYPERLINK(""https://stackoverflow.com/q/71661965"", ""71661965"")",0.5882352941176473
"=HYPERLINK(""https://stackoverflow.com/q/71662401"", ""71662401"")",0.4038461538461539
"=HYPERLINK(""https://stackoverflow.com/q/71738738"", ""71738738"")",0.36666666666666664
"=HYPERLINK(""https://stackoverflow.com/q/71751564"", ""71751564"")",0.47950089126559714
"=HYPERLINK(""https://stackoverflow.com/q/71783228"", ""71783228"")",0.4615384615384617
"=HYPERLINK(""https://stackoverflow.com/q/71790268"", ""71790268"")",0.35539215686274517
"=HYPERLINK(""https://stackoverflow.com/q/71804622"", ""71804622"")",0.4600000000000001
"=HYPERLINK(""https://stackoverflow.com/q/71840476"", ""71840476"")",0.36607142857142866
"=HYPERLINK(""https://stackoverflow.com/q/71846305"", ""71846305"")",0.44871794871794873
"=HYPERLINK(""https://stackoverflow.com/q/71858668"", ""71858668"")",0.3333333333333333
"=HYPERLINK(""https://stackoverflow.com/q/71862126"", ""71862126"")",0.5112994350282487
"=HYPERLINK(""https://stackoverflow.com/q/71882074"", ""71882074"")",0.30022075055187647
"=HYPERLINK(""https://stackoverflow.com/q/71939604"", ""71939604"")",0.3527131782945736
"=HYPERLINK(""https://stackoverflow.com/q/71945868"", ""71945868"")",0.22857142857142862
"=HYPERLINK(""https://stackoverflow.com/q/71956939"", ""71956939"")",0.361904761904762
"=HYPERLINK(""https://stackoverflow.com/q/72011565"", ""72011565"")",0.3403755868544602
"=HYPERLINK(""https://stackoverflow.com/q/72018678"", ""72018678"")",0.3911845730027547
"=HYPERLINK(""https://stackoverflow.com/q/72035391"", ""72035391"")",0.26344086021505375
"=HYPERLINK(""https://stackoverflow.com/q/72083832"", ""72083832"")",0.42559523809523825
"=HYPERLINK(""https://stackoverflow.com/q/72153781"", ""72153781"")",0.3036093418259023
"=HYPERLINK(""https://stackoverflow.com/q/72210450"", ""72210450"")",0.6572327044025157
"=HYPERLINK(""https://stackoverflow.com/q/72214072"", ""72214072"")",0.26553672316384186
"=HYPERLINK(""https://stackoverflow.com/q/72237160"", ""72237160"")",0.7079037800687287
"=HYPERLINK(""https://stackoverflow.com/q/72279741"", ""72279741"")",0.42661691542288543
"=HYPERLINK(""https://stackoverflow.com/q/72294794"", ""72294794"")",0.3872549019607844
"=HYPERLINK(""https://stackoverflow.com/q/72294879"", ""72294879"")",0.5016501650165016
"=HYPERLINK(""https://stackoverflow.com/q/72316517"", ""72316517"")",0.5447154471544715
"=HYPERLINK(""https://stackoverflow.com/q/72359082"", ""72359082"")",0.41002949852507375
"=HYPERLINK(""https://stackoverflow.com/q/72376401"", ""72376401"")",0.3634204275534441
"=HYPERLINK(""https://stackoverflow.com/q/72388777"", ""72388777"")",0.31
"=HYPERLINK(""https://stackoverflow.com/q/72399408"", ""72399408"")",0.5586854460093897
"=HYPERLINK(""https://stackoverflow.com/q/72433640"", ""72433640"")",0.31567328918322307
"=HYPERLINK(""https://stackoverflow.com/q/72451922"", ""72451922"")",0.3085106382978723
"=HYPERLINK(""https://stackoverflow.com/q/72452734"", ""72452734"")",0.55625
"=HYPERLINK(""https://stackoverflow.com/q/72454565"", ""72454565"")",0.2935323383084577
"=HYPERLINK(""https://stackoverflow.com/q/72456723"", ""72456723"")",0.36093418259023363
"=HYPERLINK(""https://stackoverflow.com/q/72464079"", ""72464079"")",0.4980392156862747
"=HYPERLINK(""https://stackoverflow.com/q/72471691"", ""72471691"")",0.3483709273182957
"=HYPERLINK(""https://stackoverflow.com/q/72473437"", ""72473437"")",0.2804878048780488
