link,Correlation
"=HYPERLINK(""https://stackoverflow.com/a/11170969"", ""11170969"")",0.1290322580645161
"=HYPERLINK(""https://stackoverflow.com/a/14429788"", ""14429788"")",0.4108527131782946
"=HYPERLINK(""https://stackoverflow.com/a/15621557"", ""15621557"")",0.23076923076923067
"=HYPERLINK(""https://stackoverflow.com/a/19721738"", ""19721738"")",0.26530612244897955
"=HYPERLINK(""https://stackoverflow.com/a/21206223"", ""21206223"")",0.1666666666666666
"=HYPERLINK(""https://stackoverflow.com/a/24687705"", ""24687705"")",0.670886075949367
"=HYPERLINK(""https://stackoverflow.com/a/27172346"", ""27172346"")",0.3072916666666666
"=HYPERLINK(""https://stackoverflow.com/a/28347846"", ""28347846"")",0.3783783783783785
"=HYPERLINK(""https://stackoverflow.com/a/28845910"", ""28845910"")",0.5027322404371585
"=HYPERLINK(""https://stackoverflow.com/a/29152362"", ""29152362"")",0.46354166666666663
"=HYPERLINK(""https://stackoverflow.com/a/29344026"", ""29344026"")",0.36322869955156944
"=HYPERLINK(""https://stackoverflow.com/a/30271859"", ""30271859"")",0.261904761904762
"=HYPERLINK(""https://stackoverflow.com/a/30338009"", ""30338009"")",0.6279761904761907
"=HYPERLINK(""https://stackoverflow.com/a/31270146"", ""31270146"")",0.558139534883721
"=HYPERLINK(""https://stackoverflow.com/a/31368028"", ""31368028"")",0.8027210884353736
"=HYPERLINK(""https://stackoverflow.com/a/31972411"", ""31972411"")",0.3061224489795918
"=HYPERLINK(""https://stackoverflow.com/a/31972561"", ""31972561"")",0.3583333333333334
"=HYPERLINK(""https://stackoverflow.com/a/32238367"", ""32238367"")",0.5344827586206896
"=HYPERLINK(""https://stackoverflow.com/a/32760764"", ""32760764"")",0.49655172413793097
"=HYPERLINK(""https://stackoverflow.com/a/34061741"", ""34061741"")",0.5882352941176472
"=HYPERLINK(""https://stackoverflow.com/a/34326702"", ""34326702"")",0.23076923076923084
"=HYPERLINK(""https://stackoverflow.com/a/34364817"", ""34364817"")",0.31999999999999995
"=HYPERLINK(""https://stackoverflow.com/a/34445995"", ""34445995"")",0.5535168195718656
"=HYPERLINK(""https://stackoverflow.com/a/34517366"", ""34517366"")",0.6249999999999999
"=HYPERLINK(""https://stackoverflow.com/a/34644678"", ""34644678"")",0.3500000000000001
"=HYPERLINK(""https://stackoverflow.com/a/35266933"", ""35266933"")",0.4972677595628416
"=HYPERLINK(""https://stackoverflow.com/a/35473606"", ""35473606"")",0.3137254901960784
"=HYPERLINK(""https://stackoverflow.com/a/35905442"", ""35905442"")",0.4035087719298245
"=HYPERLINK(""https://stackoverflow.com/a/35982650"", ""35982650"")",0.3333333333333333
"=HYPERLINK(""https://stackoverflow.com/a/36243490"", ""36243490"")",0.6666666666666667
"=HYPERLINK(""https://stackoverflow.com/a/36300150"", ""36300150"")",0.45652173913043476
"=HYPERLINK(""https://stackoverflow.com/a/36641964"", ""36641964"")",0.6198347107438017
"=HYPERLINK(""https://stackoverflow.com/a/36685570"", ""36685570"")",0.4432234432234434
"=HYPERLINK(""https://stackoverflow.com/a/36972317"", ""36972317"")",0.3268983268983269
"=HYPERLINK(""https://stackoverflow.com/a/37305263"", ""37305263"")",0.3010752688172042
"=HYPERLINK(""https://stackoverflow.com/a/37483744"", ""37483744"")",0.6134751773049645
"=HYPERLINK(""https://stackoverflow.com/a/37526428"", ""37526428"")",0.5507246376811594
"=HYPERLINK(""https://stackoverflow.com/a/37781534"", ""37781534"")",0.6823266219239372
"=HYPERLINK(""https://stackoverflow.com/a/38232277"", ""38232277"")",0.779761904761905
"=HYPERLINK(""https://stackoverflow.com/a/38282399"", ""38282399"")",0.2432432432432432
"=HYPERLINK(""https://stackoverflow.com/a/38361213"", ""38361213"")",0.3481735159817351
"=HYPERLINK(""https://stackoverflow.com/a/38515114"", ""38515114"")",0.34599156118143465
"=HYPERLINK(""https://stackoverflow.com/a/39314845"", ""39314845"")",0.6285714285714287
"=HYPERLINK(""https://stackoverflow.com/a/39374545"", ""39374545"")",0.35616438356164387
"=HYPERLINK(""https://stackoverflow.com/a/39568760"", ""39568760"")",0.18446601941747576
"=HYPERLINK(""https://stackoverflow.com/a/39656795"", ""39656795"")",0.5587529976019185
"=HYPERLINK(""https://stackoverflow.com/a/39843657"", ""39843657"")",0.7074829931972787
"=HYPERLINK(""https://stackoverflow.com/a/40184202"", ""40184202"")",0.35433070866141736
"=HYPERLINK(""https://stackoverflow.com/a/40370180"", ""40370180"")",0.4353741496598638
"=HYPERLINK(""https://stackoverflow.com/a/40399241"", ""40399241"")",0.29357798165137616
"=HYPERLINK(""https://stackoverflow.com/a/40607714"", ""40607714"")",0.32696390658174096
"=HYPERLINK(""https://stackoverflow.com/a/40684233"", ""40684233"")",0.2587064676616916
"=HYPERLINK(""https://stackoverflow.com/a/41102023"", ""41102023"")",0.45714285714285724
"=HYPERLINK(""https://stackoverflow.com/a/41501645"", ""41501645"")",0.47801418439716314
"=HYPERLINK(""https://stackoverflow.com/a/41842341"", ""41842341"")",0.5757575757575759
"=HYPERLINK(""https://stackoverflow.com/a/42030285"", ""42030285"")",0.4965986394557822
"=HYPERLINK(""https://stackoverflow.com/a/42071341"", ""42071341"")",0.5454545454545454
"=HYPERLINK(""https://stackoverflow.com/a/42202605"", ""42202605"")",0.293598233995585
"=HYPERLINK(""https://stackoverflow.com/a/42270028"", ""42270028"")",0.3276836158192091
"=HYPERLINK(""https://stackoverflow.com/a/42615972"", ""42615972"")",0.6842105263157894
"=HYPERLINK(""https://stackoverflow.com/a/42885061"", ""42885061"")",0.6474358974358975
"=HYPERLINK(""https://stackoverflow.com/a/43191160"", ""43191160"")",0.3106060606060606
"=HYPERLINK(""https://stackoverflow.com/a/43262837"", ""43262837"")",0.3625914315569488
"=HYPERLINK(""https://stackoverflow.com/a/43288285"", ""43288285"")",0.4642126789366053
"=HYPERLINK(""https://stackoverflow.com/a/43381558"", ""43381558"")",0.4175824175824176
"=HYPERLINK(""https://stackoverflow.com/a/43795304"", ""43795304"")",0.6518264840182648
"=HYPERLINK(""https://stackoverflow.com/a/43853732"", ""43853732"")",0.5768115942028986
"=HYPERLINK(""https://stackoverflow.com/a/44014143"", ""44014143"")",0.34738955823293166
"=HYPERLINK(""https://stackoverflow.com/a/44038023"", ""44038023"")",0.45175438596491224
"=HYPERLINK(""https://stackoverflow.com/a/44138304"", ""44138304"")",0.4925690021231422
"=HYPERLINK(""https://stackoverflow.com/a/44221382"", ""44221382"")",0.7745098039215688
"=HYPERLINK(""https://stackoverflow.com/a/44361167"", ""44361167"")",0.6575342465753424
"=HYPERLINK(""https://stackoverflow.com/a/44379883"", ""44379883"")",0.36999999999999994
"=HYPERLINK(""https://stackoverflow.com/a/44383310"", ""44383310"")",0.33695652173913043
"=HYPERLINK(""https://stackoverflow.com/a/44442782"", ""44442782"")",0.5509641873278237
"=HYPERLINK(""https://stackoverflow.com/a/44503483"", ""44503483"")",0.3960784313725491
"=HYPERLINK(""https://stackoverflow.com/a/44609899"", ""44609899"")",0.3552631578947369
"=HYPERLINK(""https://stackoverflow.com/a/44729936"", ""44729936"")",0.6091127098321345
"=HYPERLINK(""https://stackoverflow.com/a/44768118"", ""44768118"")",0.28571428571428564
"=HYPERLINK(""https://stackoverflow.com/a/44830649"", ""44830649"")",0.6541353383458648
"=HYPERLINK(""https://stackoverflow.com/a/45021207"", ""45021207"")",0.6309523809523813
"=HYPERLINK(""https://stackoverflow.com/a/45024919"", ""45024919"")",0.3989071038251367
"=HYPERLINK(""https://stackoverflow.com/a/45094060"", ""45094060"")",0.25833333333333336
"=HYPERLINK(""https://stackoverflow.com/a/45094438"", ""45094438"")",0.49612403100775204
"=HYPERLINK(""https://stackoverflow.com/a/45143490"", ""45143490"")",0.41176470588235303
"=HYPERLINK(""https://stackoverflow.com/a/45154577"", ""45154577"")",0.3685446009389671
"=HYPERLINK(""https://stackoverflow.com/a/45177389"", ""45177389"")",0.35897435897435903
"=HYPERLINK(""https://stackoverflow.com/a/45291343"", ""45291343"")",0.616306954436451
"=HYPERLINK(""https://stackoverflow.com/a/45448227"", ""45448227"")",0.4078014184397163
"=HYPERLINK(""https://stackoverflow.com/a/45466609"", ""45466609"")",0.3178294573643411
"=HYPERLINK(""https://stackoverflow.com/a/45469303"", ""45469303"")",0.25531914893617025
"=HYPERLINK(""https://stackoverflow.com/a/45509131"", ""45509131"")",0.5632183908045978
"=HYPERLINK(""https://stackoverflow.com/a/45511789"", ""45511789"")",0.6586021505376344
"=HYPERLINK(""https://stackoverflow.com/a/45718739"", ""45718739"")",0.6416666666666667
"=HYPERLINK(""https://stackoverflow.com/a/46084765"", ""46084765"")",0.4727272727272729
"=HYPERLINK(""https://stackoverflow.com/a/46125082"", ""46125082"")",0.3245614035087719
"=HYPERLINK(""https://stackoverflow.com/a/46206224"", ""46206224"")",0.2826666666666667
"=HYPERLINK(""https://stackoverflow.com/a/46232963"", ""46232963"")",0.3580645161290322
"=HYPERLINK(""https://stackoverflow.com/a/46334147"", ""46334147"")",0.3969118982742961
"=HYPERLINK(""https://stackoverflow.com/a/46353786"", ""46353786"")",0.5476190476190478
"=HYPERLINK(""https://stackoverflow.com/a/46372556"", ""46372556"")",0.23437499999999997
"=HYPERLINK(""https://stackoverflow.com/a/46394550"", ""46394550"")",0.415977961432507
"=HYPERLINK(""https://stackoverflow.com/a/46414097"", ""46414097"")",0.3118279569892472
"=HYPERLINK(""https://stackoverflow.com/a/46492688"", ""46492688"")",0.6666666666666666
"=HYPERLINK(""https://stackoverflow.com/a/46569476"", ""46569476"")",0.5601374570446738
"=HYPERLINK(""https://stackoverflow.com/a/46819604"", ""46819604"")",0.5654008438818565
"=HYPERLINK(""https://stackoverflow.com/a/46937457"", ""46937457"")",0.24031007751937988
"=HYPERLINK(""https://stackoverflow.com/a/46957302"", ""46957302"")",0.6859504132231405
"=HYPERLINK(""https://stackoverflow.com/a/46959079"", ""46959079"")",0.5448717948717949
"=HYPERLINK(""https://stackoverflow.com/a/47023930"", ""47023930"")",0.33211678832116787
"=HYPERLINK(""https://stackoverflow.com/a/47086496"", ""47086496"")",0.352059925093633
"=HYPERLINK(""https://stackoverflow.com/a/47142383"", ""47142383"")",0.46236559139784955
"=HYPERLINK(""https://stackoverflow.com/a/47248224"", ""47248224"")",0.2978303747534517
"=HYPERLINK(""https://stackoverflow.com/a/47293646"", ""47293646"")",0.6936936936936938
"=HYPERLINK(""https://stackoverflow.com/a/47371447"", ""47371447"")",0.6439024390243903
"=HYPERLINK(""https://stackoverflow.com/a/47602126"", ""47602126"")",0.27272727272727265
"=HYPERLINK(""https://stackoverflow.com/a/47723124"", ""47723124"")",0.4926829268292683
"=HYPERLINK(""https://stackoverflow.com/a/47760502"", ""47760502"")",0.68609865470852
"=HYPERLINK(""https://stackoverflow.com/a/47783765"", ""47783765"")",0.6424242424242426
"=HYPERLINK(""https://stackoverflow.com/a/47898040"", ""47898040"")",0.3395445134575569
"=HYPERLINK(""https://stackoverflow.com/a/47943291"", ""47943291"")",0.557213930348259
"=HYPERLINK(""https://stackoverflow.com/a/47945017"", ""47945017"")",0.3813559322033899
"=HYPERLINK(""https://stackoverflow.com/a/48203719"", ""48203719"")",0.32258064516129026
"=HYPERLINK(""https://stackoverflow.com/a/48222464"", ""48222464"")",0.6230769230769232
"=HYPERLINK(""https://stackoverflow.com/a/48465916"", ""48465916"")",0.2723577235772358
"=HYPERLINK(""https://stackoverflow.com/a/48469972"", ""48469972"")",0.35294117647058837
"=HYPERLINK(""https://stackoverflow.com/a/48688304"", ""48688304"")",0.5635738831615121
"=HYPERLINK(""https://stackoverflow.com/a/48758239"", ""48758239"")",0.381578947368421
"=HYPERLINK(""https://stackoverflow.com/a/48833073"", ""48833073"")",0.5531914893617021
"=HYPERLINK(""https://stackoverflow.com/a/48870126"", ""48870126"")",0.32721712538226294
"=HYPERLINK(""https://stackoverflow.com/a/49510720"", ""49510720"")",0.34146341463414626
"=HYPERLINK(""https://stackoverflow.com/a/49681471"", ""49681471"")",0.3291666666666667
"=HYPERLINK(""https://stackoverflow.com/a/49778204"", ""49778204"")",0.41708542713567853
"=HYPERLINK(""https://stackoverflow.com/a/49865810"", ""49865810"")",0.502283105022831
"=HYPERLINK(""https://stackoverflow.com/a/49898753"", ""49898753"")",0.2784313725490197
"=HYPERLINK(""https://stackoverflow.com/a/50268767"", ""50268767"")",0.6936936936936938
"=HYPERLINK(""https://stackoverflow.com/a/50282635"", ""50282635"")",0.3902053712480253
"=HYPERLINK(""https://stackoverflow.com/a/50472868"", ""50472868"")",0.7759562841530052
"=HYPERLINK(""https://stackoverflow.com/a/50533542"", ""50533542"")",0.2619047619047619
"=HYPERLINK(""https://stackoverflow.com/a/50627227"", ""50627227"")",0.4986225895316805
"=HYPERLINK(""https://stackoverflow.com/a/50740467"", ""50740467"")",0.5757575757575759
"=HYPERLINK(""https://stackoverflow.com/a/51325537"", ""51325537"")",0.5442176870748298
"=HYPERLINK(""https://stackoverflow.com/a/51478779"", ""51478779"")",0.5422885572139303
"=HYPERLINK(""https://stackoverflow.com/a/51600885"", ""51600885"")",0.21568627450980396
"=HYPERLINK(""https://stackoverflow.com/a/51750890"", ""51750890"")",0.15384615384615377
"=HYPERLINK(""https://stackoverflow.com/a/51899909"", ""51899909"")",0.4273772204806686
"=HYPERLINK(""https://stackoverflow.com/a/51950942"", ""51950942"")",0.6666666666666669
"=HYPERLINK(""https://stackoverflow.com/a/52105665"", ""52105665"")",0.46448087431693985
"=HYPERLINK(""https://stackoverflow.com/a/52110662"", ""52110662"")",0.2941176470588236
"=HYPERLINK(""https://stackoverflow.com/a/52369384"", ""52369384"")",0.677304964539007
"=HYPERLINK(""https://stackoverflow.com/a/52415437"", ""52415437"")",0.7619047619047616
"=HYPERLINK(""https://stackoverflow.com/a/52706469"", ""52706469"")",0.44252873563218387
"=HYPERLINK(""https://stackoverflow.com/a/52748868"", ""52748868"")",0.6716417910447764
"=HYPERLINK(""https://stackoverflow.com/a/52867620"", ""52867620"")",0.8333333333333335
"=HYPERLINK(""https://stackoverflow.com/a/52874993"", ""52874993"")",0.6155419222903886
"=HYPERLINK(""https://stackoverflow.com/a/53013059"", ""53013059"")",0.5652173913043478
"=HYPERLINK(""https://stackoverflow.com/a/53051186"", ""53051186"")",0.5691699604743083
"=HYPERLINK(""https://stackoverflow.com/a/53148833"", ""53148833"")",0.38333333333333336
"=HYPERLINK(""https://stackoverflow.com/a/53180280"", ""53180280"")",0.6025641025641026
"=HYPERLINK(""https://stackoverflow.com/a/53194904"", ""53194904"")",0.7388535031847132
"=HYPERLINK(""https://stackoverflow.com/a/53337160"", ""53337160"")",0.47403685092127296
"=HYPERLINK(""https://stackoverflow.com/a/53458263"", ""53458263"")",0.3713080168776371
"=HYPERLINK(""https://stackoverflow.com/a/53488618"", ""53488618"")",0.2549019607843137
"=HYPERLINK(""https://stackoverflow.com/a/53588176"", ""53588176"")",0.5600000000000002
"=HYPERLINK(""https://stackoverflow.com/a/53656573"", ""53656573"")",0.3218390804597701
"=HYPERLINK(""https://stackoverflow.com/a/53813096"", ""53813096"")",0.2317073170731707
"=HYPERLINK(""https://stackoverflow.com/a/53921063"", ""53921063"")",0.4256243213897938
"=HYPERLINK(""https://stackoverflow.com/a/53966326"", ""53966326"")",0.25170068027210885
"=HYPERLINK(""https://stackoverflow.com/a/54188377"", ""54188377"")",0.7159420289855073
"=HYPERLINK(""https://stackoverflow.com/a/54256796"", ""54256796"")",0.6666666666666666
"=HYPERLINK(""https://stackoverflow.com/a/54527553"", ""54527553"")",0.1538461538461538
"=HYPERLINK(""https://stackoverflow.com/a/54581287"", ""54581287"")",0.6418439716312057
"=HYPERLINK(""https://stackoverflow.com/a/54871324"", ""54871324"")",0.2742616033755274
"=HYPERLINK(""https://stackoverflow.com/a/55114480"", ""55114480"")",0.5476190476190478
"=HYPERLINK(""https://stackoverflow.com/a/55154085"", ""55154085"")",0.27692307692307694
"=HYPERLINK(""https://stackoverflow.com/a/55225070"", ""55225070"")",0.7156862745098042
"=HYPERLINK(""https://stackoverflow.com/a/55225163"", ""55225163"")",0.7580645161290321
"=HYPERLINK(""https://stackoverflow.com/a/55227354"", ""55227354"")",0.25806451612903214
"=HYPERLINK(""https://stackoverflow.com/a/55228432"", ""55228432"")",0.35087719298245623
"=HYPERLINK(""https://stackoverflow.com/a/55485757"", ""55485757"")",0.6078431372549021
"=HYPERLINK(""https://stackoverflow.com/a/55607463"", ""55607463"")",0.48115942028985503
"=HYPERLINK(""https://stackoverflow.com/a/55621782"", ""55621782"")",0.40639269406392686
"=HYPERLINK(""https://stackoverflow.com/a/55673357"", ""55673357"")",0.22448979591836732
"=HYPERLINK(""https://stackoverflow.com/a/55776934"", ""55776934"")",0.30701754385964913
"=HYPERLINK(""https://stackoverflow.com/a/55834377"", ""55834377"")",0.30952380952380953
"=HYPERLINK(""https://stackoverflow.com/a/55986559"", ""55986559"")",0.26470588235294124
"=HYPERLINK(""https://stackoverflow.com/a/56160757"", ""56160757"")",0.703030303030303
"=HYPERLINK(""https://stackoverflow.com/a/56225573"", ""56225573"")",0.6238095238095239
"=HYPERLINK(""https://stackoverflow.com/a/56269013"", ""56269013"")",0.653846153846154
"=HYPERLINK(""https://stackoverflow.com/a/56346643"", ""56346643"")",0.5315315315315315
"=HYPERLINK(""https://stackoverflow.com/a/56510513"", ""56510513"")",0.42009132420091316
"=HYPERLINK(""https://stackoverflow.com/a/56562260"", ""56562260"")",0.43452380952380965
"=HYPERLINK(""https://stackoverflow.com/a/56649727"", ""56649727"")",0.37575757575757585
"=HYPERLINK(""https://stackoverflow.com/a/56907485"", ""56907485"")",0.4095238095238095
"=HYPERLINK(""https://stackoverflow.com/a/57210872"", ""57210872"")",0.46212121212121215
"=HYPERLINK(""https://stackoverflow.com/a/57229762"", ""57229762"")",0.4492753623188405
"=HYPERLINK(""https://stackoverflow.com/a/57421284"", ""57421284"")",0.40053763440860213
"=HYPERLINK(""https://stackoverflow.com/a/57626080"", ""57626080"")",0.4333333333333334
"=HYPERLINK(""https://stackoverflow.com/a/57689734"", ""57689734"")",0.4838709677419353
"=HYPERLINK(""https://stackoverflow.com/a/57699900"", ""57699900"")",0.3909249563699826
"=HYPERLINK(""https://stackoverflow.com/a/57749967"", ""57749967"")",0.28522336769759454
"=HYPERLINK(""https://stackoverflow.com/a/57966362"", ""57966362"")",0.33333333333333337
"=HYPERLINK(""https://stackoverflow.com/a/57987997"", ""57987997"")",0.4918032786885245
"=HYPERLINK(""https://stackoverflow.com/a/58107278"", ""58107278"")",0.7101449275362317
"=HYPERLINK(""https://stackoverflow.com/a/58226069"", ""58226069"")",0.3571428571428572
"=HYPERLINK(""https://stackoverflow.com/a/58275180"", ""58275180"")",0.47311827956989233
"=HYPERLINK(""https://stackoverflow.com/a/58404585"", ""58404585"")",0.37500000000000006
"=HYPERLINK(""https://stackoverflow.com/a/58661954"", ""58661954"")",0.38345864661654144
"=HYPERLINK(""https://stackoverflow.com/a/58894446"", ""58894446"")",0.35416666666666663
"=HYPERLINK(""https://stackoverflow.com/a/59135232"", ""59135232"")",0.802631578947368
"=HYPERLINK(""https://stackoverflow.com/a/59146192"", ""59146192"")",0.4077669902912621
"=HYPERLINK(""https://stackoverflow.com/a/59213104"", ""59213104"")",0.4695652173913044
"=HYPERLINK(""https://stackoverflow.com/a/59293259"", ""59293259"")",0.4121212121212122
"=HYPERLINK(""https://stackoverflow.com/a/59383733"", ""59383733"")",0.3134328358208956
"=HYPERLINK(""https://stackoverflow.com/a/59640602"", ""59640602"")",0.38565891472868213
"=HYPERLINK(""https://stackoverflow.com/a/59789909"", ""59789909"")",0.5405405405405406
"=HYPERLINK(""https://stackoverflow.com/a/60116687"", ""60116687"")",0.5225225225225225
"=HYPERLINK(""https://stackoverflow.com/a/60181177"", ""60181177"")",0.7055016181229771
"=HYPERLINK(""https://stackoverflow.com/a/60628585"", ""60628585"")",0.266304347826087
"=HYPERLINK(""https://stackoverflow.com/a/60653959"", ""60653959"")",0.4458333333333335
"=HYPERLINK(""https://stackoverflow.com/a/60781187"", ""60781187"")",0.2666666666666667
"=HYPERLINK(""https://stackoverflow.com/a/60921637"", ""60921637"")",0.562691131498471
"=HYPERLINK(""https://stackoverflow.com/a/61265123"", ""61265123"")",0.27860696517412936
"=HYPERLINK(""https://stackoverflow.com/a/61591772"", ""61591772"")",0.5
"=HYPERLINK(""https://stackoverflow.com/a/61958803"", ""61958803"")",0.38144329896907225
"=HYPERLINK(""https://stackoverflow.com/a/61966139"", ""61966139"")",0.435897435897436
"=HYPERLINK(""https://stackoverflow.com/a/62205320"", ""62205320"")",0.3571428571428571
"=HYPERLINK(""https://stackoverflow.com/a/62332797"", ""62332797"")",0.21212121212121213
"=HYPERLINK(""https://stackoverflow.com/a/62470874"", ""62470874"")",0.3464912280701753
"=HYPERLINK(""https://stackoverflow.com/a/62663804"", ""62663804"")",0.42028985507246375
"=HYPERLINK(""https://stackoverflow.com/a/62664173"", ""62664173"")",0.3333333333333332
"=HYPERLINK(""https://stackoverflow.com/a/62776105"", ""62776105"")",0.3225371120107962
"=HYPERLINK(""https://stackoverflow.com/a/62842889"", ""62842889"")",0.39285714285714285
"=HYPERLINK(""https://stackoverflow.com/a/62988722"", ""62988722"")",0.3083333333333334
"=HYPERLINK(""https://stackoverflow.com/a/63056849"", ""63056849"")",0.6784313725490199
"=HYPERLINK(""https://stackoverflow.com/a/63361722"", ""63361722"")",0.7671232876712327
"=HYPERLINK(""https://stackoverflow.com/a/63442496"", ""63442496"")",0.5483870967741936
"=HYPERLINK(""https://stackoverflow.com/a/63474350"", ""63474350"")",0.2750000000000001
"=HYPERLINK(""https://stackoverflow.com/a/63591694"", ""63591694"")",0.31818181818181807
"=HYPERLINK(""https://stackoverflow.com/a/63603056"", ""63603056"")",0.28735632183908044
"=HYPERLINK(""https://stackoverflow.com/a/63637671"", ""63637671"")",0.5855855855855856
"=HYPERLINK(""https://stackoverflow.com/a/63814062"", ""63814062"")",0.43010752688172027
"=HYPERLINK(""https://stackoverflow.com/a/64073374"", ""64073374"")",0.47950819672131145
"=HYPERLINK(""https://stackoverflow.com/a/64695945"", ""64695945"")",0.5000000000000001
"=HYPERLINK(""https://stackoverflow.com/a/64994315"", ""64994315"")",0.3993710691823899
"=HYPERLINK(""https://stackoverflow.com/a/65085612"", ""65085612"")",0.6439024390243901
"=HYPERLINK(""https://stackoverflow.com/a/65100257"", ""65100257"")",0.593607305936073
"=HYPERLINK(""https://stackoverflow.com/a/65112717"", ""65112717"")",0.30578512396694224
"=HYPERLINK(""https://stackoverflow.com/a/65409107"", ""65409107"")",0.753623188405797
"=HYPERLINK(""https://stackoverflow.com/a/65561538"", ""65561538"")",0.5083333333333334
"=HYPERLINK(""https://stackoverflow.com/a/65888944"", ""65888944"")",0.20833333333333334
"=HYPERLINK(""https://stackoverflow.com/a/65897238"", ""65897238"")",0.29310344827586204
"=HYPERLINK(""https://stackoverflow.com/a/66023126"", ""66023126"")",0.6517857142857144
"=HYPERLINK(""https://stackoverflow.com/a/66300609"", ""66300609"")",0.4832214765100671
"=HYPERLINK(""https://stackoverflow.com/a/66806706"", ""66806706"")",0.585301837270341
"=HYPERLINK(""https://stackoverflow.com/a/66859737"", ""66859737"")",0.650980392156863
"=HYPERLINK(""https://stackoverflow.com/a/67347467"", ""67347467"")",0.6036036036036035
"=HYPERLINK(""https://stackoverflow.com/a/67491187"", ""67491187"")",0.2945736434108528
"=HYPERLINK(""https://stackoverflow.com/a/67537139"", ""67537139"")",0.41860465116279066
"=HYPERLINK(""https://stackoverflow.com/a/67537725"", ""67537725"")",0.4261168384879726
"=HYPERLINK(""https://stackoverflow.com/a/67876218"", ""67876218"")",0.48062015503875954
"=HYPERLINK(""https://stackoverflow.com/a/68006783"", ""68006783"")",0.5340909090909091
"=HYPERLINK(""https://stackoverflow.com/a/68188524"", ""68188524"")",0.23076923076923067
"=HYPERLINK(""https://stackoverflow.com/a/68303286"", ""68303286"")",0.6169154228855723
"=HYPERLINK(""https://stackoverflow.com/a/68448565"", ""68448565"")",0.6451612903225803
"=HYPERLINK(""https://stackoverflow.com/a/68615191"", ""68615191"")",0.3714285714285715
"=HYPERLINK(""https://stackoverflow.com/a/68975227"", ""68975227"")",0.41421568627450994
"=HYPERLINK(""https://stackoverflow.com/a/68979487"", ""68979487"")",0.7123655913978494
"=HYPERLINK(""https://stackoverflow.com/a/69110665"", ""69110665"")",0.7209302325581398
"=HYPERLINK(""https://stackoverflow.com/a/69118089"", ""69118089"")",0.4476190476190477
"=HYPERLINK(""https://stackoverflow.com/a/69354466"", ""69354466"")",0.3333333333333335
"=HYPERLINK(""https://stackoverflow.com/a/69354762"", ""69354762"")",0.5654761904761906
"=HYPERLINK(""https://stackoverflow.com/a/69757927"", ""69757927"")",0.2391304347826087
"=HYPERLINK(""https://stackoverflow.com/a/69907205"", ""69907205"")",0.2
"=HYPERLINK(""https://stackoverflow.com/a/70366989"", ""70366989"")",0.22580645161290316
"=HYPERLINK(""https://stackoverflow.com/a/70467722"", ""70467722"")",0.550387596899225
"=HYPERLINK(""https://stackoverflow.com/a/70678604"", ""70678604"")",0.29333333333333333
"=HYPERLINK(""https://stackoverflow.com/a/70884445"", ""70884445"")",0.32388663967611336
"=HYPERLINK(""https://stackoverflow.com/a/70928762"", ""70928762"")",0.21212121212121213
"=HYPERLINK(""https://stackoverflow.com/a/71004266"", ""71004266"")",0.3154761904761906
"=HYPERLINK(""https://stackoverflow.com/a/71128128"", ""71128128"")",0.6559139784946233
"=HYPERLINK(""https://stackoverflow.com/a/71152263"", ""71152263"")",0.3243243243243243
"=HYPERLINK(""https://stackoverflow.com/a/71169565"", ""71169565"")",0.4420289855072463
"=HYPERLINK(""https://stackoverflow.com/a/71202374"", ""71202374"")",0.35666666666666663
"=HYPERLINK(""https://stackoverflow.com/a/71249735"", ""71249735"")",0.32758620689655166
"=HYPERLINK(""https://stackoverflow.com/a/71612583"", ""71612583"")",0.5147679324894515
"=HYPERLINK(""https://stackoverflow.com/a/71617486"", ""71617486"")",0.5866666666666668
"=HYPERLINK(""https://stackoverflow.com/a/71660433"", ""71660433"")",0.3835341365461847
"=HYPERLINK(""https://stackoverflow.com/a/71907680"", ""71907680"")",0.7413793103448275
"=HYPERLINK(""https://stackoverflow.com/a/72008705"", ""72008705"")",0.43589743589743596
"=HYPERLINK(""https://stackoverflow.com/a/72038875"", ""72038875"")",0.5773524720893143
"=HYPERLINK(""https://stackoverflow.com/a/72064907"", ""72064907"")",0.49462365591397833
"=HYPERLINK(""https://stackoverflow.com/a/72107640"", ""72107640"")",0.3870967741935482
"=HYPERLINK(""https://stackoverflow.com/a/72118839"", ""72118839"")",0.360655737704918
"=HYPERLINK(""https://stackoverflow.com/a/72167122"", ""72167122"")",0.28571428571428575
"=HYPERLINK(""https://stackoverflow.com/a/72188438"", ""72188438"")",0.358974358974359
"=HYPERLINK(""https://stackoverflow.com/a/72228742"", ""72228742"")",0.4871794871794873
"=HYPERLINK(""https://stackoverflow.com/a/72240362"", ""72240362"")",0.7447916666666666
"=HYPERLINK(""https://stackoverflow.com/a/72400042"", ""72400042"")",0.7442922374429223
"=HYPERLINK(""https://stackoverflow.com/a/72435268"", ""72435268"")",0.14583333333333334
