link,Correlation
"=HYPERLINK(""https://stackoverflow.com/q/16297735"", ""16297735"")",0.6052631578947367
"=HYPERLINK(""https://stackoverflow.com/q/18490616"", ""18490616"")",0.492836676217765
"=HYPERLINK(""https://stackoverflow.com/q/18957888"", ""18957888"")",0.28442028985507245
"=HYPERLINK(""https://stackoverflow.com/q/20932243"", ""20932243"")",0.3880597014925374
"=HYPERLINK(""https://stackoverflow.com/q/23998251"", ""23998251"")",0.3963254593175853
"=HYPERLINK(""https://stackoverflow.com/q/24182402"", ""24182402"")",0.42485875706214676
"=HYPERLINK(""https://stackoverflow.com/q/24604458"", ""24604458"")",0.4523809523809525
"=HYPERLINK(""https://stackoverflow.com/q/26031209"", ""26031209"")",0.5000000000000002
"=HYPERLINK(""https://stackoverflow.com/q/27181616"", ""27181616"")",0.37158469945355194
"=HYPERLINK(""https://stackoverflow.com/q/28385028"", ""28385028"")",0.27234042553191484
"=HYPERLINK(""https://stackoverflow.com/q/28877755"", ""28877755"")",0.6475583864118895
"=HYPERLINK(""https://stackoverflow.com/q/29065974"", ""29065974"")",0.38827838827838834
"=HYPERLINK(""https://stackoverflow.com/q/29151985"", ""29151985"")",0.3607305936073059
"=HYPERLINK(""https://stackoverflow.com/q/29840532"", ""29840532"")",0.5021097046413502
"=HYPERLINK(""https://stackoverflow.com/q/29906812"", ""29906812"")",0.30642750373692074
"=HYPERLINK(""https://stackoverflow.com/q/29927632"", ""29927632"")",0.4371584699453552
"=HYPERLINK(""https://stackoverflow.com/q/30137628"", ""30137628"")",0.3631840796019901
"=HYPERLINK(""https://stackoverflow.com/q/30270400"", ""30270400"")",0.5599999999999999
"=HYPERLINK(""https://stackoverflow.com/q/30893553"", ""30893553"")",0.353582554517134
"=HYPERLINK(""https://stackoverflow.com/q/31196199"", ""31196199"")",0.2808398950131234
"=HYPERLINK(""https://stackoverflow.com/q/31236639"", ""31236639"")",0.5534591194968552
"=HYPERLINK(""https://stackoverflow.com/q/31367694"", ""31367694"")",0.26217228464419473
"=HYPERLINK(""https://stackoverflow.com/q/31522341"", ""31522341"")",0.22480620155038758
"=HYPERLINK(""https://stackoverflow.com/q/31723236"", ""31723236"")",0.5670103092783506
"=HYPERLINK(""https://stackoverflow.com/q/31765161"", ""31765161"")",0.5215686274509806
"=HYPERLINK(""https://stackoverflow.com/q/31817308"", ""31817308"")",0.2518195050946143
"=HYPERLINK(""https://stackoverflow.com/q/32164045"", ""32164045"")",0.3143939393939394
"=HYPERLINK(""https://stackoverflow.com/q/32256502"", ""32256502"")",0.3366666666666667
"=HYPERLINK(""https://stackoverflow.com/q/32263842"", ""32263842"")",0.4615384615384616
"=HYPERLINK(""https://stackoverflow.com/q/32331288"", ""32331288"")",0.3836477987421384
"=HYPERLINK(""https://stackoverflow.com/q/32752659"", ""32752659"")",0.3822629969418959
"=HYPERLINK(""https://stackoverflow.com/q/32896008"", ""32896008"")",0.7966101694915256
"=HYPERLINK(""https://stackoverflow.com/q/32988493"", ""32988493"")",0.5343137254901962
"=HYPERLINK(""https://stackoverflow.com/q/33053714"", ""33053714"")",0.24025974025974028
"=HYPERLINK(""https://stackoverflow.com/q/33287846"", ""33287846"")",0.2438162544169611
"=HYPERLINK(""https://stackoverflow.com/q/33345675"", ""33345675"")",0.431372549019608
"=HYPERLINK(""https://stackoverflow.com/q/33875922"", ""33875922"")",0.41666666666666674
"=HYPERLINK(""https://stackoverflow.com/q/33909907"", ""33909907"")",0.42857142857142866
"=HYPERLINK(""https://stackoverflow.com/q/34060916"", ""34060916"")",0.4685534591194968
"=HYPERLINK(""https://stackoverflow.com/q/34227323"", ""34227323"")",0.3003663003663004
"=HYPERLINK(""https://stackoverflow.com/q/34267983"", ""34267983"")",0.3145539906103286
"=HYPERLINK(""https://stackoverflow.com/q/34340698"", ""34340698"")",0.4252577319587629
"=HYPERLINK(""https://stackoverflow.com/q/34418187"", ""34418187"")",0.46428571428571447
"=HYPERLINK(""https://stackoverflow.com/q/34569246"", ""34569246"")",0.6071428571428571
"=HYPERLINK(""https://stackoverflow.com/q/34621635"", ""34621635"")",0.3802083333333333
"=HYPERLINK(""https://stackoverflow.com/q/34784893"", ""34784893"")",0.5707762557077626
"=HYPERLINK(""https://stackoverflow.com/q/34796107"", ""34796107"")",0.6666666666666669
"=HYPERLINK(""https://stackoverflow.com/q/35097514"", ""35097514"")",0.6199999999999999
"=HYPERLINK(""https://stackoverflow.com/q/35176930"", ""35176930"")",0.4042553191489362
"=HYPERLINK(""https://stackoverflow.com/q/35237226"", ""35237226"")",0.327823691460055
"=HYPERLINK(""https://stackoverflow.com/q/35263158"", ""35263158"")",0.6468926553672318
"=HYPERLINK(""https://stackoverflow.com/q/35460973"", ""35460973"")",0.272463768115942
"=HYPERLINK(""https://stackoverflow.com/q/35466616"", ""35466616"")",0.4215686274509805
"=HYPERLINK(""https://stackoverflow.com/q/35711772"", ""35711772"")",0.3166666666666667
"=HYPERLINK(""https://stackoverflow.com/q/35719874"", ""35719874"")",0.5227272727272726
"=HYPERLINK(""https://stackoverflow.com/q/35829491"", ""35829491"")",0.2918825561312608
"=HYPERLINK(""https://stackoverflow.com/q/35892715"", ""35892715"")",0.6127247579529739
"=HYPERLINK(""https://stackoverflow.com/q/35976589"", ""35976589"")",0.8041237113402064
"=HYPERLINK(""https://stackoverflow.com/q/36059640"", ""36059640"")",0.6224677716390424
"=HYPERLINK(""https://stackoverflow.com/q/36080568"", ""36080568"")",0.39926739926739935
"=HYPERLINK(""https://stackoverflow.com/q/36211698"", ""36211698"")",0.7540453074433655
"=HYPERLINK(""https://stackoverflow.com/q/36242191"", ""36242191"")",0.723809523809524
"=HYPERLINK(""https://stackoverflow.com/q/36285329"", ""36285329"")",0.6140350877192982
"=HYPERLINK(""https://stackoverflow.com/q/36547434"", ""36547434"")",0.751054852320675
"=HYPERLINK(""https://stackoverflow.com/q/36583415"", ""36583415"")",0.6612903225806451
"=HYPERLINK(""https://stackoverflow.com/q/36708664"", ""36708664"")",0.4239482200647249
"=HYPERLINK(""https://stackoverflow.com/q/36762162"", ""36762162"")",0.27192982456140347
"=HYPERLINK(""https://stackoverflow.com/q/36927443"", ""36927443"")",0.5761904761904764
"=HYPERLINK(""https://stackoverflow.com/q/37096589"", ""37096589"")",0.4595469255663431
"=HYPERLINK(""https://stackoverflow.com/q/37216280"", ""37216280"")",0.6757990867579908
"=HYPERLINK(""https://stackoverflow.com/q/37400149"", ""37400149"")",0.32558139534883723
"=HYPERLINK(""https://stackoverflow.com/q/37400821"", ""37400821"")",0.3553113553113553
"=HYPERLINK(""https://stackoverflow.com/q/37436121"", ""37436121"")",0.2880258899676375
"=HYPERLINK(""https://stackoverflow.com/q/37492064"", ""37492064"")",0.30379746835443033
"=HYPERLINK(""https://stackoverflow.com/q/37504691"", ""37504691"")",0.6322463768115941
"=HYPERLINK(""https://stackoverflow.com/q/37720792"", ""37720792"")",0.431372549019608
"=HYPERLINK(""https://stackoverflow.com/q/37779076"", ""37779076"")",0.6470588235294119
"=HYPERLINK(""https://stackoverflow.com/q/37782535"", ""37782535"")",0.513157894736842
"=HYPERLINK(""https://stackoverflow.com/q/37812686"", ""37812686"")",0.36686390532544383
"=HYPERLINK(""https://stackoverflow.com/q/38101052"", ""38101052"")",0.43736730360934173
"=HYPERLINK(""https://stackoverflow.com/q/38281805"", ""38281805"")",0.5523809523809525
"=HYPERLINK(""https://stackoverflow.com/q/38351835"", ""38351835"")",0.4175691937424789
"=HYPERLINK(""https://stackoverflow.com/q/38441250"", ""38441250"")",0.5935769656699889
"=HYPERLINK(""https://stackoverflow.com/q/38548789"", ""38548789"")",0.2597701149425288
"=HYPERLINK(""https://stackoverflow.com/q/38702463"", ""38702463"")",0.6497890295358649
"=HYPERLINK(""https://stackoverflow.com/q/38950812"", ""38950812"")",0.7226190476190477
"=HYPERLINK(""https://stackoverflow.com/q/38972111"", ""38972111"")",0.7594202898550724
"=HYPERLINK(""https://stackoverflow.com/q/38977870"", ""38977870"")",0.5096418732782371
"=HYPERLINK(""https://stackoverflow.com/q/39071874"", ""39071874"")",0.5333333333333334
"=HYPERLINK(""https://stackoverflow.com/q/39128865"", ""39128865"")",0.3779527559055118
"=HYPERLINK(""https://stackoverflow.com/q/39175806"", ""39175806"")",0.39361702127659576
"=HYPERLINK(""https://stackoverflow.com/q/39372495"", ""39372495"")",0.3432343234323432
"=HYPERLINK(""https://stackoverflow.com/q/39376560"", ""39376560"")",0.3195402298850574
"=HYPERLINK(""https://stackoverflow.com/q/39483984"", ""39483984"")",0.3589743589743591
"=HYPERLINK(""https://stackoverflow.com/q/39500529"", ""39500529"")",0.3844086021505377
"=HYPERLINK(""https://stackoverflow.com/q/39527347"", ""39527347"")",0.45390070921985803
"=HYPERLINK(""https://stackoverflow.com/q/39567131"", ""39567131"")",0.4325068870523417
"=HYPERLINK(""https://stackoverflow.com/q/39754003"", ""39754003"")",0.6174863387978142
"=HYPERLINK(""https://stackoverflow.com/q/39838518"", ""39838518"")",0.5265392781316348
"=HYPERLINK(""https://stackoverflow.com/q/40355123"", ""40355123"")",0.38205128205128214
"=HYPERLINK(""https://stackoverflow.com/q/40365149"", ""40365149"")",0.30985915492957755
"=HYPERLINK(""https://stackoverflow.com/q/40398676"", ""40398676"")",0.6448087431693988
"=HYPERLINK(""https://stackoverflow.com/q/40642928"", ""40642928"")",0.34090909090909094
"=HYPERLINK(""https://stackoverflow.com/q/40651735"", ""40651735"")",0.7948717948717949
"=HYPERLINK(""https://stackoverflow.com/q/40858769"", ""40858769"")",0.4421768707482992
"=HYPERLINK(""https://stackoverflow.com/q/41006726"", ""41006726"")",0.4987468671679198
"=HYPERLINK(""https://stackoverflow.com/q/41498435"", ""41498435"")",0.6701030927835052
"=HYPERLINK(""https://stackoverflow.com/q/41501232"", ""41501232"")",0.6656118143459915
"=HYPERLINK(""https://stackoverflow.com/q/41614428"", ""41614428"")",0.46177370030581033
"=HYPERLINK(""https://stackoverflow.com/q/41725997"", ""41725997"")",0.20921985815602834
"=HYPERLINK(""https://stackoverflow.com/q/41821274"", ""41821274"")",0.42622950819672145
"=HYPERLINK(""https://stackoverflow.com/q/41901533"", ""41901533"")",0.6027397260273972
"=HYPERLINK(""https://stackoverflow.com/q/41921724"", ""41921724"")",0.8925750394944707
"=HYPERLINK(""https://stackoverflow.com/q/42033052"", ""42033052"")",0.6885964912280701
"=HYPERLINK(""https://stackoverflow.com/q/42148839"", ""42148839"")",0.5102040816326529
"=HYPERLINK(""https://stackoverflow.com/q/42201397"", ""42201397"")",0.26530612244897955
"=HYPERLINK(""https://stackoverflow.com/q/42227531"", ""42227531"")",0.31782945736434104
"=HYPERLINK(""https://stackoverflow.com/q/42288541"", ""42288541"")",0.5566037735849056
"=HYPERLINK(""https://stackoverflow.com/q/42291510"", ""42291510"")",0.5728155339805824
"=HYPERLINK(""https://stackoverflow.com/q/42424156"", ""42424156"")",0.7216494845360827
"=HYPERLINK(""https://stackoverflow.com/q/42603673"", ""42603673"")",0.2712121212121212
"=HYPERLINK(""https://stackoverflow.com/q/42614890"", ""42614890"")",0.4549019607843139
"=HYPERLINK(""https://stackoverflow.com/q/42669040"", ""42669040"")",0.4598393574297188
"=HYPERLINK(""https://stackoverflow.com/q/42753702"", ""42753702"")",0.49275362318840576
"=HYPERLINK(""https://stackoverflow.com/q/42762381"", ""42762381"")",0.6228070175438596
"=HYPERLINK(""https://stackoverflow.com/q/42796452"", ""42796452"")",0.5570776255707762
"=HYPERLINK(""https://stackoverflow.com/q/42842993"", ""42842993"")",0.44660194174757284
"=HYPERLINK(""https://stackoverflow.com/q/43075650"", ""43075650"")",0.4000000000000001
"=HYPERLINK(""https://stackoverflow.com/q/43089222"", ""43089222"")",0.8051643192488265
"=HYPERLINK(""https://stackoverflow.com/q/43102725"", ""43102725"")",0.27067669172932335
"=HYPERLINK(""https://stackoverflow.com/q/43109777"", ""43109777"")",0.48113207547169806
"=HYPERLINK(""https://stackoverflow.com/q/43120159"", ""43120159"")",0.47257383966244726
"=HYPERLINK(""https://stackoverflow.com/q/43148636"", ""43148636"")",0.7568922305764412
"=HYPERLINK(""https://stackoverflow.com/q/43171653"", ""43171653"")",0.3472535741158765
"=HYPERLINK(""https://stackoverflow.com/q/43174049"", ""43174049"")",0.31770833333333326
"=HYPERLINK(""https://stackoverflow.com/q/43222103"", ""43222103"")",0.3581560283687943
"=HYPERLINK(""https://stackoverflow.com/q/43236377"", ""43236377"")",0.5398373983739836
"=HYPERLINK(""https://stackoverflow.com/q/43291544"", ""43291544"")",0.7512437810945276
"=HYPERLINK(""https://stackoverflow.com/q/43381075"", ""43381075"")",0.7896440129449838
"=HYPERLINK(""https://stackoverflow.com/q/43415466"", ""43415466"")",0.4036850921273032
"=HYPERLINK(""https://stackoverflow.com/q/43419308"", ""43419308"")",0.5949367088607596
"=HYPERLINK(""https://stackoverflow.com/q/43440345"", ""43440345"")",0.6938775510204078
"=HYPERLINK(""https://stackoverflow.com/q/43474668"", ""43474668"")",0.26446280991735543
"=HYPERLINK(""https://stackoverflow.com/q/43502724"", ""43502724"")",0.38396624472573837
"=HYPERLINK(""https://stackoverflow.com/q/43545511"", ""43545511"")",0.589922480620155
"=HYPERLINK(""https://stackoverflow.com/q/43556784"", ""43556784"")",0.35238095238095246
"=HYPERLINK(""https://stackoverflow.com/q/43652714"", ""43652714"")",0.732394366197183
"=HYPERLINK(""https://stackoverflow.com/q/43662373"", ""43662373"")",0.4212454212454213
"=HYPERLINK(""https://stackoverflow.com/q/43762037"", ""43762037"")",0.7850877192982454
"=HYPERLINK(""https://stackoverflow.com/q/43762207"", ""43762207"")",0.5119047619047621
"=HYPERLINK(""https://stackoverflow.com/q/43766401"", ""43766401"")",0.47543859649122805
"=HYPERLINK(""https://stackoverflow.com/q/43774821"", ""43774821"")",0.6268656716417912
"=HYPERLINK(""https://stackoverflow.com/q/43785580"", ""43785580"")",0.3926553672316385
"=HYPERLINK(""https://stackoverflow.com/q/43785970"", ""43785970"")",0.6143250688705236
"=HYPERLINK(""https://stackoverflow.com/q/43791092"", ""43791092"")",0.5124378109452737
"=HYPERLINK(""https://stackoverflow.com/q/43851748"", ""43851748"")",0.39449541284403666
"=HYPERLINK(""https://stackoverflow.com/q/43862280"", ""43862280"")",0.6355932203389831
"=HYPERLINK(""https://stackoverflow.com/q/43865336"", ""43865336"")",0.35057471264367807
"=HYPERLINK(""https://stackoverflow.com/q/43873603"", ""43873603"")",0.6823899371069182
"=HYPERLINK(""https://stackoverflow.com/q/43936578"", ""43936578"")",0.5882352941176473
"=HYPERLINK(""https://stackoverflow.com/q/44011357"", ""44011357"")",0.4727891156462583
"=HYPERLINK(""https://stackoverflow.com/q/44028468"", ""44028468"")",0.48333333333333345
"=HYPERLINK(""https://stackoverflow.com/q/44033458"", ""44033458"")",0.6491228070175438
"=HYPERLINK(""https://stackoverflow.com/q/44034563"", ""44034563"")",0.7953795379537952
"=HYPERLINK(""https://stackoverflow.com/q/44056120"", ""44056120"")",0.2926829268292683
"=HYPERLINK(""https://stackoverflow.com/q/44112659"", ""44112659"")",0.4303030303030303
"=HYPERLINK(""https://stackoverflow.com/q/44137342"", ""44137342"")",0.49
"=HYPERLINK(""https://stackoverflow.com/q/44220933"", ""44220933"")",0.7033639143730888
"=HYPERLINK(""https://stackoverflow.com/q/44237304"", ""44237304"")",0.611683848797251
"=HYPERLINK(""https://stackoverflow.com/q/44240487"", ""44240487"")",0.28645833333333337
"=HYPERLINK(""https://stackoverflow.com/q/44241161"", ""44241161"")",0.39285714285714296
"=HYPERLINK(""https://stackoverflow.com/q/44252106"", ""44252106"")",0.7322404371584701
"=HYPERLINK(""https://stackoverflow.com/q/44275109"", ""44275109"")",0.3108771929824561
"=HYPERLINK(""https://stackoverflow.com/q/44284183"", ""44284183"")",0.5255878284923927
"=HYPERLINK(""https://stackoverflow.com/q/44349062"", ""44349062"")",0.5269607843137256
"=HYPERLINK(""https://stackoverflow.com/q/44371692"", ""44371692"")",0.45572916666666674
"=HYPERLINK(""https://stackoverflow.com/q/44378128"", ""44378128"")",0.6182795698924731
"=HYPERLINK(""https://stackoverflow.com/q/44380318"", ""44380318"")",0.5631067961165049
"=HYPERLINK(""https://stackoverflow.com/q/44400110"", ""44400110"")",0.4301075268817204
"=HYPERLINK(""https://stackoverflow.com/q/44434050"", ""44434050"")",0.34320175438596495
"=HYPERLINK(""https://stackoverflow.com/q/44461925"", ""44461925"")",0.7388316151202752
"=HYPERLINK(""https://stackoverflow.com/q/44527904"", ""44527904"")",0.36384976525821605
"=HYPERLINK(""https://stackoverflow.com/q/44540331"", ""44540331"")",0.5822784810126582
"=HYPERLINK(""https://stackoverflow.com/q/44550808"", ""44550808"")",0.7772357723577233
"=HYPERLINK(""https://stackoverflow.com/q/44551002"", ""44551002"")",0.3163481953290871
"=HYPERLINK(""https://stackoverflow.com/q/44551431"", ""44551431"")",0.3000000000000001
"=HYPERLINK(""https://stackoverflow.com/q/44577923"", ""44577923"")",0.7280701754385965
"=HYPERLINK(""https://stackoverflow.com/q/44589858"", ""44589858"")",0.4282051282051283
"=HYPERLINK(""https://stackoverflow.com/q/44619151"", ""44619151"")",0.3554421768707483
"=HYPERLINK(""https://stackoverflow.com/q/44717507"", ""44717507"")",0.4029850746268657
"=HYPERLINK(""https://stackoverflow.com/q/44720647"", ""44720647"")",0.7700000000000004
"=HYPERLINK(""https://stackoverflow.com/q/44725587"", ""44725587"")",0.6567656765676567
"=HYPERLINK(""https://stackoverflow.com/q/44729632"", ""44729632"")",0.7826086956521738
"=HYPERLINK(""https://stackoverflow.com/q/44739293"", ""44739293"")",0.31422505307855625
"=HYPERLINK(""https://stackoverflow.com/q/44829663"", ""44829663"")",0.3275024295432459
"=HYPERLINK(""https://stackoverflow.com/q/44848861"", ""44848861"")",0.51
"=HYPERLINK(""https://stackoverflow.com/q/44854821"", ""44854821"")",0.6895833333333334
"=HYPERLINK(""https://stackoverflow.com/q/44883513"", ""44883513"")",0.3333333333333333
"=HYPERLINK(""https://stackoverflow.com/q/44910513"", ""44910513"")",0.38461538461538475
"=HYPERLINK(""https://stackoverflow.com/q/44966134"", ""44966134"")",0.3443830570902395
"=HYPERLINK(""https://stackoverflow.com/q/45024544"", ""45024544"")",0.5701754385964911
"=HYPERLINK(""https://stackoverflow.com/q/45047445"", ""45047445"")",0.4919093851132686
"=HYPERLINK(""https://stackoverflow.com/q/45087168"", ""45087168"")",0.4406504065040651
"=HYPERLINK(""https://stackoverflow.com/q/45094045"", ""45094045"")",0.5625823451910408
"=HYPERLINK(""https://stackoverflow.com/q/45137541"", ""45137541"")",0.4845360824742269
"=HYPERLINK(""https://stackoverflow.com/q/45147066"", ""45147066"")",0.543859649122807
"=HYPERLINK(""https://stackoverflow.com/q/45150001"", ""45150001"")",0.2704402515723271
"=HYPERLINK(""https://stackoverflow.com/q/45153751"", ""45153751"")",0.3657142857142857
"=HYPERLINK(""https://stackoverflow.com/q/45174782"", ""45174782"")",0.6019503546099292
"=HYPERLINK(""https://stackoverflow.com/q/45204330"", ""45204330"")",0.2692307692307693
"=HYPERLINK(""https://stackoverflow.com/q/45219053"", ""45219053"")",0.547945205479452
"=HYPERLINK(""https://stackoverflow.com/q/45255460"", ""45255460"")",0.6067415730337078
"=HYPERLINK(""https://stackoverflow.com/q/45302957"", ""45302957"")",0.37066666666666664
"=HYPERLINK(""https://stackoverflow.com/q/45333883"", ""45333883"")",0.5539568345323742
"=HYPERLINK(""https://stackoverflow.com/q/45335697"", ""45335697"")",0.32
"=HYPERLINK(""https://stackoverflow.com/q/45340158"", ""45340158"")",0.7044183445190156
"=HYPERLINK(""https://stackoverflow.com/q/45446315"", ""45446315"")",0.5934959349593496
"=HYPERLINK(""https://stackoverflow.com/q/45476088"", ""45476088"")",0.4400000000000001
"=HYPERLINK(""https://stackoverflow.com/q/45483359"", ""45483359"")",0.4685714285714286
"=HYPERLINK(""https://stackoverflow.com/q/45485184"", ""45485184"")",0.4532279314888011
"=HYPERLINK(""https://stackoverflow.com/q/45487655"", ""45487655"")",0.7216828478964402
"=HYPERLINK(""https://stackoverflow.com/q/45493208"", ""45493208"")",0.6779279279279279
"=HYPERLINK(""https://stackoverflow.com/q/45510759"", ""45510759"")",0.6835443037974683
"=HYPERLINK(""https://stackoverflow.com/q/45623506"", ""45623506"")",0.693156732891832
"=HYPERLINK(""https://stackoverflow.com/q/45631045"", ""45631045"")",0.547307132459971
"=HYPERLINK(""https://stackoverflow.com/q/45718219"", ""45718219"")",0.6617210682492581
"=HYPERLINK(""https://stackoverflow.com/q/45749290"", ""45749290"")",0.38926940639269414
"=HYPERLINK(""https://stackoverflow.com/q/45783640"", ""45783640"")",0.6007130124777182
"=HYPERLINK(""https://stackoverflow.com/q/45816896"", ""45816896"")",0.5833333333333335
"=HYPERLINK(""https://stackoverflow.com/q/45838312"", ""45838312"")",0.5453149001536098
"=HYPERLINK(""https://stackoverflow.com/q/45883791"", ""45883791"")",0.4655172413793103
"=HYPERLINK(""https://stackoverflow.com/q/45962167"", ""45962167"")",0.3403755868544601
"=HYPERLINK(""https://stackoverflow.com/q/46084545"", ""46084545"")",0.7648809523809524
"=HYPERLINK(""https://stackoverflow.com/q/46093109"", ""46093109"")",0.8350877192982454
"=HYPERLINK(""https://stackoverflow.com/q/46205042"", ""46205042"")",0.27450980392156865
"=HYPERLINK(""https://stackoverflow.com/q/46220306"", ""46220306"")",0.2503457814661134
"=HYPERLINK(""https://stackoverflow.com/q/46235467"", ""46235467"")",0.265625
"=HYPERLINK(""https://stackoverflow.com/q/46353578"", ""46353578"")",0.4275037369207773
"=HYPERLINK(""https://stackoverflow.com/q/46355251"", ""46355251"")",0.42549923195084477
"=HYPERLINK(""https://stackoverflow.com/q/46355861"", ""46355861"")",0.24731182795698925
"=HYPERLINK(""https://stackoverflow.com/q/46372293"", ""46372293"")",0.2979109900090826
"=HYPERLINK(""https://stackoverflow.com/q/46392394"", ""46392394"")",0.49242424242424243
"=HYPERLINK(""https://stackoverflow.com/q/46392819"", ""46392819"")",0.3357142857142857
"=HYPERLINK(""https://stackoverflow.com/q/46417508"", ""46417508"")",0.36769759450171824
"=HYPERLINK(""https://stackoverflow.com/q/46450439"", ""46450439"")",0.40368509212730336
"=HYPERLINK(""https://stackoverflow.com/q/46490290"", ""46490290"")",0.46938775510204084
"=HYPERLINK(""https://stackoverflow.com/q/46523998"", ""46523998"")",0.39130434782608686
"=HYPERLINK(""https://stackoverflow.com/q/46535110"", ""46535110"")",0.699029126213592
"=HYPERLINK(""https://stackoverflow.com/q/46537165"", ""46537165"")",0.7794871794871796
"=HYPERLINK(""https://stackoverflow.com/q/46569298"", ""46569298"")",0.5567375886524824
"=HYPERLINK(""https://stackoverflow.com/q/46583393"", ""46583393"")",0.5140845070422535
"=HYPERLINK(""https://stackoverflow.com/q/46613651"", ""46613651"")",0.5809523809523812
"=HYPERLINK(""https://stackoverflow.com/q/46702563"", ""46702563"")",0.4657933042212518
"=HYPERLINK(""https://stackoverflow.com/q/46727500"", ""46727500"")",0.3736559139784947
"=HYPERLINK(""https://stackoverflow.com/q/46814953"", ""46814953"")",0.3883495145631068
"=HYPERLINK(""https://stackoverflow.com/q/46849368"", ""46849368"")",0.34828101644245146
"=HYPERLINK(""https://stackoverflow.com/q/46853591"", ""46853591"")",0.3789954337899543
"=HYPERLINK(""https://stackoverflow.com/q/46900593"", ""46900593"")",0.36639118457300274
"=HYPERLINK(""https://stackoverflow.com/q/46902487"", ""46902487"")",0.30570902394106814
"=HYPERLINK(""https://stackoverflow.com/q/46938002"", ""46938002"")",0.34250764525993876
"=HYPERLINK(""https://stackoverflow.com/q/47049458"", ""47049458"")",0.586309523809524
"=HYPERLINK(""https://stackoverflow.com/q/47062207"", ""47062207"")",0.514367816091954
"=HYPERLINK(""https://stackoverflow.com/q/47080618"", ""47080618"")",0.4434250764525995
"=HYPERLINK(""https://stackoverflow.com/q/47129613"", ""47129613"")",0.4952380952380953
"=HYPERLINK(""https://stackoverflow.com/q/47140224"", ""47140224"")",0.38571428571428573
"=HYPERLINK(""https://stackoverflow.com/q/47140630"", ""47140630"")",0.4385964912280701
"=HYPERLINK(""https://stackoverflow.com/q/47226254"", ""47226254"")",0.875586854460094
"=HYPERLINK(""https://stackoverflow.com/q/47348556"", ""47348556"")",0.7427385892116184
"=HYPERLINK(""https://stackoverflow.com/q/47371242"", ""47371242"")",0.6548672566371682
"=HYPERLINK(""https://stackoverflow.com/q/47376409"", ""47376409"")",0.37021857923497264
"=HYPERLINK(""https://stackoverflow.com/q/47406405"", ""47406405"")",0.4053030303030302
"=HYPERLINK(""https://stackoverflow.com/q/47639493"", ""47639493"")",0.47079037800687296
"=HYPERLINK(""https://stackoverflow.com/q/47644657"", ""47644657"")",0.2836676217765043
"=HYPERLINK(""https://stackoverflow.com/q/47653766"", ""47653766"")",0.612121212121212
"=HYPERLINK(""https://stackoverflow.com/q/47722047"", ""47722047"")",0.40429042904290424
"=HYPERLINK(""https://stackoverflow.com/q/47759165"", ""47759165"")",0.8873239436619719
"=HYPERLINK(""https://stackoverflow.com/q/47787960"", ""47787960"")",0.3897435897435898
"=HYPERLINK(""https://stackoverflow.com/q/47829169"", ""47829169"")",0.393574297188755
"=HYPERLINK(""https://stackoverflow.com/q/47894205"", ""47894205"")",0.39598997493734334
"=HYPERLINK(""https://stackoverflow.com/q/47942490"", ""47942490"")",0.7191011235955055
"=HYPERLINK(""https://stackoverflow.com/q/47943530"", ""47943530"")",0.2871794871794872
"=HYPERLINK(""https://stackoverflow.com/q/47989027"", ""47989027"")",0.7269503546099289
"=HYPERLINK(""https://stackoverflow.com/q/48020172"", ""48020172"")",0.5356321839080459
"=HYPERLINK(""https://stackoverflow.com/q/48044253"", ""48044253"")",0.5255102040816327
"=HYPERLINK(""https://stackoverflow.com/q/48055082"", ""48055082"")",0.7257072570725708
"=HYPERLINK(""https://stackoverflow.com/q/48086448"", ""48086448"")",0.45833333333333315
"=HYPERLINK(""https://stackoverflow.com/q/48090102"", ""48090102"")",0.49761222540592176
"=HYPERLINK(""https://stackoverflow.com/q/48166741"", ""48166741"")",0.5064102564102565
"=HYPERLINK(""https://stackoverflow.com/q/48208691"", ""48208691"")",0.45775729646697405
"=HYPERLINK(""https://stackoverflow.com/q/48273808"", ""48273808"")",0.3604166666666668
"=HYPERLINK(""https://stackoverflow.com/q/48349125"", ""48349125"")",0.46483180428134563
"=HYPERLINK(""https://stackoverflow.com/q/48387458"", ""48387458"")",0.24200913242009126
"=HYPERLINK(""https://stackoverflow.com/q/48410708"", ""48410708"")",0.46735395189003454
"=HYPERLINK(""https://stackoverflow.com/q/48470944"", ""48470944"")",0.33333333333333337
"=HYPERLINK(""https://stackoverflow.com/q/48496267"", ""48496267"")",0.2925659472422063
"=HYPERLINK(""https://stackoverflow.com/q/48531506"", ""48531506"")",0.5327380952380953
"=HYPERLINK(""https://stackoverflow.com/q/48569509"", ""48569509"")",0.39473684210526305
"=HYPERLINK(""https://stackoverflow.com/q/48633281"", ""48633281"")",0.2784313725490197
"=HYPERLINK(""https://stackoverflow.com/q/48642605"", ""48642605"")",0.5962441314553991
"=HYPERLINK(""https://stackoverflow.com/q/48795297"", ""48795297"")",0.2881720430107526
"=HYPERLINK(""https://stackoverflow.com/q/48832512"", ""48832512"")",0.5533333333333333
"=HYPERLINK(""https://stackoverflow.com/q/48837328"", ""48837328"")",0.8303747534516763
"=HYPERLINK(""https://stackoverflow.com/q/48869016"", ""48869016"")",0.6859504132231405
"=HYPERLINK(""https://stackoverflow.com/q/48879595"", ""48879595"")",0.4547461368653421
"=HYPERLINK(""https://stackoverflow.com/q/48885715"", ""48885715"")",0.27735368956743
"=HYPERLINK(""https://stackoverflow.com/q/48907003"", ""48907003"")",0.3526315789473684
"=HYPERLINK(""https://stackoverflow.com/q/48927229"", ""48927229"")",0.5118110236220471
"=HYPERLINK(""https://stackoverflow.com/q/48954878"", ""48954878"")",0.672176308539945
"=HYPERLINK(""https://stackoverflow.com/q/48989990"", ""48989990"")",0.8592964824120604
"=HYPERLINK(""https://stackoverflow.com/q/49002384"", ""49002384"")",0.3835616438356164
"=HYPERLINK(""https://stackoverflow.com/q/49107634"", ""49107634"")",0.3265306122448979
"=HYPERLINK(""https://stackoverflow.com/q/49199204"", ""49199204"")",0.6844783715012724
"=HYPERLINK(""https://stackoverflow.com/q/49203443"", ""49203443"")",0.428030303030303
"=HYPERLINK(""https://stackoverflow.com/q/49268055"", ""49268055"")",0.5176282051282052
"=HYPERLINK(""https://stackoverflow.com/q/49347630"", ""49347630"")",0.2396694214876033
"=HYPERLINK(""https://stackoverflow.com/q/49368280"", ""49368280"")",0.6635220125786162
"=HYPERLINK(""https://stackoverflow.com/q/49403802"", ""49403802"")",0.5063613231552163
"=HYPERLINK(""https://stackoverflow.com/q/49417911"", ""49417911"")",0.7107438016528929
"=HYPERLINK(""https://stackoverflow.com/q/49439094"", ""49439094"")",0.4285714285714286
"=HYPERLINK(""https://stackoverflow.com/q/49510134"", ""49510134"")",0.5472061657032753
"=HYPERLINK(""https://stackoverflow.com/q/49515618"", ""49515618"")",0.6113116726835138
"=HYPERLINK(""https://stackoverflow.com/q/49517310"", ""49517310"")",0.39102564102564114
"=HYPERLINK(""https://stackoverflow.com/q/49576850"", ""49576850"")",0.4899425287356321
"=HYPERLINK(""https://stackoverflow.com/q/49595290"", ""49595290"")",0.6737588652482269
"=HYPERLINK(""https://stackoverflow.com/q/49598672"", ""49598672"")",0.4578313253012047
"=HYPERLINK(""https://stackoverflow.com/q/49615505"", ""49615505"")",0.47077409162717226
"=HYPERLINK(""https://stackoverflow.com/q/49665241"", ""49665241"")",0.36734693877551017
"=HYPERLINK(""https://stackoverflow.com/q/49692830"", ""49692830"")",0.43786982248520717
"=HYPERLINK(""https://stackoverflow.com/q/49752125"", ""49752125"")",0.4761904761904762
"=HYPERLINK(""https://stackoverflow.com/q/49774823"", ""49774823"")",0.5687203791469195
"=HYPERLINK(""https://stackoverflow.com/q/49780303"", ""49780303"")",0.8698296836982968
"=HYPERLINK(""https://stackoverflow.com/q/49864021"", ""49864021"")",0.31346578366445926
"=HYPERLINK(""https://stackoverflow.com/q/49885093"", ""49885093"")",0.4898550724637681
"=HYPERLINK(""https://stackoverflow.com/q/49907249"", ""49907249"")",0.4542124542124544
"=HYPERLINK(""https://stackoverflow.com/q/49911639"", ""49911639"")",0.2534435261707989
"=HYPERLINK(""https://stackoverflow.com/q/49932493"", ""49932493"")",0.6566666666666667
"=HYPERLINK(""https://stackoverflow.com/q/49942257"", ""49942257"")",0.5712309820193638
"=HYPERLINK(""https://stackoverflow.com/q/50052656"", ""50052656"")",0.813953488372093
"=HYPERLINK(""https://stackoverflow.com/q/50141622"", ""50141622"")",0.529482551143201
"=HYPERLINK(""https://stackoverflow.com/q/50227205"", ""50227205"")",0.6791666666666669
"=HYPERLINK(""https://stackoverflow.com/q/50267961"", ""50267961"")",0.6666666666666669
"=HYPERLINK(""https://stackoverflow.com/q/50274481"", ""50274481"")",0.8044871794871798
"=HYPERLINK(""https://stackoverflow.com/q/50278965"", ""50278965"")",0.4438202247191011
"=HYPERLINK(""https://stackoverflow.com/q/50377307"", ""50377307"")",0.28358208955223885
"=HYPERLINK(""https://stackoverflow.com/q/50377423"", ""50377423"")",0.42857142857142866
"=HYPERLINK(""https://stackoverflow.com/q/50416866"", ""50416866"")",0.640117994100295
"=HYPERLINK(""https://stackoverflow.com/q/50441181"", ""50441181"")",0.5080988917306054
"=HYPERLINK(""https://stackoverflow.com/q/50481601"", ""50481601"")",0.35598705501618133
"=HYPERLINK(""https://stackoverflow.com/q/50625442"", ""50625442"")",0.44903581267217646
"=HYPERLINK(""https://stackoverflow.com/q/50727029"", ""50727029"")",0.4356060606060605
"=HYPERLINK(""https://stackoverflow.com/q/50749476"", ""50749476"")",0.4
"=HYPERLINK(""https://stackoverflow.com/q/50749961"", ""50749961"")",0.46621621621621634
"=HYPERLINK(""https://stackoverflow.com/q/50827435"", ""50827435"")",0.7176470588235296
"=HYPERLINK(""https://stackoverflow.com/q/50832187"", ""50832187"")",0.2882205513784462
"=HYPERLINK(""https://stackoverflow.com/q/50853492"", ""50853492"")",0.46184738955823296
"=HYPERLINK(""https://stackoverflow.com/q/50858907"", ""50858907"")",0.28796844181459563
"=HYPERLINK(""https://stackoverflow.com/q/50883728"", ""50883728"")",0.23367697594501727
"=HYPERLINK(""https://stackoverflow.com/q/50932650"", ""50932650"")",0.5525114155251142
"=HYPERLINK(""https://stackoverflow.com/q/50968068"", ""50968068"")",0.3373493975903614
"=HYPERLINK(""https://stackoverflow.com/q/51007240"", ""51007240"")",0.7905405405405406
"=HYPERLINK(""https://stackoverflow.com/q/51135888"", ""51135888"")",0.40769230769230774
"=HYPERLINK(""https://stackoverflow.com/q/51217452"", ""51217452"")",0.2723577235772358
"=HYPERLINK(""https://stackoverflow.com/q/51263248"", ""51263248"")",0.4267912772585668
"=HYPERLINK(""https://stackoverflow.com/q/51272746"", ""51272746"")",0.7413793103448276
"=HYPERLINK(""https://stackoverflow.com/q/51319990"", ""51319990"")",0.41287878787878785
"=HYPERLINK(""https://stackoverflow.com/q/51324376"", ""51324376"")",0.5114155251141553
"=HYPERLINK(""https://stackoverflow.com/q/51376724"", ""51376724"")",0.4463276836158192
"=HYPERLINK(""https://stackoverflow.com/q/51377739"", ""51377739"")",0.30769230769230776
"=HYPERLINK(""https://stackoverflow.com/q/51469394"", ""51469394"")",0.2702169625246549
"=HYPERLINK(""https://stackoverflow.com/q/51471526"", ""51471526"")",0.8723004694835683
"=HYPERLINK(""https://stackoverflow.com/q/51478588"", ""51478588"")",0.824404761904762
"=HYPERLINK(""https://stackoverflow.com/q/51527546"", ""51527546"")",0.39062499999999994
"=HYPERLINK(""https://stackoverflow.com/q/51561719"", ""51561719"")",0.5416666666666669
"=HYPERLINK(""https://stackoverflow.com/q/51566988"", ""51566988"")",0.5360824742268042
"=HYPERLINK(""https://stackoverflow.com/q/51596291"", ""51596291"")",0.5249343832020996
"=HYPERLINK(""https://stackoverflow.com/q/51605417"", ""51605417"")",0.5532646048109967
"=HYPERLINK(""https://stackoverflow.com/q/51613450"", ""51613450"")",0.5947242206235013
"=HYPERLINK(""https://stackoverflow.com/q/51722798"", ""51722798"")",0.7182389937106919
"=HYPERLINK(""https://stackoverflow.com/q/51798557"", ""51798557"")",0.524822695035461
"=HYPERLINK(""https://stackoverflow.com/q/51847076"", ""51847076"")",0.28571428571428575
"=HYPERLINK(""https://stackoverflow.com/q/51948440"", ""51948440"")",0.6382113821138213
"=HYPERLINK(""https://stackoverflow.com/q/51952342"", ""51952342"")",0.46598639455782326
"=HYPERLINK(""https://stackoverflow.com/q/51982255"", ""51982255"")",0.6351351351351351
"=HYPERLINK(""https://stackoverflow.com/q/52053444"", ""52053444"")",0.7169540229885056
"=HYPERLINK(""https://stackoverflow.com/q/52110201"", ""52110201"")",0.47242206235012
"=HYPERLINK(""https://stackoverflow.com/q/52146179"", ""52146179"")",0.5307443365695793
"=HYPERLINK(""https://stackoverflow.com/q/52176020"", ""52176020"")",0.5151515151515152
"=HYPERLINK(""https://stackoverflow.com/q/52176359"", ""52176359"")",0.2633333333333334
"=HYPERLINK(""https://stackoverflow.com/q/52205507"", ""52205507"")",0.39666666666666683
"=HYPERLINK(""https://stackoverflow.com/q/52296301"", ""52296301"")",0.5181159420289854
"=HYPERLINK(""https://stackoverflow.com/q/52377348"", ""52377348"")",0.40952380952380957
"=HYPERLINK(""https://stackoverflow.com/q/52395198"", ""52395198"")",0.8491484184914844
"=HYPERLINK(""https://stackoverflow.com/q/52454310"", ""52454310"")",0.4947916666666667
"=HYPERLINK(""https://stackoverflow.com/q/52457218"", ""52457218"")",0.5517241379310344
"=HYPERLINK(""https://stackoverflow.com/q/52495778"", ""52495778"")",0.611683848797251
"=HYPERLINK(""https://stackoverflow.com/q/52496397"", ""52496397"")",0.43762781186094074
"=HYPERLINK(""https://stackoverflow.com/q/52549026"", ""52549026"")",0.31578947368421056
"=HYPERLINK(""https://stackoverflow.com/q/52723180"", ""52723180"")",0.29670329670329676
"=HYPERLINK(""https://stackoverflow.com/q/52732359"", ""52732359"")",0.48929663608562696
"=HYPERLINK(""https://stackoverflow.com/q/52767224"", ""52767224"")",0.6698113207547168
"=HYPERLINK(""https://stackoverflow.com/q/52815447"", ""52815447"")",0.5460122699386504
"=HYPERLINK(""https://stackoverflow.com/q/52842196"", ""52842196"")",0.6434782608695653
"=HYPERLINK(""https://stackoverflow.com/q/52953545"", ""52953545"")",0.5
"=HYPERLINK(""https://stackoverflow.com/q/52984157"", ""52984157"")",0.3593073593073593
"=HYPERLINK(""https://stackoverflow.com/q/52995416"", ""52995416"")",0.42567567567567566
"=HYPERLINK(""https://stackoverflow.com/q/53038253"", ""53038253"")",0.7154989384288746
"=HYPERLINK(""https://stackoverflow.com/q/53070222"", ""53070222"")",0.34751773049645396
"=HYPERLINK(""https://stackoverflow.com/q/53111770"", ""53111770"")",0.4430379746835443
"=HYPERLINK(""https://stackoverflow.com/q/53115696"", ""53115696"")",0.5882352941176473
"=HYPERLINK(""https://stackoverflow.com/q/53142643"", ""53142643"")",0.7490774907749079
"=HYPERLINK(""https://stackoverflow.com/q/53148280"", ""53148280"")",0.3333333333333334
"=HYPERLINK(""https://stackoverflow.com/q/53180376"", ""53180376"")",0.5257731958762889
"=HYPERLINK(""https://stackoverflow.com/q/53186971"", ""53186971"")",0.35678391959799
"=HYPERLINK(""https://stackoverflow.com/q/53191182"", ""53191182"")",0.6887052341597796
"=HYPERLINK(""https://stackoverflow.com/q/53202796"", ""53202796"")",0.2517985611510792
"=HYPERLINK(""https://stackoverflow.com/q/53264667"", ""53264667"")",0.35984848484848475
"=HYPERLINK(""https://stackoverflow.com/q/53267763"", ""53267763"")",0.7603222557905338
"=HYPERLINK(""https://stackoverflow.com/q/53328131"", ""53328131"")",0.8229885057471265
"=HYPERLINK(""https://stackoverflow.com/q/53343283"", ""53343283"")",0.5316455696202531
"=HYPERLINK(""https://stackoverflow.com/q/53428004"", ""53428004"")",0.4844961240310078
"=HYPERLINK(""https://stackoverflow.com/q/53474151"", ""53474151"")",0.3426443202979516
"=HYPERLINK(""https://stackoverflow.com/q/53478016"", ""53478016"")",0.39250493096646943
"=HYPERLINK(""https://stackoverflow.com/q/53572994"", ""53572994"")",0.6939890710382512
"=HYPERLINK(""https://stackoverflow.com/q/53605264"", ""53605264"")",0.3901303538175046
"=HYPERLINK(""https://stackoverflow.com/q/53649801"", ""53649801"")",0.3140350877192983
"=HYPERLINK(""https://stackoverflow.com/q/53650846"", ""53650846"")",0.5360824742268043
"=HYPERLINK(""https://stackoverflow.com/q/53718511"", ""53718511"")",0.5038402457757298
"=HYPERLINK(""https://stackoverflow.com/q/53810177"", ""53810177"")",0.5457875457875458
"=HYPERLINK(""https://stackoverflow.com/q/53814223"", ""53814223"")",0.33993399339933994
"=HYPERLINK(""https://stackoverflow.com/q/53818683"", ""53818683"")",0.6322580645161291
"=HYPERLINK(""https://stackoverflow.com/q/53872444"", ""53872444"")",0.3266888150609081
"=HYPERLINK(""https://stackoverflow.com/q/54023053"", ""54023053"")",0.5395683453237412
"=HYPERLINK(""https://stackoverflow.com/q/54041696"", ""54041696"")",0.4135021097046413
"=HYPERLINK(""https://stackoverflow.com/q/54050547"", ""54050547"")",0.31034482758620685
"=HYPERLINK(""https://stackoverflow.com/q/54123267"", ""54123267"")",0.5509641873278237
"=HYPERLINK(""https://stackoverflow.com/q/54238519"", ""54238519"")",0.6784037558685446
"=HYPERLINK(""https://stackoverflow.com/q/54243733"", ""54243733"")",0.7515151515151516
"=HYPERLINK(""https://stackoverflow.com/q/54256694"", ""54256694"")",0.6756756756756755
"=HYPERLINK(""https://stackoverflow.com/q/54311898"", ""54311898"")",0.6849148418491484
"=HYPERLINK(""https://stackoverflow.com/q/54373156"", ""54373156"")",0.37598736176935227
"=HYPERLINK(""https://stackoverflow.com/q/54380323"", ""54380323"")",0.3387096774193548
"=HYPERLINK(""https://stackoverflow.com/q/54410097"", ""54410097"")",0.7044673539518902
"=HYPERLINK(""https://stackoverflow.com/q/54433767"", ""54433767"")",0.448529411764706
"=HYPERLINK(""https://stackoverflow.com/q/54564735"", ""54564735"")",0.7454068241469815
"=HYPERLINK(""https://stackoverflow.com/q/54569610"", ""54569610"")",0.41666666666666674
"=HYPERLINK(""https://stackoverflow.com/q/54585396"", ""54585396"")",0.6179183135704873
"=HYPERLINK(""https://stackoverflow.com/q/54631089"", ""54631089"")",0.46333333333333343
"=HYPERLINK(""https://stackoverflow.com/q/54670342"", ""54670342"")",0.4262295081967213
"=HYPERLINK(""https://stackoverflow.com/q/54671158"", ""54671158"")",0.4318381706244503
"=HYPERLINK(""https://stackoverflow.com/q/54726489"", ""54726489"")",0.5081967213114754
"=HYPERLINK(""https://stackoverflow.com/q/54753113"", ""54753113"")",0.41666666666666674
"=HYPERLINK(""https://stackoverflow.com/q/54812865"", ""54812865"")",0.38152610441767065
"=HYPERLINK(""https://stackoverflow.com/q/54844476"", ""54844476"")",0.5662100456621004
"=HYPERLINK(""https://stackoverflow.com/q/55029227"", ""55029227"")",0.42156862745098045
"=HYPERLINK(""https://stackoverflow.com/q/55039924"", ""55039924"")",0.6271186440677969
"=HYPERLINK(""https://stackoverflow.com/q/55177382"", ""55177382"")",0.8059071729957804
"=HYPERLINK(""https://stackoverflow.com/q/55182284"", ""55182284"")",0.3009708737864078
"=HYPERLINK(""https://stackoverflow.com/q/55196441"", ""55196441"")",0.36985391766268255
"=HYPERLINK(""https://stackoverflow.com/q/55218074"", ""55218074"")",0.5197740112994352
"=HYPERLINK(""https://stackoverflow.com/q/55222540"", ""55222540"")",0.5764705882352943
"=HYPERLINK(""https://stackoverflow.com/q/55365530"", ""55365530"")",0.3951612903225806
"=HYPERLINK(""https://stackoverflow.com/q/55485950"", ""55485950"")",0.5719298245614034
"=HYPERLINK(""https://stackoverflow.com/q/55566277"", ""55566277"")",0.5254901960784316
"=HYPERLINK(""https://stackoverflow.com/q/55569131"", ""55569131"")",0.26911314984709483
"=HYPERLINK(""https://stackoverflow.com/q/55582972"", ""55582972"")",0.8257575757575756
"=HYPERLINK(""https://stackoverflow.com/q/55606725"", ""55606725"")",0.36569579288025894
"=HYPERLINK(""https://stackoverflow.com/q/55752456"", ""55752456"")",0.19858156028368798
"=HYPERLINK(""https://stackoverflow.com/q/55768013"", ""55768013"")",0.6832460732984295
"=HYPERLINK(""https://stackoverflow.com/q/55823004"", ""55823004"")",0.35580524344569286
"=HYPERLINK(""https://stackoverflow.com/q/55882841"", ""55882841"")",0.40039447731755423
"=HYPERLINK(""https://stackoverflow.com/q/55897483"", ""55897483"")",0.4545454545454545
"=HYPERLINK(""https://stackoverflow.com/q/55938833"", ""55938833"")",0.37068965517241387
"=HYPERLINK(""https://stackoverflow.com/q/55980223"", ""55980223"")",0.6628571428571429
"=HYPERLINK(""https://stackoverflow.com/q/55986477"", ""55986477"")",0.3090418353576248
"=HYPERLINK(""https://stackoverflow.com/q/56008318"", ""56008318"")",0.24006908462867016
"=HYPERLINK(""https://stackoverflow.com/q/56024435"", ""56024435"")",0.28125000000000006
"=HYPERLINK(""https://stackoverflow.com/q/56027486"", ""56027486"")",0.5234159779614326
"=HYPERLINK(""https://stackoverflow.com/q/56120443"", ""56120443"")",0.5780141843971631
"=HYPERLINK(""https://stackoverflow.com/q/56215238"", ""56215238"")",0.8125000000000001
"=HYPERLINK(""https://stackoverflow.com/q/56239317"", ""56239317"")",0.40506329113924033
"=HYPERLINK(""https://stackoverflow.com/q/56265273"", ""56265273"")",0.2606263982102908
"=HYPERLINK(""https://stackoverflow.com/q/56271717"", ""56271717"")",0.5238095238095238
"=HYPERLINK(""https://stackoverflow.com/q/56288957"", ""56288957"")",0.5733333333333334
"=HYPERLINK(""https://stackoverflow.com/q/56306765"", ""56306765"")",0.3921568627450981
"=HYPERLINK(""https://stackoverflow.com/q/56334963"", ""56334963"")",0.47286821705426346
"=HYPERLINK(""https://stackoverflow.com/q/56343013"", ""56343013"")",0.29385964912280704
"=HYPERLINK(""https://stackoverflow.com/q/56346607"", ""56346607"")",0.45307443365695793
"=HYPERLINK(""https://stackoverflow.com/q/56495634"", ""56495634"")",0.3875968992248062
"=HYPERLINK(""https://stackoverflow.com/q/56534185"", ""56534185"")",0.3517382413087935
"=HYPERLINK(""https://stackoverflow.com/q/56557472"", ""56557472"")",0.4607843137254903
"=HYPERLINK(""https://stackoverflow.com/q/56692248"", ""56692248"")",0.573934837092732
"=HYPERLINK(""https://stackoverflow.com/q/56711846"", ""56711846"")",0.4414893617021276
"=HYPERLINK(""https://stackoverflow.com/q/56759854"", ""56759854"")",0.5325203252032521
"=HYPERLINK(""https://stackoverflow.com/q/56813145"", ""56813145"")",0.29425287356321844
"=HYPERLINK(""https://stackoverflow.com/q/56931845"", ""56931845"")",0.3627450980392158
"=HYPERLINK(""https://stackoverflow.com/q/57001234"", ""57001234"")",0.7243589743589747
"=HYPERLINK(""https://stackoverflow.com/q/57046562"", ""57046562"")",0.3502109704641349
"=HYPERLINK(""https://stackoverflow.com/q/57127895"", ""57127895"")",0.6504854368932039
"=HYPERLINK(""https://stackoverflow.com/q/57147822"", ""57147822"")",0.2792792792792793
"=HYPERLINK(""https://stackoverflow.com/q/57203896"", ""57203896"")",0.729710144927536
"=HYPERLINK(""https://stackoverflow.com/q/57211993"", ""57211993"")",0.3854166666666668
"=HYPERLINK(""https://stackoverflow.com/q/57212696"", ""57212696"")",0.6976744186046511
"=HYPERLINK(""https://stackoverflow.com/q/57340746"", ""57340746"")",0.5295186194368754
"=HYPERLINK(""https://stackoverflow.com/q/57382531"", ""57382531"")",0.6155913978494624
"=HYPERLINK(""https://stackoverflow.com/q/57454662"", ""57454662"")",0.602446483180428
"=HYPERLINK(""https://stackoverflow.com/q/57520867"", ""57520867"")",0.36516853932584264
"=HYPERLINK(""https://stackoverflow.com/q/57595703"", ""57595703"")",0.5080213903743315
"=HYPERLINK(""https://stackoverflow.com/q/57597351"", ""57597351"")",0.4994462901439646
"=HYPERLINK(""https://stackoverflow.com/q/57749892"", ""57749892"")",0.6640419947506561
"=HYPERLINK(""https://stackoverflow.com/q/57778138"", ""57778138"")",0.38358458961474046
"=HYPERLINK(""https://stackoverflow.com/q/57778445"", ""57778445"")",0.3017543859649123
"=HYPERLINK(""https://stackoverflow.com/q/57981830"", ""57981830"")",0.5379310344827587
"=HYPERLINK(""https://stackoverflow.com/q/58051432"", ""58051432"")",0.45423728813559316
"=HYPERLINK(""https://stackoverflow.com/q/58106200"", ""58106200"")",0.3333333333333334
"=HYPERLINK(""https://stackoverflow.com/q/58191320"", ""58191320"")",0.536231884057971
"=HYPERLINK(""https://stackoverflow.com/q/58253197"", ""58253197"")",0.3942307692307692
"=HYPERLINK(""https://stackoverflow.com/q/58278591"", ""58278591"")",0.558011049723757
"=HYPERLINK(""https://stackoverflow.com/q/58310376"", ""58310376"")",0.41666666666666674
"=HYPERLINK(""https://stackoverflow.com/q/58467247"", ""58467247"")",0.39743589743589747
"=HYPERLINK(""https://stackoverflow.com/q/58486021"", ""58486021"")",0.5614754098360655
"=HYPERLINK(""https://stackoverflow.com/q/58515602"", ""58515602"")",0.26470588235294124
"=HYPERLINK(""https://stackoverflow.com/q/58581866"", ""58581866"")",0.30097087378640774
"=HYPERLINK(""https://stackoverflow.com/q/58653362"", ""58653362"")",0.2875197472353871
"=HYPERLINK(""https://stackoverflow.com/q/58712625"", ""58712625"")",0.28871391076115493
"=HYPERLINK(""https://stackoverflow.com/q/58912175"", ""58912175"")",0.4342105263157895
"=HYPERLINK(""https://stackoverflow.com/q/58940972"", ""58940972"")",0.3780918727915194
"=HYPERLINK(""https://stackoverflow.com/q/58966949"", ""58966949"")",0.4808743169398905
"=HYPERLINK(""https://stackoverflow.com/q/59004617"", ""59004617"")",0.6099290780141843
"=HYPERLINK(""https://stackoverflow.com/q/59104347"", ""59104347"")",0.8047619047619049
"=HYPERLINK(""https://stackoverflow.com/q/59146086"", ""59146086"")",0.8313253012048192
"=HYPERLINK(""https://stackoverflow.com/q/59161989"", ""59161989"")",0.48571428571428577
"=HYPERLINK(""https://stackoverflow.com/q/59186302"", ""59186302"")",0.6047619047619048
"=HYPERLINK(""https://stackoverflow.com/q/59386244"", ""59386244"")",0.340686274509804
"=HYPERLINK(""https://stackoverflow.com/q/59514439"", ""59514439"")",0.6393442622950817
"=HYPERLINK(""https://stackoverflow.com/q/59653641"", ""59653641"")",0.35585585585585583
"=HYPERLINK(""https://stackoverflow.com/q/59690508"", ""59690508"")",0.37978142076502724
"=HYPERLINK(""https://stackoverflow.com/q/59709119"", ""59709119"")",0.6470588235294119
"=HYPERLINK(""https://stackoverflow.com/q/59887618"", ""59887618"")",0.599290780141844
"=HYPERLINK(""https://stackoverflow.com/q/59892993"", ""59892993"")",0.5029761904761907
"=HYPERLINK(""https://stackoverflow.com/q/59947440"", ""59947440"")",0.4808743169398907
"=HYPERLINK(""https://stackoverflow.com/q/59953183"", ""59953183"")",0.6666666666666665
"=HYPERLINK(""https://stackoverflow.com/q/59987884"", ""59987884"")",0.44619422572178474
"=HYPERLINK(""https://stackoverflow.com/q/60052638"", ""60052638"")",0.5319148936170213
"=HYPERLINK(""https://stackoverflow.com/q/60094702"", ""60094702"")",0.436251920122888
"=HYPERLINK(""https://stackoverflow.com/q/60112299"", ""60112299"")",0.7034120734908137
"=HYPERLINK(""https://stackoverflow.com/q/60164981"", ""60164981"")",0.41293532338308475
"=HYPERLINK(""https://stackoverflow.com/q/60233674"", ""60233674"")",0.6723163841807913
"=HYPERLINK(""https://stackoverflow.com/q/60274066"", ""60274066"")",0.582089552238806
"=HYPERLINK(""https://stackoverflow.com/q/60387031"", ""60387031"")",0.5333333333333335
"=HYPERLINK(""https://stackoverflow.com/q/60438883"", ""60438883"")",0.5321100917431193
"=HYPERLINK(""https://stackoverflow.com/q/60593198"", ""60593198"")",0.7412935323383087
"=HYPERLINK(""https://stackoverflow.com/q/60709464"", ""60709464"")",0.7297297297297299
"=HYPERLINK(""https://stackoverflow.com/q/60778546"", ""60778546"")",0.696969696969697
"=HYPERLINK(""https://stackoverflow.com/q/60864909"", ""60864909"")",0.40659340659340665
"=HYPERLINK(""https://stackoverflow.com/q/61071343"", ""61071343"")",0.31081081081081086
"=HYPERLINK(""https://stackoverflow.com/q/61224130"", ""61224130"")",0.3002544529262086
"=HYPERLINK(""https://stackoverflow.com/q/61230237"", ""61230237"")",0.716535433070866
"=HYPERLINK(""https://stackoverflow.com/q/61279914"", ""61279914"")",0.38489871086556177
"=HYPERLINK(""https://stackoverflow.com/q/61305294"", ""61305294"")",0.38827838827838834
"=HYPERLINK(""https://stackoverflow.com/q/61504433"", ""61504433"")",0.641350210970464
"=HYPERLINK(""https://stackoverflow.com/q/61711012"", ""61711012"")",0.552486187845304
"=HYPERLINK(""https://stackoverflow.com/q/61883115"", ""61883115"")",0.8014184397163119
"=HYPERLINK(""https://stackoverflow.com/q/61950298"", ""61950298"")",0.37241379310344824
"=HYPERLINK(""https://stackoverflow.com/q/61980077"", ""61980077"")",0.6104651162790697
"=HYPERLINK(""https://stackoverflow.com/q/62180282"", ""62180282"")",0.4430379746835442
"=HYPERLINK(""https://stackoverflow.com/q/62185684"", ""62185684"")",0.3459915611814344
"=HYPERLINK(""https://stackoverflow.com/q/62189103"", ""62189103"")",0.45454545454545453
"=HYPERLINK(""https://stackoverflow.com/q/62204687"", ""62204687"")",0.7720588235294119
"=HYPERLINK(""https://stackoverflow.com/q/62252644"", ""62252644"")",0.609375
"=HYPERLINK(""https://stackoverflow.com/q/62308496"", ""62308496"")",0.38136826783114997
"=HYPERLINK(""https://stackoverflow.com/q/62313532"", ""62313532"")",0.45614035087719285
"=HYPERLINK(""https://stackoverflow.com/q/62377746"", ""62377746"")",0.6297935103244839
"=HYPERLINK(""https://stackoverflow.com/q/62571907"", ""62571907"")",0.5357873210633947
"=HYPERLINK(""https://stackoverflow.com/q/62588765"", ""62588765"")",0.5744680851063829
"=HYPERLINK(""https://stackoverflow.com/q/62636399"", ""62636399"")",0.34364261168384885
"=HYPERLINK(""https://stackoverflow.com/q/62769714"", ""62769714"")",0.3529411764705883
"=HYPERLINK(""https://stackoverflow.com/q/62769892"", ""62769892"")",0.27922077922077926
"=HYPERLINK(""https://stackoverflow.com/q/62835901"", ""62835901"")",0.2068965517241379
"=HYPERLINK(""https://stackoverflow.com/q/62912156"", ""62912156"")",0.37649880095923266
"=HYPERLINK(""https://stackoverflow.com/q/62940968"", ""62940968"")",0.27017543859649124
"=HYPERLINK(""https://stackoverflow.com/q/63034065"", ""63034065"")",0.540084388185654
"=HYPERLINK(""https://stackoverflow.com/q/63059107"", ""63059107"")",0.24894514767932488
"=HYPERLINK(""https://stackoverflow.com/q/63177610"", ""63177610"")",0.6982248520710057
"=HYPERLINK(""https://stackoverflow.com/q/63220036"", ""63220036"")",0.4594594594594595
"=HYPERLINK(""https://stackoverflow.com/q/63404381"", ""63404381"")",0.4019047619047619
"=HYPERLINK(""https://stackoverflow.com/q/63564551"", ""63564551"")",0.24347826086956528
"=HYPERLINK(""https://stackoverflow.com/q/63637178"", ""63637178"")",0.8060897435897437
"=HYPERLINK(""https://stackoverflow.com/q/63650203"", ""63650203"")",0.32653061224489804
"=HYPERLINK(""https://stackoverflow.com/q/63746299"", ""63746299"")",0.4114583333333333
"=HYPERLINK(""https://stackoverflow.com/q/63928863"", ""63928863"")",0.3642384105960265
"=HYPERLINK(""https://stackoverflow.com/q/63933811"", ""63933811"")",0.4863387978142075
"=HYPERLINK(""https://stackoverflow.com/q/64139685"", ""64139685"")",0.4596774193548387
"=HYPERLINK(""https://stackoverflow.com/q/64158373"", ""64158373"")",0.5781710914454279
"=HYPERLINK(""https://stackoverflow.com/q/64294658"", ""64294658"")",0.37889688249400494
"=HYPERLINK(""https://stackoverflow.com/q/64441362"", ""64441362"")",0.3512820512820514
"=HYPERLINK(""https://stackoverflow.com/q/64651724"", ""64651724"")",0.7047619047619049
"=HYPERLINK(""https://stackoverflow.com/q/64655227"", ""64655227"")",0.36648250460405163
"=HYPERLINK(""https://stackoverflow.com/q/64704316"", ""64704316"")",0.3803921568627452
"=HYPERLINK(""https://stackoverflow.com/q/64704974"", ""64704974"")",0.39912280701754393
"=HYPERLINK(""https://stackoverflow.com/q/64757331"", ""64757331"")",0.46666666666666673
"=HYPERLINK(""https://stackoverflow.com/q/64801593"", ""64801593"")",0.47560975609756095
"=HYPERLINK(""https://stackoverflow.com/q/64851132"", ""64851132"")",0.38405797101449274
"=HYPERLINK(""https://stackoverflow.com/q/65011496"", ""65011496"")",0.4523809523809525
"=HYPERLINK(""https://stackoverflow.com/q/65074600"", ""65074600"")",0.7300275482093664
"=HYPERLINK(""https://stackoverflow.com/q/65102618"", ""65102618"")",0.3615819209039549
"=HYPERLINK(""https://stackoverflow.com/q/65112585"", ""65112585"")",0.4972677595628414
"=HYPERLINK(""https://stackoverflow.com/q/65122818"", ""65122818"")",0.27911646586345384
"=HYPERLINK(""https://stackoverflow.com/q/65354927"", ""65354927"")",0.5035971223021585
"=HYPERLINK(""https://stackoverflow.com/q/65419605"", ""65419605"")",0.5787545787545789
"=HYPERLINK(""https://stackoverflow.com/q/65469150"", ""65469150"")",0.40893470790378017
"=HYPERLINK(""https://stackoverflow.com/q/65672022"", ""65672022"")",0.45128205128205134
"=HYPERLINK(""https://stackoverflow.com/q/65836484"", ""65836484"")",0.4076738609112711
"=HYPERLINK(""https://stackoverflow.com/q/65852113"", ""65852113"")",0.4430379746835442
"=HYPERLINK(""https://stackoverflow.com/q/65937608"", ""65937608"")",0.380952380952381
"=HYPERLINK(""https://stackoverflow.com/q/66053665"", ""66053665"")",0.8047619047619049
"=HYPERLINK(""https://stackoverflow.com/q/66080630"", ""66080630"")",0.34782608695652184
"=HYPERLINK(""https://stackoverflow.com/q/66299204"", ""66299204"")",0.5698198198198199
"=HYPERLINK(""https://stackoverflow.com/q/66655032"", ""66655032"")",0.43042071197410997
"=HYPERLINK(""https://stackoverflow.com/q/66758801"", ""66758801"")",0.29166666666666674
"=HYPERLINK(""https://stackoverflow.com/q/66806500"", ""66806500"")",0.8395638629283487
"=HYPERLINK(""https://stackoverflow.com/q/66832971"", ""66832971"")",0.49862258953168054
"=HYPERLINK(""https://stackoverflow.com/q/66847980"", ""66847980"")",0.3042071197411003
"=HYPERLINK(""https://stackoverflow.com/q/66865411"", ""66865411"")",0.7685664939550951
"=HYPERLINK(""https://stackoverflow.com/q/67015185"", ""67015185"")",0.32067510548523204
"=HYPERLINK(""https://stackoverflow.com/q/67068965"", ""67068965"")",0.3442622950819672
"=HYPERLINK(""https://stackoverflow.com/q/67186743"", ""67186743"")",0.5486891385767789
"=HYPERLINK(""https://stackoverflow.com/q/67201421"", ""67201421"")",0.6218487394957982
"=HYPERLINK(""https://stackoverflow.com/q/67277764"", ""67277764"")",0.5704099821746881
"=HYPERLINK(""https://stackoverflow.com/q/67301033"", ""67301033"")",0.4756097560975611
"=HYPERLINK(""https://stackoverflow.com/q/67404805"", ""67404805"")",0.576923076923077
"=HYPERLINK(""https://stackoverflow.com/q/67438154"", ""67438154"")",0.6069182389937106
"=HYPERLINK(""https://stackoverflow.com/q/67509322"", ""67509322"")",0.5080459770114943
"=HYPERLINK(""https://stackoverflow.com/q/67643307"", ""67643307"")",0.40104166666666663
"=HYPERLINK(""https://stackoverflow.com/q/67727907"", ""67727907"")",0.3020833333333333
"=HYPERLINK(""https://stackoverflow.com/q/67814497"", ""67814497"")",0.3233830845771145
"=HYPERLINK(""https://stackoverflow.com/q/67867951"", ""67867951"")",0.4700374531835206
"=HYPERLINK(""https://stackoverflow.com/q/67874416"", ""67874416"")",0.6942528735632185
"=HYPERLINK(""https://stackoverflow.com/q/67899213"", ""67899213"")",0.31182795698924726
"=HYPERLINK(""https://stackoverflow.com/q/67940893"", ""67940893"")",0.6466666666666668
"=HYPERLINK(""https://stackoverflow.com/q/68026366"", ""68026366"")",0.6907216494845364
"=HYPERLINK(""https://stackoverflow.com/q/68074074"", ""68074074"")",0.2833333333333333
"=HYPERLINK(""https://stackoverflow.com/q/68095583"", ""68095583"")",0.2599388379204893
"=HYPERLINK(""https://stackoverflow.com/q/68118209"", ""68118209"")",0.5719696969696969
"=HYPERLINK(""https://stackoverflow.com/q/68157001"", ""68157001"")",0.35915492957746487
"=HYPERLINK(""https://stackoverflow.com/q/68188449"", ""68188449"")",0.6376811594202899
"=HYPERLINK(""https://stackoverflow.com/q/68260888"", ""68260888"")",0.481743227326266
"=HYPERLINK(""https://stackoverflow.com/q/68310729"", ""68310729"")",0.40540540540540543
"=HYPERLINK(""https://stackoverflow.com/q/68345562"", ""68345562"")",0.3103448275862069
"=HYPERLINK(""https://stackoverflow.com/q/68353879"", ""68353879"")",0.5421686746987953
"=HYPERLINK(""https://stackoverflow.com/q/68363284"", ""68363284"")",0.38396624472573837
"=HYPERLINK(""https://stackoverflow.com/q/68477475"", ""68477475"")",0.2909090909090909
"=HYPERLINK(""https://stackoverflow.com/q/68504879"", ""68504879"")",0.42948717948717957
"=HYPERLINK(""https://stackoverflow.com/q/68671992"", ""68671992"")",0.507042253521127
"=HYPERLINK(""https://stackoverflow.com/q/68678597"", ""68678597"")",0.45528455284552855
"=HYPERLINK(""https://stackoverflow.com/q/69135872"", ""69135872"")",0.3306306306306307
"=HYPERLINK(""https://stackoverflow.com/q/69140687"", ""69140687"")",0.7014492753623188
"=HYPERLINK(""https://stackoverflow.com/q/69226818"", ""69226818"")",0.6105263157894736
"=HYPERLINK(""https://stackoverflow.com/q/69291868"", ""69291868"")",0.561181434599156
"=HYPERLINK(""https://stackoverflow.com/q/69491545"", ""69491545"")",0.37619047619047624
"=HYPERLINK(""https://stackoverflow.com/q/69564996"", ""69564996"")",0.31391585760517804
"=HYPERLINK(""https://stackoverflow.com/q/69664616"", ""69664616"")",0.7713498622589533
"=HYPERLINK(""https://stackoverflow.com/q/69689530"", ""69689530"")",0.42028985507246375
"=HYPERLINK(""https://stackoverflow.com/q/69727772"", ""69727772"")",0.6826291079812207
"=HYPERLINK(""https://stackoverflow.com/q/69822653"", ""69822653"")",0.4754098360655738
"=HYPERLINK(""https://stackoverflow.com/q/69851819"", ""69851819"")",0.46766169154228865
"=HYPERLINK(""https://stackoverflow.com/q/69883147"", ""69883147"")",0.48427672955974843
"=HYPERLINK(""https://stackoverflow.com/q/69907276"", ""69907276"")",0.44862155388471187
"=HYPERLINK(""https://stackoverflow.com/q/69919147"", ""69919147"")",0.4220779220779222
"=HYPERLINK(""https://stackoverflow.com/q/70047920"", ""70047920"")",0.6605222734254995
"=HYPERLINK(""https://stackoverflow.com/q/70092793"", ""70092793"")",0.4408602150537634
"=HYPERLINK(""https://stackoverflow.com/q/70103163"", ""70103163"")",0.5548172757475084
"=HYPERLINK(""https://stackoverflow.com/q/70205550"", ""70205550"")",0.4977477477477477
"=HYPERLINK(""https://stackoverflow.com/q/70215262"", ""70215262"")",0.3303571428571429
"=HYPERLINK(""https://stackoverflow.com/q/70279189"", ""70279189"")",0.24159021406727824
"=HYPERLINK(""https://stackoverflow.com/q/70311395"", ""70311395"")",0.4357429718875502
"=HYPERLINK(""https://stackoverflow.com/q/70333705"", ""70333705"")",0.3047619047619048
"=HYPERLINK(""https://stackoverflow.com/q/70366277"", ""70366277"")",0.49868766404199477
"=HYPERLINK(""https://stackoverflow.com/q/70408222"", ""70408222"")",0.44791666666666663
"=HYPERLINK(""https://stackoverflow.com/q/70440726"", ""70440726"")",0.6030428769017981
"=HYPERLINK(""https://stackoverflow.com/q/70622044"", ""70622044"")",0.7567567567567567
"=HYPERLINK(""https://stackoverflow.com/q/70686351"", ""70686351"")",0.32489451476793246
"=HYPERLINK(""https://stackoverflow.com/q/70721119"", ""70721119"")",0.6976744186046514
"=HYPERLINK(""https://stackoverflow.com/q/70759860"", ""70759860"")",0.3640350877192982
"=HYPERLINK(""https://stackoverflow.com/q/70862161"", ""70862161"")",0.3848797250859108
"=HYPERLINK(""https://stackoverflow.com/q/70924715"", ""70924715"")",0.5602409638554215
"=HYPERLINK(""https://stackoverflow.com/q/70955652"", ""70955652"")",0.7064220183486236
"=HYPERLINK(""https://stackoverflow.com/q/70973526"", ""70973526"")",0.5508474576271187
"=HYPERLINK(""https://stackoverflow.com/q/71014865"", ""71014865"")",0.2792207792207792
"=HYPERLINK(""https://stackoverflow.com/q/71127858"", ""71127858"")",0.3666666666666668
"=HYPERLINK(""https://stackoverflow.com/q/71292200"", ""71292200"")",0.46816479400749056
"=HYPERLINK(""https://stackoverflow.com/q/71311014"", ""71311014"")",0.3515151515151515
"=HYPERLINK(""https://stackoverflow.com/q/71335893"", ""71335893"")",0.4039408866995074
"=HYPERLINK(""https://stackoverflow.com/q/71419537"", ""71419537"")",0.7812500000000001
"=HYPERLINK(""https://stackoverflow.com/q/71490017"", ""71490017"")",0.7519379844961243
"=HYPERLINK(""https://stackoverflow.com/q/71529386"", ""71529386"")",0.5564304461942257
"=HYPERLINK(""https://stackoverflow.com/q/71569924"", ""71569924"")",0.627450980392157
"=HYPERLINK(""https://stackoverflow.com/q/71587437"", ""71587437"")",0.4166666666666666
"=HYPERLINK(""https://stackoverflow.com/q/71595216"", ""71595216"")",0.3882352941176472
"=HYPERLINK(""https://stackoverflow.com/q/71609592"", ""71609592"")",0.812925170068027
"=HYPERLINK(""https://stackoverflow.com/q/71611203"", ""71611203"")",0.4659863945578232
"=HYPERLINK(""https://stackoverflow.com/q/71616995"", ""71616995"")",0.6746666666666665
"=HYPERLINK(""https://stackoverflow.com/q/71620857"", ""71620857"")",0.5614973262032086
"=HYPERLINK(""https://stackoverflow.com/q/71694816"", ""71694816"")",0.32515337423312884
"=HYPERLINK(""https://stackoverflow.com/q/71711284"", ""71711284"")",0.5000000000000002
"=HYPERLINK(""https://stackoverflow.com/q/71723629"", ""71723629"")",0.591800356506239
"=HYPERLINK(""https://stackoverflow.com/q/71756399"", ""71756399"")",0.39473684210526305
"=HYPERLINK(""https://stackoverflow.com/q/71768881"", ""71768881"")",0.6847389558232931
"=HYPERLINK(""https://stackoverflow.com/q/71841359"", ""71841359"")",0.3898305084745763
"=HYPERLINK(""https://stackoverflow.com/q/71928885"", ""71928885"")",0.26818181818181813
"=HYPERLINK(""https://stackoverflow.com/q/71929127"", ""71929127"")",0.5373134328358211
"=HYPERLINK(""https://stackoverflow.com/q/71967150"", ""71967150"")",0.6242038216560509
"=HYPERLINK(""https://stackoverflow.com/q/71972459"", ""71972459"")",0.5356321839080459
"=HYPERLINK(""https://stackoverflow.com/q/71997224"", ""71997224"")",0.2712895377128954
"=HYPERLINK(""https://stackoverflow.com/q/72018938"", ""72018938"")",0.539594843462247
"=HYPERLINK(""https://stackoverflow.com/q/72038060"", ""72038060"")",0.43908045977011506
"=HYPERLINK(""https://stackoverflow.com/q/72090241"", ""72090241"")",0.36769759450171824
"=HYPERLINK(""https://stackoverflow.com/q/72228607"", ""72228607"")",0.6056910569105695
"=HYPERLINK(""https://stackoverflow.com/q/72230389"", ""72230389"")",0.7594936708860759
"=HYPERLINK(""https://stackoverflow.com/q/72360832"", ""72360832"")",0.5851318944844126
"=HYPERLINK(""https://stackoverflow.com/q/72366379"", ""72366379"")",0.29375000000000007
"=HYPERLINK(""https://stackoverflow.com/q/72372125"", ""72372125"")",0.576051779935275
"=HYPERLINK(""https://stackoverflow.com/q/72379718"", ""72379718"")",0.47133757961783435
"=HYPERLINK(""https://stackoverflow.com/q/72479831"", ""72479831"")",0.4043715846994536
