link,Correlation
"=HYPERLINK(""https://stackoverflow.com/a/18257818"", ""18257818"")",0.18181818181818177
"=HYPERLINK(""https://stackoverflow.com/a/29607558"", ""29607558"")",0.25000000000000006
"=HYPERLINK(""https://stackoverflow.com/a/33920056"", ""33920056"")",0.14583333333333337
"=HYPERLINK(""https://stackoverflow.com/a/35766705"", ""35766705"")",0.24999999999999997
"=HYPERLINK(""https://stackoverflow.com/a/39073079"", ""39073079"")",0.27678571428571425
"=HYPERLINK(""https://stackoverflow.com/a/39940054"", ""39940054"")",0.2990196078431373
"=HYPERLINK(""https://stackoverflow.com/a/42588631"", ""42588631"")",0.2558139534883721
"=HYPERLINK(""https://stackoverflow.com/a/43104741"", ""43104741"")",0.2868217054263566
"=HYPERLINK(""https://stackoverflow.com/a/43701070"", ""43701070"")",0.8378378378378379
"=HYPERLINK(""https://stackoverflow.com/a/43997478"", ""43997478"")",0.6068965517241379
"=HYPERLINK(""https://stackoverflow.com/a/44173608"", ""44173608"")",0.3177083333333333
"=HYPERLINK(""https://stackoverflow.com/a/44319452"", ""44319452"")",0.303030303030303
"=HYPERLINK(""https://stackoverflow.com/a/44417923"", ""44417923"")",0.5566037735849055
"=HYPERLINK(""https://stackoverflow.com/a/44488345"", ""44488345"")",0.4512195121951219
"=HYPERLINK(""https://stackoverflow.com/a/44662748"", ""44662748"")",0.6862745098039216
"=HYPERLINK(""https://stackoverflow.com/a/44713845"", ""44713845"")",0.7257383966244726
"=HYPERLINK(""https://stackoverflow.com/a/44896316"", ""44896316"")",0.43478260869565216
"=HYPERLINK(""https://stackoverflow.com/a/45109875"", ""45109875"")",0.6303030303030303
"=HYPERLINK(""https://stackoverflow.com/a/45127753"", ""45127753"")",0.365296803652968
"=HYPERLINK(""https://stackoverflow.com/a/45721835"", ""45721835"")",0.5140845070422535
"=HYPERLINK(""https://stackoverflow.com/a/45723766"", ""45723766"")",0.6036414565826331
"=HYPERLINK(""https://stackoverflow.com/a/45770836"", ""45770836"")",0.27450980392156865
"=HYPERLINK(""https://stackoverflow.com/a/45826064"", ""45826064"")",0.657608695652174
"=HYPERLINK(""https://stackoverflow.com/a/46070942"", ""46070942"")",0.8114035087719299
"=HYPERLINK(""https://stackoverflow.com/a/46111438"", ""46111438"")",0.325
"=HYPERLINK(""https://stackoverflow.com/a/46241187"", ""46241187"")",0.4166666666666667
"=HYPERLINK(""https://stackoverflow.com/a/46276533"", ""46276533"")",0.47721822541966424
"=HYPERLINK(""https://stackoverflow.com/a/46947943"", ""46947943"")",0.38505747126436773
"=HYPERLINK(""https://stackoverflow.com/a/47145641"", ""47145641"")",0.6263736263736264
"=HYPERLINK(""https://stackoverflow.com/a/47171324"", ""47171324"")",0.632183908045977
"=HYPERLINK(""https://stackoverflow.com/a/47412464"", ""47412464"")",0.2333333333333333
"=HYPERLINK(""https://stackoverflow.com/a/47469760"", ""47469760"")",0.6695652173913043
"=HYPERLINK(""https://stackoverflow.com/a/47470818"", ""47470818"")",0.3643410852713179
"=HYPERLINK(""https://stackoverflow.com/a/47471537"", ""47471537"")",0.8145833333333333
"=HYPERLINK(""https://stackoverflow.com/a/47541691"", ""47541691"")",0.6036036036036035
"=HYPERLINK(""https://stackoverflow.com/a/47632509"", ""47632509"")",0.2945736434108527
"=HYPERLINK(""https://stackoverflow.com/a/47646930"", ""47646930"")",0.692449355432781
"=HYPERLINK(""https://stackoverflow.com/a/47708898"", ""47708898"")",0.8673139158576052
"=HYPERLINK(""https://stackoverflow.com/a/47711975"", ""47711975"")",0.7347417840375587
"=HYPERLINK(""https://stackoverflow.com/a/47804895"", ""47804895"")",0.49000000000000005
"=HYPERLINK(""https://stackoverflow.com/a/47865575"", ""47865575"")",0.7689393939393939
"=HYPERLINK(""https://stackoverflow.com/a/47885621"", ""47885621"")",0.656957928802589
"=HYPERLINK(""https://stackoverflow.com/a/47918739"", ""47918739"")",0.5406504065040652
"=HYPERLINK(""https://stackoverflow.com/a/47948969"", ""47948969"")",0.4535519125683061
"=HYPERLINK(""https://stackoverflow.com/a/48022369"", ""48022369"")",0.6227106227106227
"=HYPERLINK(""https://stackoverflow.com/a/48058668"", ""48058668"")",0.5681818181818181
"=HYPERLINK(""https://stackoverflow.com/a/48090082"", ""48090082"")",0.5882352941176471
"=HYPERLINK(""https://stackoverflow.com/a/48144093"", ""48144093"")",0.37980769230769235
"=HYPERLINK(""https://stackoverflow.com/a/48149037"", ""48149037"")",0.580952380952381
"=HYPERLINK(""https://stackoverflow.com/a/48207418"", ""48207418"")",0.3866666666666667
"=HYPERLINK(""https://stackoverflow.com/a/48231264"", ""48231264"")",0.7142857142857143
"=HYPERLINK(""https://stackoverflow.com/a/48336077"", ""48336077"")",0.38208168642951246
"=HYPERLINK(""https://stackoverflow.com/a/48556284"", ""48556284"")",0.6390658174097664
"=HYPERLINK(""https://stackoverflow.com/a/48716982"", ""48716982"")",0.5490196078431373
"=HYPERLINK(""https://stackoverflow.com/a/48809090"", ""48809090"")",0.8078641644325291
"=HYPERLINK(""https://stackoverflow.com/a/48823713"", ""48823713"")",0.6875
"=HYPERLINK(""https://stackoverflow.com/a/48838832"", ""48838832"")",0.6898550724637682
"=HYPERLINK(""https://stackoverflow.com/a/48840299"", ""48840299"")",0.6151012891344383
"=HYPERLINK(""https://stackoverflow.com/a/48842386"", ""48842386"")",0.40784313725490196
"=HYPERLINK(""https://stackoverflow.com/a/48935762"", ""48935762"")",0.7757575757575759
"=HYPERLINK(""https://stackoverflow.com/a/48953723"", ""48953723"")",0.6336633663366336
"=HYPERLINK(""https://stackoverflow.com/a/49043343"", ""49043343"")",0.7523809523809524
"=HYPERLINK(""https://stackoverflow.com/a/49063721"", ""49063721"")",0.5426356589147286
"=HYPERLINK(""https://stackoverflow.com/a/49242341"", ""49242341"")",0.8191489361702128
"=HYPERLINK(""https://stackoverflow.com/a/49292423"", ""49292423"")",0.5975609756097562
"=HYPERLINK(""https://stackoverflow.com/a/49306207"", ""49306207"")",0.6666666666666665
"=HYPERLINK(""https://stackoverflow.com/a/49571793"", ""49571793"")",0.5085910652920963
"=HYPERLINK(""https://stackoverflow.com/a/49658740"", ""49658740"")",0.8183908045977012
"=HYPERLINK(""https://stackoverflow.com/a/49687725"", ""49687725"")",0.5714285714285714
"=HYPERLINK(""https://stackoverflow.com/a/49981706"", ""49981706"")",0.7440476190476191
"=HYPERLINK(""https://stackoverflow.com/a/50050029"", ""50050029"")",0.3130434782608696
"=HYPERLINK(""https://stackoverflow.com/a/50415409"", ""50415409"")",0.47047619047619055
"=HYPERLINK(""https://stackoverflow.com/a/50442999"", ""50442999"")",0.35833333333333345
"=HYPERLINK(""https://stackoverflow.com/a/50799307"", ""50799307"")",0.4333333333333334
"=HYPERLINK(""https://stackoverflow.com/a/50909322"", ""50909322"")",0.6337285902503295
"=HYPERLINK(""https://stackoverflow.com/a/51027385"", ""51027385"")",0.5833333333333333
"=HYPERLINK(""https://stackoverflow.com/a/51027667"", ""51027667"")",0.7677902621722846
"=HYPERLINK(""https://stackoverflow.com/a/51076650"", ""51076650"")",0.301418439716312
"=HYPERLINK(""https://stackoverflow.com/a/51088839"", ""51088839"")",0.49019607843137264
"=HYPERLINK(""https://stackoverflow.com/a/51111523"", ""51111523"")",0.736842105263158
"=HYPERLINK(""https://stackoverflow.com/a/51188947"", ""51188947"")",0.6666666666666667
"=HYPERLINK(""https://stackoverflow.com/a/51356902"", ""51356902"")",0.6446540880503144
"=HYPERLINK(""https://stackoverflow.com/a/51523608"", ""51523608"")",0.4714285714285714
"=HYPERLINK(""https://stackoverflow.com/a/51569641"", ""51569641"")",0.43636363636363634
"=HYPERLINK(""https://stackoverflow.com/a/51726109"", ""51726109"")",0.8564102564102564
"=HYPERLINK(""https://stackoverflow.com/a/51745715"", ""51745715"")",0.3359580052493438
"=HYPERLINK(""https://stackoverflow.com/a/51988550"", ""51988550"")",0.6402877697841727
"=HYPERLINK(""https://stackoverflow.com/a/52078327"", ""52078327"")",0.7104959630911188
"=HYPERLINK(""https://stackoverflow.com/a/52231325"", ""52231325"")",0.7184801381692573
"=HYPERLINK(""https://stackoverflow.com/a/52266894"", ""52266894"")",0.2330097087378641
"=HYPERLINK(""https://stackoverflow.com/a/52310609"", ""52310609"")",0.7149122807017544
"=HYPERLINK(""https://stackoverflow.com/a/52382986"", ""52382986"")",0.6484220907297831
"=HYPERLINK(""https://stackoverflow.com/a/52474879"", ""52474879"")",0.5639639639639639
"=HYPERLINK(""https://stackoverflow.com/a/52550386"", ""52550386"")",0.6839080459770115
"=HYPERLINK(""https://stackoverflow.com/a/52893065"", ""52893065"")",0.4083333333333333
"=HYPERLINK(""https://stackoverflow.com/a/53000919"", ""53000919"")",0.7422680412371134
"=HYPERLINK(""https://stackoverflow.com/a/53004030"", ""53004030"")",0.6747967479674797
"=HYPERLINK(""https://stackoverflow.com/a/53069357"", ""53069357"")",0.6258234519104084
"=HYPERLINK(""https://stackoverflow.com/a/53219579"", ""53219579"")",0.5474613686534218
"=HYPERLINK(""https://stackoverflow.com/a/53313071"", ""53313071"")",0.6755952380952381
"=HYPERLINK(""https://stackoverflow.com/a/53468022"", ""53468022"")",0.7985739750445633
"=HYPERLINK(""https://stackoverflow.com/a/53572401"", ""53572401"")",0.5585585585585585
"=HYPERLINK(""https://stackoverflow.com/a/53689286"", ""53689286"")",0.744209466263847
"=HYPERLINK(""https://stackoverflow.com/a/53755169"", ""53755169"")",0.6706114398422091
"=HYPERLINK(""https://stackoverflow.com/a/53908084"", ""53908084"")",0.5037593984962406
"=HYPERLINK(""https://stackoverflow.com/a/54086782"", ""54086782"")",0.5388127853881279
"=HYPERLINK(""https://stackoverflow.com/a/54227709"", ""54227709"")",0.463768115942029
"=HYPERLINK(""https://stackoverflow.com/a/54242871"", ""54242871"")",0.4202898550724638
"=HYPERLINK(""https://stackoverflow.com/a/54341998"", ""54341998"")",0.9044289044289043
"=HYPERLINK(""https://stackoverflow.com/a/54481431"", ""54481431"")",0.5274725274725275
"=HYPERLINK(""https://stackoverflow.com/a/54674169"", ""54674169"")",0.5170068027210885
"=HYPERLINK(""https://stackoverflow.com/a/54846166"", ""54846166"")",0.23655913978494617
"=HYPERLINK(""https://stackoverflow.com/a/54880798"", ""54880798"")",0.43362831858407086
"=HYPERLINK(""https://stackoverflow.com/a/55057084"", ""55057084"")",0.5064102564102565
"=HYPERLINK(""https://stackoverflow.com/a/55099862"", ""55099862"")",0.5588235294117648
"=HYPERLINK(""https://stackoverflow.com/a/55234620"", ""55234620"")",0.5221579961464354
"=HYPERLINK(""https://stackoverflow.com/a/55365545"", ""55365545"")",0.375886524822695
"=HYPERLINK(""https://stackoverflow.com/a/55450660"", ""55450660"")",0.44217687074829937
"=HYPERLINK(""https://stackoverflow.com/a/55552629"", ""55552629"")",0.6081081081081081
"=HYPERLINK(""https://stackoverflow.com/a/55589459"", ""55589459"")",0.4589041095890411
"=HYPERLINK(""https://stackoverflow.com/a/55607070"", ""55607070"")",0.5779816513761469
"=HYPERLINK(""https://stackoverflow.com/a/55808949"", ""55808949"")",0.5632183908045977
"=HYPERLINK(""https://stackoverflow.com/a/56087720"", ""56087720"")",0.6895777178796046
"=HYPERLINK(""https://stackoverflow.com/a/56106258"", ""56106258"")",0.5333333333333333
"=HYPERLINK(""https://stackoverflow.com/a/56121837"", ""56121837"")",0.8025276461295419
"=HYPERLINK(""https://stackoverflow.com/a/56195997"", ""56195997"")",0.6190476190476191
"=HYPERLINK(""https://stackoverflow.com/a/56571758"", ""56571758"")",0.37500000000000006
"=HYPERLINK(""https://stackoverflow.com/a/56672619"", ""56672619"")",0.56640625
"=HYPERLINK(""https://stackoverflow.com/a/57071010"", ""57071010"")",0.6246719160104988
"=HYPERLINK(""https://stackoverflow.com/a/57087452"", ""57087452"")",0.453551912568306
"=HYPERLINK(""https://stackoverflow.com/a/57097691"", ""57097691"")",0.20930232558139533
"=HYPERLINK(""https://stackoverflow.com/a/57202698"", ""57202698"")",0.37333333333333324
"=HYPERLINK(""https://stackoverflow.com/a/57215823"", ""57215823"")",0.3793738489871087
"=HYPERLINK(""https://stackoverflow.com/a/57242072"", ""57242072"")",0.3606557377049181
"=HYPERLINK(""https://stackoverflow.com/a/57257566"", ""57257566"")",0.37612612612612617
"=HYPERLINK(""https://stackoverflow.com/a/58015557"", ""58015557"")",0.2342342342342342
"=HYPERLINK(""https://stackoverflow.com/a/58059917"", ""58059917"")",0.4982817869415808
"=HYPERLINK(""https://stackoverflow.com/a/58073033"", ""58073033"")",0.39639639639639634
"=HYPERLINK(""https://stackoverflow.com/a/58211739"", ""58211739"")",0.5833333333333334
"=HYPERLINK(""https://stackoverflow.com/a/58299670"", ""58299670"")",0.22499999999999998
"=HYPERLINK(""https://stackoverflow.com/a/58459930"", ""58459930"")",0.43089430894308944
"=HYPERLINK(""https://stackoverflow.com/a/58549750"", ""58549750"")",0.5466666666666667
"=HYPERLINK(""https://stackoverflow.com/a/58838806"", ""58838806"")",0.3759398496240602
"=HYPERLINK(""https://stackoverflow.com/a/58927653"", ""58927653"")",0.2272727272727272
"=HYPERLINK(""https://stackoverflow.com/a/59755789"", ""59755789"")",0.3430656934306569
"=HYPERLINK(""https://stackoverflow.com/a/59840657"", ""59840657"")",0.8164014687882496
"=HYPERLINK(""https://stackoverflow.com/a/60224063"", ""60224063"")",0.6076190476190476
"=HYPERLINK(""https://stackoverflow.com/a/60586822"", ""60586822"")",0.4242424242424242
"=HYPERLINK(""https://stackoverflow.com/a/60824516"", ""60824516"")",0.24999999999999994
"=HYPERLINK(""https://stackoverflow.com/a/61015837"", ""61015837"")",0.40196078431372556
"=HYPERLINK(""https://stackoverflow.com/a/61839058"", ""61839058"")",0.6209677419354839
"=HYPERLINK(""https://stackoverflow.com/a/61884668"", ""61884668"")",0.45714285714285724
"=HYPERLINK(""https://stackoverflow.com/a/62037474"", ""62037474"")",0.2857142857142857
"=HYPERLINK(""https://stackoverflow.com/a/62057638"", ""62057638"")",0.7130801687763714
"=HYPERLINK(""https://stackoverflow.com/a/62069352"", ""62069352"")",0.5371120107962212
"=HYPERLINK(""https://stackoverflow.com/a/62072466"", ""62072466"")",0.3125
"=HYPERLINK(""https://stackoverflow.com/a/62079381"", ""62079381"")",0.6949806949806949
"=HYPERLINK(""https://stackoverflow.com/a/62146419"", ""62146419"")",0.5434995112414467
"=HYPERLINK(""https://stackoverflow.com/a/62200839"", ""62200839"")",0.6205673758865249
"=HYPERLINK(""https://stackoverflow.com/a/62270502"", ""62270502"")",0.4186046511627907
"=HYPERLINK(""https://stackoverflow.com/a/62600366"", ""62600366"")",0.680952380952381
"=HYPERLINK(""https://stackoverflow.com/a/62673081"", ""62673081"")",0.6221122112211221
"=HYPERLINK(""https://stackoverflow.com/a/62762944"", ""62762944"")",0.505307855626327
"=HYPERLINK(""https://stackoverflow.com/a/62802807"", ""62802807"")",0.5269607843137255
"=HYPERLINK(""https://stackoverflow.com/a/62802882"", ""62802882"")",0.5364238410596026
"=HYPERLINK(""https://stackoverflow.com/a/62834038"", ""62834038"")",0.6288659793814433
"=HYPERLINK(""https://stackoverflow.com/a/62843549"", ""62843549"")",0.45669291338582674
"=HYPERLINK(""https://stackoverflow.com/a/62851906"", ""62851906"")",0.33974358974358976
"=HYPERLINK(""https://stackoverflow.com/a/62900554"", ""62900554"")",0.4192439862542956
"=HYPERLINK(""https://stackoverflow.com/a/62955148"", ""62955148"")",0.6822916666666666
"=HYPERLINK(""https://stackoverflow.com/a/63261934"", ""63261934"")",0.3416666666666667
"=HYPERLINK(""https://stackoverflow.com/a/63545324"", ""63545324"")",0.8369565217391305
"=HYPERLINK(""https://stackoverflow.com/a/63560663"", ""63560663"")",0.373134328358209
"=HYPERLINK(""https://stackoverflow.com/a/63636168"", ""63636168"")",0.4054054054054054
"=HYPERLINK(""https://stackoverflow.com/a/63676523"", ""63676523"")",0.5225225225225225
"=HYPERLINK(""https://stackoverflow.com/a/63935110"", ""63935110"")",0.7999999999999999
"=HYPERLINK(""https://stackoverflow.com/a/64009914"", ""64009914"")",0.78515625
"=HYPERLINK(""https://stackoverflow.com/a/64303167"", ""64303167"")",0.5251937984496123
"=HYPERLINK(""https://stackoverflow.com/a/64771175"", ""64771175"")",0.6256410256410257
"=HYPERLINK(""https://stackoverflow.com/a/64823461"", ""64823461"")",0.1794871794871795
"=HYPERLINK(""https://stackoverflow.com/a/64923326"", ""64923326"")",0.815354713313897
"=HYPERLINK(""https://stackoverflow.com/a/65871765"", ""65871765"")",0.4170854271356784
"=HYPERLINK(""https://stackoverflow.com/a/67050334"", ""67050334"")",0.3
"=HYPERLINK(""https://stackoverflow.com/a/67123409"", ""67123409"")",0.4220430107526882
"=HYPERLINK(""https://stackoverflow.com/a/67267332"", ""67267332"")",0.3789954337899543
"=HYPERLINK(""https://stackoverflow.com/a/68199890"", ""68199890"")",0.34972677595628415
"=HYPERLINK(""https://stackoverflow.com/a/68415208"", ""68415208"")",0.41369047619047633
"=HYPERLINK(""https://stackoverflow.com/a/68573301"", ""68573301"")",0.34415584415584427
"=HYPERLINK(""https://stackoverflow.com/a/68732948"", ""68732948"")",0.29710144927536236
"=HYPERLINK(""https://stackoverflow.com/a/69101537"", ""69101537"")",0.6348039215686275
"=HYPERLINK(""https://stackoverflow.com/a/69335771"", ""69335771"")",0.5641025641025641
"=HYPERLINK(""https://stackoverflow.com/a/69480099"", ""69480099"")",0.4626865671641791
"=HYPERLINK(""https://stackoverflow.com/a/69544505"", ""69544505"")",0.35738831615120276
"=HYPERLINK(""https://stackoverflow.com/a/69633494"", ""69633494"")",0.27906976744186046
"=HYPERLINK(""https://stackoverflow.com/a/71103618"", ""71103618"")",0.39047619047619053
"=HYPERLINK(""https://stackoverflow.com/a/71165689"", ""71165689"")",0.37254901960784315
"=HYPERLINK(""https://stackoverflow.com/a/71228831"", ""71228831"")",0.35151515151515156
"=HYPERLINK(""https://stackoverflow.com/a/71263735"", ""71263735"")",0.49253731343283585
"=HYPERLINK(""https://stackoverflow.com/a/71321867"", ""71321867"")",0.7449799196787149
"=HYPERLINK(""https://stackoverflow.com/a/71387046"", ""71387046"")",0.1904761904761904
"=HYPERLINK(""https://stackoverflow.com/a/71469805"", ""71469805"")",0.3048780487804878
"=HYPERLINK(""https://stackoverflow.com/a/71781199"", ""71781199"")",0.6045977011494253
"=HYPERLINK(""https://stackoverflow.com/a/71950554"", ""71950554"")",0.5114942528735632
