link,Correlation
"=HYPERLINK(""https://stackoverflow.com/q/23647102"", ""23647102"")",0.3293768545994065
"=HYPERLINK(""https://stackoverflow.com/q/28741176"", ""28741176"")",0.40061162079510715
"=HYPERLINK(""https://stackoverflow.com/q/35440808"", ""35440808"")",0.33754385964912276
"=HYPERLINK(""https://stackoverflow.com/q/39604226"", ""39604226"")",0.39622641509433965
"=HYPERLINK(""https://stackoverflow.com/q/40776608"", ""40776608"")",0.30923694779116473
"=HYPERLINK(""https://stackoverflow.com/q/41541811"", ""41541811"")",0.37797619047619063
"=HYPERLINK(""https://stackoverflow.com/q/42712875"", ""42712875"")",0.39937106918239
"=HYPERLINK(""https://stackoverflow.com/q/43083985"", ""43083985"")",0.36403508771929827
"=HYPERLINK(""https://stackoverflow.com/q/43518885"", ""43518885"")",0.6996336996336997
"=HYPERLINK(""https://stackoverflow.com/q/43549478"", ""43549478"")",0.4487895716945996
"=HYPERLINK(""https://stackoverflow.com/q/43645074"", ""43645074"")",0.4426229508196722
"=HYPERLINK(""https://stackoverflow.com/q/43696952"", ""43696952"")",0.7643312101910827
"=HYPERLINK(""https://stackoverflow.com/q/43760358"", ""43760358"")",0.3721973094170403
"=HYPERLINK(""https://stackoverflow.com/q/43812445"", ""43812445"")",0.6973684210526316
"=HYPERLINK(""https://stackoverflow.com/q/43842310"", ""43842310"")",0.7527593818984547
"=HYPERLINK(""https://stackoverflow.com/q/43895090"", ""43895090"")",0.4206773618538325
"=HYPERLINK(""https://stackoverflow.com/q/43913959"", ""43913959"")",0.5115864527629234
"=HYPERLINK(""https://stackoverflow.com/q/43937902"", ""43937902"")",0.689922480620155
"=HYPERLINK(""https://stackoverflow.com/q/43993860"", ""43993860"")",0.3474576271186441
"=HYPERLINK(""https://stackoverflow.com/q/43996086"", ""43996086"")",0.6714801444043321
"=HYPERLINK(""https://stackoverflow.com/q/44026192"", ""44026192"")",0.4468085106382979
"=HYPERLINK(""https://stackoverflow.com/q/44056755"", ""44056755"")",0.6557863501483678
"=HYPERLINK(""https://stackoverflow.com/q/44058709"", ""44058709"")",0.6008492569002123
"=HYPERLINK(""https://stackoverflow.com/q/44179446"", ""44179446"")",0.678921568627451
"=HYPERLINK(""https://stackoverflow.com/q/44185584"", ""44185584"")",0.35087719298245623
"=HYPERLINK(""https://stackoverflow.com/q/44244399"", ""44244399"")",0.3636363636363636
"=HYPERLINK(""https://stackoverflow.com/q/44296111"", ""44296111"")",0.5730337078651686
"=HYPERLINK(""https://stackoverflow.com/q/44316581"", ""44316581"")",0.6285714285714287
"=HYPERLINK(""https://stackoverflow.com/q/44316776"", ""44316776"")",0.6762589928057554
"=HYPERLINK(""https://stackoverflow.com/q/44319385"", ""44319385"")",0.728735632183908
"=HYPERLINK(""https://stackoverflow.com/q/44333455"", ""44333455"")",0.7964601769911503
"=HYPERLINK(""https://stackoverflow.com/q/44342484"", ""44342484"")",0.7545787545787547
"=HYPERLINK(""https://stackoverflow.com/q/44346208"", ""44346208"")",0.6819571865443427
"=HYPERLINK(""https://stackoverflow.com/q/44368864"", ""44368864"")",0.32918395573997233
"=HYPERLINK(""https://stackoverflow.com/q/44376887"", ""44376887"")",0.6850393700787402
"=HYPERLINK(""https://stackoverflow.com/q/44378676"", ""44378676"")",0.35238095238095246
"=HYPERLINK(""https://stackoverflow.com/q/44395193"", ""44395193"")",0.7772108843537414
"=HYPERLINK(""https://stackoverflow.com/q/44412329"", ""44412329"")",0.5850340136054422
"=HYPERLINK(""https://stackoverflow.com/q/44413621"", ""44413621"")",0.6103151862464182
"=HYPERLINK(""https://stackoverflow.com/q/44419253"", ""44419253"")",0.7593984962406015
"=HYPERLINK(""https://stackoverflow.com/q/44424680"", ""44424680"")",0.6466666666666667
"=HYPERLINK(""https://stackoverflow.com/q/44441662"", ""44441662"")",0.6504065040650406
"=HYPERLINK(""https://stackoverflow.com/q/44448538"", ""44448538"")",0.6348484848484848
"=HYPERLINK(""https://stackoverflow.com/q/44453803"", ""44453803"")",0.8257575757575757
"=HYPERLINK(""https://stackoverflow.com/q/44467462"", ""44467462"")",0.46113989637305697
"=HYPERLINK(""https://stackoverflow.com/q/44513508"", ""44513508"")",0.5652173913043478
"=HYPERLINK(""https://stackoverflow.com/q/44529867"", ""44529867"")",0.511326860841424
"=HYPERLINK(""https://stackoverflow.com/q/44532168"", ""44532168"")",0.4430894308943089
"=HYPERLINK(""https://stackoverflow.com/q/44561238"", ""44561238"")",0.7299578059071731
"=HYPERLINK(""https://stackoverflow.com/q/44583189"", ""44583189"")",0.6496598639455782
"=HYPERLINK(""https://stackoverflow.com/q/44598249"", ""44598249"")",0.4308943089430895
"=HYPERLINK(""https://stackoverflow.com/q/44624073"", ""44624073"")",0.7538461538461539
"=HYPERLINK(""https://stackoverflow.com/q/44663840"", ""44663840"")",0.7558139534883721
"=HYPERLINK(""https://stackoverflow.com/q/44676855"", ""44676855"")",0.41176470588235287
"=HYPERLINK(""https://stackoverflow.com/q/44693716"", ""44693716"")",0.6434782608695653
"=HYPERLINK(""https://stackoverflow.com/q/44696761"", ""44696761"")",0.7050359712230216
"=HYPERLINK(""https://stackoverflow.com/q/44700448"", ""44700448"")",0.7978142076502732
"=HYPERLINK(""https://stackoverflow.com/q/44793687"", ""44793687"")",0.54337899543379
"=HYPERLINK(""https://stackoverflow.com/q/44820922"", ""44820922"")",0.3264525993883792
"=HYPERLINK(""https://stackoverflow.com/q/44870413"", ""44870413"")",0.8729281767955801
"=HYPERLINK(""https://stackoverflow.com/q/44939104"", ""44939104"")",0.47149122807017535
"=HYPERLINK(""https://stackoverflow.com/q/45021124"", ""45021124"")",0.7251082251082251
"=HYPERLINK(""https://stackoverflow.com/q/45026213"", ""45026213"")",0.5673758865248227
"=HYPERLINK(""https://stackoverflow.com/q/45039251"", ""45039251"")",0.5402298850574712
"=HYPERLINK(""https://stackoverflow.com/q/45109648"", ""45109648"")",0.5091575091575092
"=HYPERLINK(""https://stackoverflow.com/q/45124174"", ""45124174"")",0.8315018315018314
"=HYPERLINK(""https://stackoverflow.com/q/45125460"", ""45125460"")",0.770961145194274
"=HYPERLINK(""https://stackoverflow.com/q/45125625"", ""45125625"")",0.36170212765957444
"=HYPERLINK(""https://stackoverflow.com/q/45159064"", ""45159064"")",0.7836644591611479
"=HYPERLINK(""https://stackoverflow.com/q/45224294"", ""45224294"")",0.6041666666666667
"=HYPERLINK(""https://stackoverflow.com/q/45251920"", ""45251920"")",0.828125
"=HYPERLINK(""https://stackoverflow.com/q/45313101"", ""45313101"")",0.47771836007130125
"=HYPERLINK(""https://stackoverflow.com/q/45384235"", ""45384235"")",0.7992753623188406
"=HYPERLINK(""https://stackoverflow.com/q/45395297"", ""45395297"")",0.6780561883067578
"=HYPERLINK(""https://stackoverflow.com/q/45490541"", ""45490541"")",0.6502347417840375
"=HYPERLINK(""https://stackoverflow.com/q/45529727"", ""45529727"")",0.5275080906148867
"=HYPERLINK(""https://stackoverflow.com/q/45577578"", ""45577578"")",0.5880503144654088
"=HYPERLINK(""https://stackoverflow.com/q/45596060"", ""45596060"")",0.5559796437659033
"=HYPERLINK(""https://stackoverflow.com/q/45615362"", ""45615362"")",0.7671232876712328
"=HYPERLINK(""https://stackoverflow.com/q/45634782"", ""45634782"")",0.5479166666666667
"=HYPERLINK(""https://stackoverflow.com/q/45718769"", ""45718769"")",0.7568493150684932
"=HYPERLINK(""https://stackoverflow.com/q/45769953"", ""45769953"")",0.6787878787878788
"=HYPERLINK(""https://stackoverflow.com/q/45812114"", ""45812114"")",0.5932721712538226
"=HYPERLINK(""https://stackoverflow.com/q/45833452"", ""45833452"")",0.5319148936170214
"=HYPERLINK(""https://stackoverflow.com/q/45849800"", ""45849800"")",0.43223443223443236
"=HYPERLINK(""https://stackoverflow.com/q/45859299"", ""45859299"")",0.8348623853211009
"=HYPERLINK(""https://stackoverflow.com/q/45860937"", ""45860937"")",0.7133333333333334
"=HYPERLINK(""https://stackoverflow.com/q/45969994"", ""45969994"")",0.2887788778877888
"=HYPERLINK(""https://stackoverflow.com/q/45979208"", ""45979208"")",0.5116772823779193
"=HYPERLINK(""https://stackoverflow.com/q/45985450"", ""45985450"")",0.680952380952381
"=HYPERLINK(""https://stackoverflow.com/q/45990392"", ""45990392"")",0.6196078431372549
"=HYPERLINK(""https://stackoverflow.com/q/46027146"", ""46027146"")",0.6687116564417178
"=HYPERLINK(""https://stackoverflow.com/q/46050514"", ""46050514"")",0.793939393939394
"=HYPERLINK(""https://stackoverflow.com/q/46052848"", ""46052848"")",0.6615384615384615
"=HYPERLINK(""https://stackoverflow.com/q/46057944"", ""46057944"")",0.4398907103825136
"=HYPERLINK(""https://stackoverflow.com/q/46092236"", ""46092236"")",0.609271523178808
"=HYPERLINK(""https://stackoverflow.com/q/46135194"", ""46135194"")",0.5485232067510548
"=HYPERLINK(""https://stackoverflow.com/q/46205253"", ""46205253"")",0.8428701180744778
"=HYPERLINK(""https://stackoverflow.com/q/46225985"", ""46225985"")",0.46212121212121215
"=HYPERLINK(""https://stackoverflow.com/q/46239020"", ""46239020"")",0.5245098039215687
"=HYPERLINK(""https://stackoverflow.com/q/46240205"", ""46240205"")",0.6148459383753503
"=HYPERLINK(""https://stackoverflow.com/q/46300399"", ""46300399"")",0.6454545454545455
"=HYPERLINK(""https://stackoverflow.com/q/46308549"", ""46308549"")",0.5942028985507246
"=HYPERLINK(""https://stackoverflow.com/q/46333680"", ""46333680"")",0.21264367816091953
"=HYPERLINK(""https://stackoverflow.com/q/46340963"", ""46340963"")",0.8431372549019608
"=HYPERLINK(""https://stackoverflow.com/q/46443433"", ""46443433"")",0.7092198581560284
"=HYPERLINK(""https://stackoverflow.com/q/46698710"", ""46698710"")",0.6785714285714285
"=HYPERLINK(""https://stackoverflow.com/q/46779707"", ""46779707"")",0.5042016806722689
"=HYPERLINK(""https://stackoverflow.com/q/46886079"", ""46886079"")",0.5036496350364964
"=HYPERLINK(""https://stackoverflow.com/q/46946354"", ""46946354"")",0.7736777367773678
"=HYPERLINK(""https://stackoverflow.com/q/46953978"", ""46953978"")",0.8021806853582554
"=HYPERLINK(""https://stackoverflow.com/q/47008326"", ""47008326"")",0.8755020080321285
"=HYPERLINK(""https://stackoverflow.com/q/47120271"", ""47120271"")",0.5750394944707741
"=HYPERLINK(""https://stackoverflow.com/q/47120360"", ""47120360"")",0.7200000000000001
"=HYPERLINK(""https://stackoverflow.com/q/47132680"", ""47132680"")",0.7517241379310345
"=HYPERLINK(""https://stackoverflow.com/q/47202063"", ""47202063"")",0.4935897435897437
"=HYPERLINK(""https://stackoverflow.com/q/47319272"", ""47319272"")",0.3561643835616438
"=HYPERLINK(""https://stackoverflow.com/q/47328937"", ""47328937"")",0.546448087431694
"=HYPERLINK(""https://stackoverflow.com/q/47334167"", ""47334167"")",0.5134408602150538
"=HYPERLINK(""https://stackoverflow.com/q/47347773"", ""47347773"")",0.6271929824561404
"=HYPERLINK(""https://stackoverflow.com/q/47405530"", ""47405530"")",0.7471264367816092
"=HYPERLINK(""https://stackoverflow.com/q/47410732"", ""47410732"")",0.4205128205128206
"=HYPERLINK(""https://stackoverflow.com/q/47429808"", ""47429808"")",0.46578366445916125
"=HYPERLINK(""https://stackoverflow.com/q/47436085"", ""47436085"")",0.4102564102564103
"=HYPERLINK(""https://stackoverflow.com/q/47436959"", ""47436959"")",0.7031963470319634
"=HYPERLINK(""https://stackoverflow.com/q/47438337"", ""47438337"")",0.6766169154228856
"=HYPERLINK(""https://stackoverflow.com/q/47490337"", ""47490337"")",0.5435244161358811
"=HYPERLINK(""https://stackoverflow.com/q/47505488"", ""47505488"")",0.6562500000000001
"=HYPERLINK(""https://stackoverflow.com/q/47540062"", ""47540062"")",0.8172043010752688
"=HYPERLINK(""https://stackoverflow.com/q/47587832"", ""47587832"")",0.8996763754045306
"=HYPERLINK(""https://stackoverflow.com/q/47589220"", ""47589220"")",0.4579710144927536
"=HYPERLINK(""https://stackoverflow.com/q/47632277"", ""47632277"")",0.5954692556634306
"=HYPERLINK(""https://stackoverflow.com/q/47639131"", ""47639131"")",0.7239583333333334
"=HYPERLINK(""https://stackoverflow.com/q/47706177"", ""47706177"")",0.7878787878787878
"=HYPERLINK(""https://stackoverflow.com/q/47717936"", ""47717936"")",0.5439121756487026
"=HYPERLINK(""https://stackoverflow.com/q/47767249"", ""47767249"")",0.8160919540229885
"=HYPERLINK(""https://stackoverflow.com/q/47785137"", ""47785137"")",0.4591836734693877
"=HYPERLINK(""https://stackoverflow.com/q/47804682"", ""47804682"")",0.4916067146282974
"=HYPERLINK(""https://stackoverflow.com/q/47811275"", ""47811275"")",0.6741854636591478
"=HYPERLINK(""https://stackoverflow.com/q/47830561"", ""47830561"")",0.5787545787545788
"=HYPERLINK(""https://stackoverflow.com/q/47836064"", ""47836064"")",0.7230392156862745
"=HYPERLINK(""https://stackoverflow.com/q/47883339"", ""47883339"")",0.631578947368421
"=HYPERLINK(""https://stackoverflow.com/q/47884467"", ""47884467"")",0.7682119205298014
"=HYPERLINK(""https://stackoverflow.com/q/47916459"", ""47916459"")",0.6343537414965985
"=HYPERLINK(""https://stackoverflow.com/q/47938140"", ""47938140"")",0.7166666666666666
"=HYPERLINK(""https://stackoverflow.com/q/47942653"", ""47942653"")",0.5780590717299577
"=HYPERLINK(""https://stackoverflow.com/q/47945149"", ""47945149"")",0.4968553459119497
"=HYPERLINK(""https://stackoverflow.com/q/47970307"", ""47970307"")",0.9139784946236559
"=HYPERLINK(""https://stackoverflow.com/q/47980072"", ""47980072"")",0.3758865248226951
"=HYPERLINK(""https://stackoverflow.com/q/47988176"", ""47988176"")",0.5853658536585367
"=HYPERLINK(""https://stackoverflow.com/q/48004640"", ""48004640"")",0.815426997245179
"=HYPERLINK(""https://stackoverflow.com/q/48016919"", ""48016919"")",0.6317829457364341
"=HYPERLINK(""https://stackoverflow.com/q/48021431"", ""48021431"")",0.33748271092669435
"=HYPERLINK(""https://stackoverflow.com/q/48054501"", ""48054501"")",0.5433526011560694
"=HYPERLINK(""https://stackoverflow.com/q/48057762"", ""48057762"")",0.4940476190476192
"=HYPERLINK(""https://stackoverflow.com/q/48074878"", ""48074878"")",0.627906976744186
"=HYPERLINK(""https://stackoverflow.com/q/48075431"", ""48075431"")",0.7023809523809524
"=HYPERLINK(""https://stackoverflow.com/q/48080888"", ""48080888"")",0.7182130584192441
"=HYPERLINK(""https://stackoverflow.com/q/48087443"", ""48087443"")",0.5248447204968943
"=HYPERLINK(""https://stackoverflow.com/q/48147655"", ""48147655"")",0.6510416666666667
"=HYPERLINK(""https://stackoverflow.com/q/48162489"", ""48162489"")",0.5954022988505746
"=HYPERLINK(""https://stackoverflow.com/q/48166178"", ""48166178"")",0.38732394366197176
"=HYPERLINK(""https://stackoverflow.com/q/48171861"", ""48171861"")",0.42338072669826227
"=HYPERLINK(""https://stackoverflow.com/q/48204861"", ""48204861"")",0.3685446009389672
"=HYPERLINK(""https://stackoverflow.com/q/48206263"", ""48206263"")",0.482843137254902
"=HYPERLINK(""https://stackoverflow.com/q/48230184"", ""48230184"")",0.6413333333333334
"=HYPERLINK(""https://stackoverflow.com/q/48295375"", ""48295375"")",0.4407713498622591
"=HYPERLINK(""https://stackoverflow.com/q/48314916"", ""48314916"")",0.5230769230769231
"=HYPERLINK(""https://stackoverflow.com/q/48355839"", ""48355839"")",0.8741721854304636
"=HYPERLINK(""https://stackoverflow.com/q/48436218"", ""48436218"")",0.864367816091954
"=HYPERLINK(""https://stackoverflow.com/q/48476742"", ""48476742"")",0.8285714285714285
"=HYPERLINK(""https://stackoverflow.com/q/48542724"", ""48542724"")",0.8041237113402061
"=HYPERLINK(""https://stackoverflow.com/q/48554902"", ""48554902"")",0.815347721822542
"=HYPERLINK(""https://stackoverflow.com/q/48555866"", ""48555866"")",0.4036697247706422
"=HYPERLINK(""https://stackoverflow.com/q/48564265"", ""48564265"")",0.5098039215686275
"=HYPERLINK(""https://stackoverflow.com/q/48598867"", ""48598867"")",0.4474885844748859
"=HYPERLINK(""https://stackoverflow.com/q/48605287"", ""48605287"")",0.8520179372197308
"=HYPERLINK(""https://stackoverflow.com/q/48692578"", ""48692578"")",0.45238095238095244
"=HYPERLINK(""https://stackoverflow.com/q/48701246"", ""48701246"")",0.7486338797814207
"=HYPERLINK(""https://stackoverflow.com/q/48705215"", ""48705215"")",0.6525423728813559
"=HYPERLINK(""https://stackoverflow.com/q/48707638"", ""48707638"")",0.6541353383458647
"=HYPERLINK(""https://stackoverflow.com/q/48721072"", ""48721072"")",0.5230769230769231
"=HYPERLINK(""https://stackoverflow.com/q/48764396"", ""48764396"")",0.7176870748299321
"=HYPERLINK(""https://stackoverflow.com/q/48796973"", ""48796973"")",0.710691823899371
"=HYPERLINK(""https://stackoverflow.com/q/48810971"", ""48810971"")",0.7366666666666667
"=HYPERLINK(""https://stackoverflow.com/q/48834037"", ""48834037"")",0.6754966887417219
"=HYPERLINK(""https://stackoverflow.com/q/48839344"", ""48839344"")",0.5227817745803358
"=HYPERLINK(""https://stackoverflow.com/q/48841510"", ""48841510"")",0.44336569579288027
"=HYPERLINK(""https://stackoverflow.com/q/48849608"", ""48849608"")",0.5806451612903226
"=HYPERLINK(""https://stackoverflow.com/q/48860542"", ""48860542"")",0.6991869918699187
"=HYPERLINK(""https://stackoverflow.com/q/48863158"", ""48863158"")",0.6323024054982819
"=HYPERLINK(""https://stackoverflow.com/q/48884162"", ""48884162"")",0.8897435897435897
"=HYPERLINK(""https://stackoverflow.com/q/48889595"", ""48889595"")",0.8380281690140845
"=HYPERLINK(""https://stackoverflow.com/q/48898898"", ""48898898"")",0.6941176470588236
"=HYPERLINK(""https://stackoverflow.com/q/48923225"", ""48923225"")",0.6405797101449275
"=HYPERLINK(""https://stackoverflow.com/q/48967022"", ""48967022"")",0.6910112359550562
"=HYPERLINK(""https://stackoverflow.com/q/48994038"", ""48994038"")",0.6538461538461539
"=HYPERLINK(""https://stackoverflow.com/q/49022739"", ""49022739"")",0.518987341772152
"=HYPERLINK(""https://stackoverflow.com/q/49033714"", ""49033714"")",0.6819571865443426
"=HYPERLINK(""https://stackoverflow.com/q/49048683"", ""49048683"")",0.5987261146496815
"=HYPERLINK(""https://stackoverflow.com/q/49056053"", ""49056053"")",0.8028169014084507
"=HYPERLINK(""https://stackoverflow.com/q/49114676"", ""49114676"")",0.7372549019607844
"=HYPERLINK(""https://stackoverflow.com/q/49123347"", ""49123347"")",0.8109965635738832
"=HYPERLINK(""https://stackoverflow.com/q/49129110"", ""49129110"")",0.48623853211009177
"=HYPERLINK(""https://stackoverflow.com/q/49186739"", ""49186739"")",0.7005649717514125
"=HYPERLINK(""https://stackoverflow.com/q/49210622"", ""49210622"")",0.5187793427230047
"=HYPERLINK(""https://stackoverflow.com/q/49223465"", ""49223465"")",0.47536231884057967
"=HYPERLINK(""https://stackoverflow.com/q/49237384"", ""49237384"")",0.8066666666666668
"=HYPERLINK(""https://stackoverflow.com/q/49286364"", ""49286364"")",0.521505376344086
"=HYPERLINK(""https://stackoverflow.com/q/49290738"", ""49290738"")",0.7677902621722847
"=HYPERLINK(""https://stackoverflow.com/q/49291807"", ""49291807"")",0.6372549019607844
"=HYPERLINK(""https://stackoverflow.com/q/49292951"", ""49292951"")",0.8476190476190476
"=HYPERLINK(""https://stackoverflow.com/q/49293548"", ""49293548"")",0.4635416666666667
"=HYPERLINK(""https://stackoverflow.com/q/49394406"", ""49394406"")",0.4461152882205514
"=HYPERLINK(""https://stackoverflow.com/q/49451439"", ""49451439"")",0.475177304964539
"=HYPERLINK(""https://stackoverflow.com/q/49569833"", ""49569833"")",0.4985507246376812
"=HYPERLINK(""https://stackoverflow.com/q/49656400"", ""49656400"")",0.6553672316384181
"=HYPERLINK(""https://stackoverflow.com/q/49658085"", ""49658085"")",0.5729166666666666
"=HYPERLINK(""https://stackoverflow.com/q/49676394"", ""49676394"")",0.8942528735632184
"=HYPERLINK(""https://stackoverflow.com/q/49715763"", ""49715763"")",0.7019607843137255
"=HYPERLINK(""https://stackoverflow.com/q/49720991"", ""49720991"")",0.4692982456140351
"=HYPERLINK(""https://stackoverflow.com/q/49807460"", ""49807460"")",0.49000000000000005
"=HYPERLINK(""https://stackoverflow.com/q/49862467"", ""49862467"")",0.6872852233676976
"=HYPERLINK(""https://stackoverflow.com/q/49980575"", ""49980575"")",0.7820512820512822
"=HYPERLINK(""https://stackoverflow.com/q/50125799"", ""50125799"")",0.8677685950413223
"=HYPERLINK(""https://stackoverflow.com/q/50206925"", ""50206925"")",0.6511226252158895
"=HYPERLINK(""https://stackoverflow.com/q/50210568"", ""50210568"")",0.636085626911315
"=HYPERLINK(""https://stackoverflow.com/q/50274007"", ""50274007"")",0.51417004048583
"=HYPERLINK(""https://stackoverflow.com/q/50375312"", ""50375312"")",0.7368421052631579
"=HYPERLINK(""https://stackoverflow.com/q/50378863"", ""50378863"")",0.327217125382263
"=HYPERLINK(""https://stackoverflow.com/q/50439199"", ""50439199"")",0.772893772893773
"=HYPERLINK(""https://stackoverflow.com/q/50442558"", ""50442558"")",0.6436781609195402
"=HYPERLINK(""https://stackoverflow.com/q/50447302"", ""50447302"")",0.7017543859649124
"=HYPERLINK(""https://stackoverflow.com/q/50459975"", ""50459975"")",0.6858513189448442
"=HYPERLINK(""https://stackoverflow.com/q/50555684"", ""50555684"")",0.73582295988935
"=HYPERLINK(""https://stackoverflow.com/q/50584756"", ""50584756"")",0.5604395604395604
"=HYPERLINK(""https://stackoverflow.com/q/50627831"", ""50627831"")",0.7382413087934561
"=HYPERLINK(""https://stackoverflow.com/q/50641626"", ""50641626"")",0.4371859296482412
"=HYPERLINK(""https://stackoverflow.com/q/50646938"", ""50646938"")",0.7652859960552267
"=HYPERLINK(""https://stackoverflow.com/q/50701207"", ""50701207"")",0.8388520971302428
"=HYPERLINK(""https://stackoverflow.com/q/50711624"", ""50711624"")",0.6395833333333334
"=HYPERLINK(""https://stackoverflow.com/q/50717758"", ""50717758"")",0.8285714285714285
"=HYPERLINK(""https://stackoverflow.com/q/50724978"", ""50724978"")",0.40490797546012275
"=HYPERLINK(""https://stackoverflow.com/q/50726212"", ""50726212"")",0.690846286701209
"=HYPERLINK(""https://stackoverflow.com/q/50743516"", ""50743516"")",0.8191489361702128
"=HYPERLINK(""https://stackoverflow.com/q/50754711"", ""50754711"")",0.8085106382978723
"=HYPERLINK(""https://stackoverflow.com/q/50754778"", ""50754778"")",0.611764705882353
"=HYPERLINK(""https://stackoverflow.com/q/50769311"", ""50769311"")",0.7714285714285715
"=HYPERLINK(""https://stackoverflow.com/q/50815737"", ""50815737"")",0.6081081081081082
"=HYPERLINK(""https://stackoverflow.com/q/50830522"", ""50830522"")",0.6173913043478261
"=HYPERLINK(""https://stackoverflow.com/q/50831667"", ""50831667"")",0.5645021645021645
"=HYPERLINK(""https://stackoverflow.com/q/50907256"", ""50907256"")",0.6075268817204301
"=HYPERLINK(""https://stackoverflow.com/q/50947519"", ""50947519"")",0.23577235772357727
"=HYPERLINK(""https://stackoverflow.com/q/50976487"", ""50976487"")",0.5217391304347826
"=HYPERLINK(""https://stackoverflow.com/q/50982400"", ""50982400"")",0.5345911949685535
"=HYPERLINK(""https://stackoverflow.com/q/50989732"", ""50989732"")",0.6186440677966103
"=HYPERLINK(""https://stackoverflow.com/q/50993053"", ""50993053"")",0.8652482269503545
"=HYPERLINK(""https://stackoverflow.com/q/51046945"", ""51046945"")",0.4077669902912621
"=HYPERLINK(""https://stackoverflow.com/q/51053969"", ""51053969"")",0.7937649880095923
"=HYPERLINK(""https://stackoverflow.com/q/51063063"", ""51063063"")",0.6460481099656359
"=HYPERLINK(""https://stackoverflow.com/q/51079593"", ""51079593"")",0.8933333333333334
"=HYPERLINK(""https://stackoverflow.com/q/51079990"", ""51079990"")",0.7843137254901962
"=HYPERLINK(""https://stackoverflow.com/q/51101099"", ""51101099"")",0.5181674565560822
"=HYPERLINK(""https://stackoverflow.com/q/51118666"", ""51118666"")",0.25382262996941896
"=HYPERLINK(""https://stackoverflow.com/q/51142650"", ""51142650"")",0.6047619047619048
"=HYPERLINK(""https://stackoverflow.com/q/51186370"", ""51186370"")",0.4705882352941176
"=HYPERLINK(""https://stackoverflow.com/q/51269834"", ""51269834"")",0.5639097744360902
"=HYPERLINK(""https://stackoverflow.com/q/51273337"", ""51273337"")",0.7254901960784315
"=HYPERLINK(""https://stackoverflow.com/q/51279950"", ""51279950"")",0.837465564738292
"=HYPERLINK(""https://stackoverflow.com/q/51320076"", ""51320076"")",0.7311233885819521
"=HYPERLINK(""https://stackoverflow.com/q/51391022"", ""51391022"")",0.7524752475247525
"=HYPERLINK(""https://stackoverflow.com/q/51431593"", ""51431593"")",0.6512820512820513
"=HYPERLINK(""https://stackoverflow.com/q/51522506"", ""51522506"")",0.7500000000000001
"=HYPERLINK(""https://stackoverflow.com/q/51556113"", ""51556113"")",0.7103825136612022
"=HYPERLINK(""https://stackoverflow.com/q/51570173"", ""51570173"")",0.7083333333333334
"=HYPERLINK(""https://stackoverflow.com/q/51652378"", ""51652378"")",0.5517241379310345
"=HYPERLINK(""https://stackoverflow.com/q/51706463"", ""51706463"")",0.7563218390804598
"=HYPERLINK(""https://stackoverflow.com/q/51722555"", ""51722555"")",0.35401459854014594
"=HYPERLINK(""https://stackoverflow.com/q/51817432"", ""51817432"")",0.7475728155339806
"=HYPERLINK(""https://stackoverflow.com/q/51833962"", ""51833962"")",0.6404199475065617
"=HYPERLINK(""https://stackoverflow.com/q/51896180"", ""51896180"")",0.6282642089093703
"=HYPERLINK(""https://stackoverflow.com/q/51898951"", ""51898951"")",0.5368852459016392
"=HYPERLINK(""https://stackoverflow.com/q/51987019"", ""51987019"")",0.5595238095238095
"=HYPERLINK(""https://stackoverflow.com/q/52038041"", ""52038041"")",0.8156862745098039
"=HYPERLINK(""https://stackoverflow.com/q/52056552"", ""52056552"")",0.6761904761904762
"=HYPERLINK(""https://stackoverflow.com/q/52073753"", ""52073753"")",0.8284789644012944
"=HYPERLINK(""https://stackoverflow.com/q/52098843"", ""52098843"")",0.8016877637130801
"=HYPERLINK(""https://stackoverflow.com/q/52158771"", ""52158771"")",0.2291666666666667
"=HYPERLINK(""https://stackoverflow.com/q/52223546"", ""52223546"")",0.4216867469879517
"=HYPERLINK(""https://stackoverflow.com/q/52257751"", ""52257751"")",0.6994535519125683
"=HYPERLINK(""https://stackoverflow.com/q/52286485"", ""52286485"")",0.48473282442748095
"=HYPERLINK(""https://stackoverflow.com/q/52307691"", ""52307691"")",0.8177458033573142
"=HYPERLINK(""https://stackoverflow.com/q/52325356"", ""52325356"")",0.6580310880829014
"=HYPERLINK(""https://stackoverflow.com/q/52358345"", ""52358345"")",0.39926739926739935
"=HYPERLINK(""https://stackoverflow.com/q/52427852"", ""52427852"")",0.6357615894039735
"=HYPERLINK(""https://stackoverflow.com/q/52439304"", ""52439304"")",0.7808219178082192
"=HYPERLINK(""https://stackoverflow.com/q/52454353"", ""52454353"")",0.6155913978494624
"=HYPERLINK(""https://stackoverflow.com/q/52464381"", ""52464381"")",0.7537154989384288
"=HYPERLINK(""https://stackoverflow.com/q/52465832"", ""52465832"")",0.4769012082444918
"=HYPERLINK(""https://stackoverflow.com/q/52493642"", ""52493642"")",0.6424242424242423
"=HYPERLINK(""https://stackoverflow.com/q/52499771"", ""52499771"")",0.48974358974358984
"=HYPERLINK(""https://stackoverflow.com/q/52532965"", ""52532965"")",0.4666666666666666
"=HYPERLINK(""https://stackoverflow.com/q/52552527"", ""52552527"")",0.6173570019723865
"=HYPERLINK(""https://stackoverflow.com/q/52740107"", ""52740107"")",0.4195804195804196
"=HYPERLINK(""https://stackoverflow.com/q/52767693"", ""52767693"")",0.5713541666666666
"=HYPERLINK(""https://stackoverflow.com/q/52807931"", ""52807931"")",0.5469613259668509
"=HYPERLINK(""https://stackoverflow.com/q/52933474"", ""52933474"")",0.7463414634146341
"=HYPERLINK(""https://stackoverflow.com/q/52955617"", ""52955617"")",0.7882352941176471
"=HYPERLINK(""https://stackoverflow.com/q/53002306"", ""53002306"")",0.6181818181818182
"=HYPERLINK(""https://stackoverflow.com/q/53065446"", ""53065446"")",0.7649880095923262
"=HYPERLINK(""https://stackoverflow.com/q/53068783"", ""53068783"")",0.7594202898550724
"=HYPERLINK(""https://stackoverflow.com/q/53095964"", ""53095964"")",0.5020833333333334
"=HYPERLINK(""https://stackoverflow.com/q/53147837"", ""53147837"")",0.5047619047619047
"=HYPERLINK(""https://stackoverflow.com/q/53208517"", ""53208517"")",0.7723577235772358
"=HYPERLINK(""https://stackoverflow.com/q/53222203"", ""53222203"")",0.7579908675799087
"=HYPERLINK(""https://stackoverflow.com/q/53259585"", ""53259585"")",0.7611940298507462
"=HYPERLINK(""https://stackoverflow.com/q/53312611"", ""53312611"")",0.43333333333333335
"=HYPERLINK(""https://stackoverflow.com/q/53367605"", ""53367605"")",0.658307210031348
"=HYPERLINK(""https://stackoverflow.com/q/53424429"", ""53424429"")",0.4166666666666666
"=HYPERLINK(""https://stackoverflow.com/q/53424835"", ""53424835"")",0.8633333333333334
"=HYPERLINK(""https://stackoverflow.com/q/53460157"", ""53460157"")",0.90633608815427
"=HYPERLINK(""https://stackoverflow.com/q/53510328"", ""53510328"")",0.5750915750915752
"=HYPERLINK(""https://stackoverflow.com/q/53556376"", ""53556376"")",0.5083333333333334
"=HYPERLINK(""https://stackoverflow.com/q/53570643"", ""53570643"")",0.8936170212765957
"=HYPERLINK(""https://stackoverflow.com/q/53590543"", ""53590543"")",0.3560606060606061
"=HYPERLINK(""https://stackoverflow.com/q/53618112"", ""53618112"")",0.6468926553672317
"=HYPERLINK(""https://stackoverflow.com/q/53619106"", ""53619106"")",0.5864661654135339
"=HYPERLINK(""https://stackoverflow.com/q/53621203"", ""53621203"")",0.9082397003745318
"=HYPERLINK(""https://stackoverflow.com/q/53633654"", ""53633654"")",0.5372549019607844
"=HYPERLINK(""https://stackoverflow.com/q/53903258"", ""53903258"")",0.8154269972451792
"=HYPERLINK(""https://stackoverflow.com/q/53946681"", ""53946681"")",0.5755813953488371
"=HYPERLINK(""https://stackoverflow.com/q/53952110"", ""53952110"")",0.2627118644067797
"=HYPERLINK(""https://stackoverflow.com/q/54056430"", ""54056430"")",0.5632183908045977
"=HYPERLINK(""https://stackoverflow.com/q/54068991"", ""54068991"")",0.4285714285714286
"=HYPERLINK(""https://stackoverflow.com/q/54071739"", ""54071739"")",0.7195121951219512
"=HYPERLINK(""https://stackoverflow.com/q/54076174"", ""54076174"")",0.5380577427821523
"=HYPERLINK(""https://stackoverflow.com/q/54079835"", ""54079835"")",0.6184738955823292
"=HYPERLINK(""https://stackoverflow.com/q/54148545"", ""54148545"")",0.5247747747747749
"=HYPERLINK(""https://stackoverflow.com/q/54237048"", ""54237048"")",0.649056603773585
"=HYPERLINK(""https://stackoverflow.com/q/54320460"", ""54320460"")",0.7668161434977578
"=HYPERLINK(""https://stackoverflow.com/q/54367954"", ""54367954"")",0.5171568627450981
"=HYPERLINK(""https://stackoverflow.com/q/54423799"", ""54423799"")",0.5477707006369428
"=HYPERLINK(""https://stackoverflow.com/q/54424914"", ""54424914"")",0.4194260485651215
"=HYPERLINK(""https://stackoverflow.com/q/54432294"", ""54432294"")",0.8712121212121212
"=HYPERLINK(""https://stackoverflow.com/q/54439455"", ""54439455"")",0.445692883895131
"=HYPERLINK(""https://stackoverflow.com/q/54453682"", ""54453682"")",0.7916666666666666
"=HYPERLINK(""https://stackoverflow.com/q/54478611"", ""54478611"")",0.6918238993710691
"=HYPERLINK(""https://stackoverflow.com/q/54481389"", ""54481389"")",0.8142857142857143
"=HYPERLINK(""https://stackoverflow.com/q/54539129"", ""54539129"")",0.7585301837270341
"=HYPERLINK(""https://stackoverflow.com/q/54568772"", ""54568772"")",0.48434004474272924
"=HYPERLINK(""https://stackoverflow.com/q/54632569"", ""54632569"")",0.7134986225895317
"=HYPERLINK(""https://stackoverflow.com/q/54662681"", ""54662681"")",0.6594724220623501
"=HYPERLINK(""https://stackoverflow.com/q/54667315"", ""54667315"")",0.3826086956521739
"=HYPERLINK(""https://stackoverflow.com/q/54672158"", ""54672158"")",0.8802588996763753
"=HYPERLINK(""https://stackoverflow.com/q/54706370"", ""54706370"")",0.4378109452736319
"=HYPERLINK(""https://stackoverflow.com/q/54740969"", ""54740969"")",0.632183908045977
"=HYPERLINK(""https://stackoverflow.com/q/54822190"", ""54822190"")",0.6300366300366301
"=HYPERLINK(""https://stackoverflow.com/q/54845868"", ""54845868"")",0.49621212121212127
"=HYPERLINK(""https://stackoverflow.com/q/54862247"", ""54862247"")",0.6144200626959248
"=HYPERLINK(""https://stackoverflow.com/q/54876426"", ""54876426"")",0.6794055201698512
"=HYPERLINK(""https://stackoverflow.com/q/54879725"", ""54879725"")",0.4092827004219409
"=HYPERLINK(""https://stackoverflow.com/q/54992434"", ""54992434"")",0.2521588946459413
"=HYPERLINK(""https://stackoverflow.com/q/55030578"", ""55030578"")",0.7613636363636364
"=HYPERLINK(""https://stackoverflow.com/q/55032138"", ""55032138"")",0.775438596491228
"=HYPERLINK(""https://stackoverflow.com/q/55037901"", ""55037901"")",0.6923076923076924
"=HYPERLINK(""https://stackoverflow.com/q/55052993"", ""55052993"")",0.5354330708661418
"=HYPERLINK(""https://stackoverflow.com/q/55063932"", ""55063932"")",0.5485564304461943
"=HYPERLINK(""https://stackoverflow.com/q/55094954"", ""55094954"")",0.6310861423220973
"=HYPERLINK(""https://stackoverflow.com/q/55097967"", ""55097967"")",0.6776556776556777
"=HYPERLINK(""https://stackoverflow.com/q/55111534"", ""55111534"")",0.4322033898305085
"=HYPERLINK(""https://stackoverflow.com/q/55115472"", ""55115472"")",0.53125
"=HYPERLINK(""https://stackoverflow.com/q/55170945"", ""55170945"")",0.672463768115942
"=HYPERLINK(""https://stackoverflow.com/q/55181765"", ""55181765"")",0.6298003072196621
"=HYPERLINK(""https://stackoverflow.com/q/55213346"", ""55213346"")",0.8311688311688313
"=HYPERLINK(""https://stackoverflow.com/q/55222178"", ""55222178"")",0.7247706422018348
"=HYPERLINK(""https://stackoverflow.com/q/55246824"", ""55246824"")",0.5542168674698795
"=HYPERLINK(""https://stackoverflow.com/q/55248001"", ""55248001"")",0.7099567099567099
"=HYPERLINK(""https://stackoverflow.com/q/55284341"", ""55284341"")",0.6428571428571429
"=HYPERLINK(""https://stackoverflow.com/q/55340703"", ""55340703"")",0.46938775510204084
"=HYPERLINK(""https://stackoverflow.com/q/55356309"", ""55356309"")",0.5189393939393939
"=HYPERLINK(""https://stackoverflow.com/q/55378602"", ""55378602"")",0.5652173913043478
"=HYPERLINK(""https://stackoverflow.com/q/55442809"", ""55442809"")",0.7628865979381444
"=HYPERLINK(""https://stackoverflow.com/q/55513055"", ""55513055"")",0.30851063829787234
"=HYPERLINK(""https://stackoverflow.com/q/55523764"", ""55523764"")",0.8646616541353384
"=HYPERLINK(""https://stackoverflow.com/q/55598666"", ""55598666"")",0.6610169491525425
"=HYPERLINK(""https://stackoverflow.com/q/55706446"", ""55706446"")",0.9056224899598394
"=HYPERLINK(""https://stackoverflow.com/q/55708995"", ""55708995"")",0.8470588235294118
"=HYPERLINK(""https://stackoverflow.com/q/55726394"", ""55726394"")",0.6871165644171779
"=HYPERLINK(""https://stackoverflow.com/q/55749412"", ""55749412"")",0.5142378559463986
"=HYPERLINK(""https://stackoverflow.com/q/55805890"", ""55805890"")",0.39810426540284366
"=HYPERLINK(""https://stackoverflow.com/q/55840909"", ""55840909"")",0.7666666666666666
"=HYPERLINK(""https://stackoverflow.com/q/55878133"", ""55878133"")",0.7754010695187166
"=HYPERLINK(""https://stackoverflow.com/q/55879959"", ""55879959"")",0.5480225988700566
"=HYPERLINK(""https://stackoverflow.com/q/56008884"", ""56008884"")",0.3508771929824561
"=HYPERLINK(""https://stackoverflow.com/q/56074517"", ""56074517"")",0.6666666666666666
"=HYPERLINK(""https://stackoverflow.com/q/56085615"", ""56085615"")",0.5296184738955823
"=HYPERLINK(""https://stackoverflow.com/q/56092950"", ""56092950"")",0.6951219512195121
"=HYPERLINK(""https://stackoverflow.com/q/56116089"", ""56116089"")",0.6975945017182131
"=HYPERLINK(""https://stackoverflow.com/q/56120222"", ""56120222"")",0.8213058419243987
"=HYPERLINK(""https://stackoverflow.com/q/56138438"", ""56138438"")",0.7276995305164319
"=HYPERLINK(""https://stackoverflow.com/q/56158646"", ""56158646"")",0.5238095238095238
"=HYPERLINK(""https://stackoverflow.com/q/56167277"", ""56167277"")",0.7761194029850746
"=HYPERLINK(""https://stackoverflow.com/q/56176524"", ""56176524"")",0.5892857142857143
"=HYPERLINK(""https://stackoverflow.com/q/56231910"", ""56231910"")",0.5643044619422573
"=HYPERLINK(""https://stackoverflow.com/q/56233385"", ""56233385"")",0.5
"=HYPERLINK(""https://stackoverflow.com/q/56259721"", ""56259721"")",0.6202898550724638
"=HYPERLINK(""https://stackoverflow.com/q/56270976"", ""56270976"")",0.7661290322580645
"=HYPERLINK(""https://stackoverflow.com/q/56275866"", ""56275866"")",0.8432671081677704
"=HYPERLINK(""https://stackoverflow.com/q/56319405"", ""56319405"")",0.6556473829201102
"=HYPERLINK(""https://stackoverflow.com/q/56335516"", ""56335516"")",0.543859649122807
"=HYPERLINK(""https://stackoverflow.com/q/56374223"", ""56374223"")",0.5739514348785871
"=HYPERLINK(""https://stackoverflow.com/q/56460793"", ""56460793"")",0.8982300884955752
"=HYPERLINK(""https://stackoverflow.com/q/56483854"", ""56483854"")",0.499231950844854
"=HYPERLINK(""https://stackoverflow.com/q/56531117"", ""56531117"")",0.4460431654676259
"=HYPERLINK(""https://stackoverflow.com/q/56632077"", ""56632077"")",0.4914965986394558
"=HYPERLINK(""https://stackoverflow.com/q/56657519"", ""56657519"")",0.8002406738868832
"=HYPERLINK(""https://stackoverflow.com/q/56672015"", ""56672015"")",0.6560509554140127
"=HYPERLINK(""https://stackoverflow.com/q/56675106"", ""56675106"")",0.5345911949685535
"=HYPERLINK(""https://stackoverflow.com/q/56741459"", ""56741459"")",0.7680865449628126
"=HYPERLINK(""https://stackoverflow.com/q/56884735"", ""56884735"")",0.2924528301886793
"=HYPERLINK(""https://stackoverflow.com/q/56927378"", ""56927378"")",0.3905325443786983
"=HYPERLINK(""https://stackoverflow.com/q/56943138"", ""56943138"")",0.5367647058823529
"=HYPERLINK(""https://stackoverflow.com/q/56969575"", ""56969575"")",0.4796163069544364
"=HYPERLINK(""https://stackoverflow.com/q/57049557"", ""57049557"")",0.6870748299319729
"=HYPERLINK(""https://stackoverflow.com/q/57075441"", ""57075441"")",0.3059360730593607
"=HYPERLINK(""https://stackoverflow.com/q/57087237"", ""57087237"")",0.6666666666666666
"=HYPERLINK(""https://stackoverflow.com/q/57137630"", ""57137630"")",0.6177606177606177
"=HYPERLINK(""https://stackoverflow.com/q/57201475"", ""57201475"")",0.6315789473684211
"=HYPERLINK(""https://stackoverflow.com/q/57203177"", ""57203177"")",0.5942028985507247
"=HYPERLINK(""https://stackoverflow.com/q/57229414"", ""57229414"")",0.4862745098039216
"=HYPERLINK(""https://stackoverflow.com/q/57255784"", ""57255784"")",0.652482269503546
"=HYPERLINK(""https://stackoverflow.com/q/57257519"", ""57257519"")",0.592436974789916
"=HYPERLINK(""https://stackoverflow.com/q/57273357"", ""57273357"")",0.25913242009132426
"=HYPERLINK(""https://stackoverflow.com/q/57282096"", ""57282096"")",0.569182389937107
"=HYPERLINK(""https://stackoverflow.com/q/57296762"", ""57296762"")",0.4458077709611452
"=HYPERLINK(""https://stackoverflow.com/q/57300741"", ""57300741"")",0.6430678466076697
"=HYPERLINK(""https://stackoverflow.com/q/57362300"", ""57362300"")",0.47761194029850745
"=HYPERLINK(""https://stackoverflow.com/q/57391020"", ""57391020"")",0.5147058823529412
"=HYPERLINK(""https://stackoverflow.com/q/57552842"", ""57552842"")",0.7627811860940695
"=HYPERLINK(""https://stackoverflow.com/q/57557123"", ""57557123"")",0.7985611510791367
"=HYPERLINK(""https://stackoverflow.com/q/57592838"", ""57592838"")",0.7569974554707378
"=HYPERLINK(""https://stackoverflow.com/q/57624175"", ""57624175"")",0.5621468926553672
"=HYPERLINK(""https://stackoverflow.com/q/57716267"", ""57716267"")",0.5865139949109414
"=HYPERLINK(""https://stackoverflow.com/q/57899316"", ""57899316"")",0.5680751173708921
"=HYPERLINK(""https://stackoverflow.com/q/57922563"", ""57922563"")",0.5433333333333334
"=HYPERLINK(""https://stackoverflow.com/q/57962612"", ""57962612"")",0.6967418546365916
"=HYPERLINK(""https://stackoverflow.com/q/58037085"", ""58037085"")",0.3057199211045365
"=HYPERLINK(""https://stackoverflow.com/q/58056534"", ""58056534"")",0.6894977168949771
"=HYPERLINK(""https://stackoverflow.com/q/58059673"", ""58059673"")",0.7855072463768115
"=HYPERLINK(""https://stackoverflow.com/q/58072814"", ""58072814"")",0.6773049645390071
"=HYPERLINK(""https://stackoverflow.com/q/58074788"", ""58074788"")",0.5817610062893083
"=HYPERLINK(""https://stackoverflow.com/q/58128703"", ""58128703"")",0.8402366863905325
"=HYPERLINK(""https://stackoverflow.com/q/58211325"", ""58211325"")",0.6268115942028986
"=HYPERLINK(""https://stackoverflow.com/q/58216348"", ""58216348"")",0.6351706036745407
"=HYPERLINK(""https://stackoverflow.com/q/58417727"", ""58417727"")",0.7594501718213058
"=HYPERLINK(""https://stackoverflow.com/q/58459929"", ""58459929"")",0.5104166666666666
"=HYPERLINK(""https://stackoverflow.com/q/58515849"", ""58515849"")",0.5144927536231884
"=HYPERLINK(""https://stackoverflow.com/q/58525628"", ""58525628"")",0.37931034482758613
"=HYPERLINK(""https://stackoverflow.com/q/58592480"", ""58592480"")",0.8117647058823529
"=HYPERLINK(""https://stackoverflow.com/q/58596022"", ""58596022"")",0.6804407713498623
"=HYPERLINK(""https://stackoverflow.com/q/58762155"", ""58762155"")",0.7971631205673759
"=HYPERLINK(""https://stackoverflow.com/q/58836590"", ""58836590"")",0.8125
"=HYPERLINK(""https://stackoverflow.com/q/58852121"", ""58852121"")",0.5229885057471264
"=HYPERLINK(""https://stackoverflow.com/q/58874538"", ""58874538"")",0.7241379310344828
"=HYPERLINK(""https://stackoverflow.com/q/58919617"", ""58919617"")",0.4913419913419913
"=HYPERLINK(""https://stackoverflow.com/q/58931521"", ""58931521"")",0.8852459016393441
"=HYPERLINK(""https://stackoverflow.com/q/58933321"", ""58933321"")",0.5615212527964205
"=HYPERLINK(""https://stackoverflow.com/q/58972240"", ""58972240"")",0.30769230769230776
"=HYPERLINK(""https://stackoverflow.com/q/59191118"", ""59191118"")",0.5448179271708683
"=HYPERLINK(""https://stackoverflow.com/q/59485692"", ""59485692"")",0.4563279857397504
"=HYPERLINK(""https://stackoverflow.com/q/59573381"", ""59573381"")",0.7217391304347827
"=HYPERLINK(""https://stackoverflow.com/q/59752413"", ""59752413"")",0.4160401002506266
"=HYPERLINK(""https://stackoverflow.com/q/59834148"", ""59834148"")",0.672268907563025
"=HYPERLINK(""https://stackoverflow.com/q/59860444"", ""59860444"")",0.7362637362637362
"=HYPERLINK(""https://stackoverflow.com/q/59915891"", ""59915891"")",0.5885057471264368
"=HYPERLINK(""https://stackoverflow.com/q/59946223"", ""59946223"")",0.6019417475728156
"=HYPERLINK(""https://stackoverflow.com/q/59991388"", ""59991388"")",0.31506849315068497
"=HYPERLINK(""https://stackoverflow.com/q/60051830"", ""60051830"")",0.6994535519125683
"=HYPERLINK(""https://stackoverflow.com/q/60070449"", ""60070449"")",0.5922330097087379
"=HYPERLINK(""https://stackoverflow.com/q/60097648"", ""60097648"")",0.6666666666666666
"=HYPERLINK(""https://stackoverflow.com/q/60098315"", ""60098315"")",0.21978021978021975
"=HYPERLINK(""https://stackoverflow.com/q/60122824"", ""60122824"")",0.22857142857142856
"=HYPERLINK(""https://stackoverflow.com/q/60134173"", ""60134173"")",0.9304812834224598
"=HYPERLINK(""https://stackoverflow.com/q/60390251"", ""60390251"")",0.6436781609195403
"=HYPERLINK(""https://stackoverflow.com/q/60447051"", ""60447051"")",0.4812206572769953
"=HYPERLINK(""https://stackoverflow.com/q/60570357"", ""60570357"")",0.6798245614035088
"=HYPERLINK(""https://stackoverflow.com/q/60586420"", ""60586420"")",0.7557471264367815
"=HYPERLINK(""https://stackoverflow.com/q/60625025"", ""60625025"")",0.8066666666666668
"=HYPERLINK(""https://stackoverflow.com/q/60889213"", ""60889213"")",0.4553571428571429
"=HYPERLINK(""https://stackoverflow.com/q/61008780"", ""61008780"")",0.751054852320675
"=HYPERLINK(""https://stackoverflow.com/q/61059417"", ""61059417"")",0.7379310344827587
"=HYPERLINK(""https://stackoverflow.com/q/61072593"", ""61072593"")",0.7421383647798743
"=HYPERLINK(""https://stackoverflow.com/q/61088315"", ""61088315"")",0.5646258503401361
"=HYPERLINK(""https://stackoverflow.com/q/61242643"", ""61242643"")",0.6666666666666669
"=HYPERLINK(""https://stackoverflow.com/q/61338447"", ""61338447"")",0.6818181818181818
"=HYPERLINK(""https://stackoverflow.com/q/61350396"", ""61350396"")",0.4514285714285714
"=HYPERLINK(""https://stackoverflow.com/q/61369970"", ""61369970"")",0.6919831223628693
"=HYPERLINK(""https://stackoverflow.com/q/61394240"", ""61394240"")",0.45833333333333337
"=HYPERLINK(""https://stackoverflow.com/q/61491858"", ""61491858"")",0.611764705882353
"=HYPERLINK(""https://stackoverflow.com/q/61494003"", ""61494003"")",0.5132013201320131
"=HYPERLINK(""https://stackoverflow.com/q/61500545"", ""61500545"")",0.39999999999999997
"=HYPERLINK(""https://stackoverflow.com/q/61502828"", ""61502828"")",0.3532338308457712
"=HYPERLINK(""https://stackoverflow.com/q/61506606"", ""61506606"")",0.7106227106227107
"=HYPERLINK(""https://stackoverflow.com/q/61515517"", ""61515517"")",0.27666666666666667
"=HYPERLINK(""https://stackoverflow.com/q/61613476"", ""61613476"")",0.6372007366482505
"=HYPERLINK(""https://stackoverflow.com/q/61636318"", ""61636318"")",0.391566265060241
"=HYPERLINK(""https://stackoverflow.com/q/61761894"", ""61761894"")",0.6838095238095238
"=HYPERLINK(""https://stackoverflow.com/q/61809203"", ""61809203"")",0.8104166666666668
"=HYPERLINK(""https://stackoverflow.com/q/61841446"", ""61841446"")",0.42307692307692313
"=HYPERLINK(""https://stackoverflow.com/q/61884093"", ""61884093"")",0.6613965744400527
"=HYPERLINK(""https://stackoverflow.com/q/61896037"", ""61896037"")",0.40549828178694164
"=HYPERLINK(""https://stackoverflow.com/q/61925063"", ""61925063"")",0.8576051779935274
"=HYPERLINK(""https://stackoverflow.com/q/61977353"", ""61977353"")",0.75
"=HYPERLINK(""https://stackoverflow.com/q/62016483"", ""62016483"")",0.7696078431372549
"=HYPERLINK(""https://stackoverflow.com/q/62016794"", ""62016794"")",0.8238341968911918
"=HYPERLINK(""https://stackoverflow.com/q/62055331"", ""62055331"")",0.7450980392156863
"=HYPERLINK(""https://stackoverflow.com/q/62058978"", ""62058978"")",0.5093632958801497
"=HYPERLINK(""https://stackoverflow.com/q/62093200"", ""62093200"")",0.44366197183098594
"=HYPERLINK(""https://stackoverflow.com/q/62126989"", ""62126989"")",0.7867298578199052
"=HYPERLINK(""https://stackoverflow.com/q/62141610"", ""62141610"")",0.8219326818675353
"=HYPERLINK(""https://stackoverflow.com/q/62154696"", ""62154696"")",0.49655172413793114
"=HYPERLINK(""https://stackoverflow.com/q/62157793"", ""62157793"")",0.46808510638297884
"=HYPERLINK(""https://stackoverflow.com/q/62177067"", ""62177067"")",0.8679245283018868
"=HYPERLINK(""https://stackoverflow.com/q/62228423"", ""62228423"")",0.7375886524822695
"=HYPERLINK(""https://stackoverflow.com/q/62235888"", ""62235888"")",0.6217687074829932
"=HYPERLINK(""https://stackoverflow.com/q/62256761"", ""62256761"")",0.8361904761904762
"=HYPERLINK(""https://stackoverflow.com/q/62286456"", ""62286456"")",0.410958904109589
"=HYPERLINK(""https://stackoverflow.com/q/62288067"", ""62288067"")",0.8536585365853658
"=HYPERLINK(""https://stackoverflow.com/q/62292281"", ""62292281"")",0.5822784810126583
"=HYPERLINK(""https://stackoverflow.com/q/62382978"", ""62382978"")",0.6726190476190477
"=HYPERLINK(""https://stackoverflow.com/q/62427142"", ""62427142"")",0.6666666666666666
"=HYPERLINK(""https://stackoverflow.com/q/62461130"", ""62461130"")",0.7955974842767296
"=HYPERLINK(""https://stackoverflow.com/q/62486973"", ""62486973"")",0.4350649350649351
"=HYPERLINK(""https://stackoverflow.com/q/62544547"", ""62544547"")",0.9190283400809716
"=HYPERLINK(""https://stackoverflow.com/q/62557874"", ""62557874"")",0.8427672955974842
"=HYPERLINK(""https://stackoverflow.com/q/62566790"", ""62566790"")",0.31764705882352945
"=HYPERLINK(""https://stackoverflow.com/q/62588077"", ""62588077"")",0.6055045871559633
"=HYPERLINK(""https://stackoverflow.com/q/62647210"", ""62647210"")",0.7648809523809523
"=HYPERLINK(""https://stackoverflow.com/q/62668982"", ""62668982"")",0.7872340425531915
"=HYPERLINK(""https://stackoverflow.com/q/62700757"", ""62700757"")",0.7379310344827587
"=HYPERLINK(""https://stackoverflow.com/q/62702303"", ""62702303"")",0.6869565217391305
"=HYPERLINK(""https://stackoverflow.com/q/62714932"", ""62714932"")",0.7674418604651163
"=HYPERLINK(""https://stackoverflow.com/q/62716518"", ""62716518"")",0.8134556574923548
"=HYPERLINK(""https://stackoverflow.com/q/62724754"", ""62724754"")",0.6804915514592935
"=HYPERLINK(""https://stackoverflow.com/q/62801330"", ""62801330"")",0.728937728937729
"=HYPERLINK(""https://stackoverflow.com/q/62826999"", ""62826999"")",0.35168195718654427
"=HYPERLINK(""https://stackoverflow.com/q/62828964"", ""62828964"")",0.9107142857142857
"=HYPERLINK(""https://stackoverflow.com/q/62842928"", ""62842928"")",0.42601626016260163
"=HYPERLINK(""https://stackoverflow.com/q/62868985"", ""62868985"")",0.4458333333333334
"=HYPERLINK(""https://stackoverflow.com/q/62869283"", ""62869283"")",0.5815602836879433
"=HYPERLINK(""https://stackoverflow.com/q/62871408"", ""62871408"")",0.6235294117647059
"=HYPERLINK(""https://stackoverflow.com/q/62882303"", ""62882303"")",0.5794871794871795
"=HYPERLINK(""https://stackoverflow.com/q/62891411"", ""62891411"")",0.8333333333333333
"=HYPERLINK(""https://stackoverflow.com/q/62896237"", ""62896237"")",0.6090225563909775
"=HYPERLINK(""https://stackoverflow.com/q/62940392"", ""62940392"")",0.8042553191489362
"=HYPERLINK(""https://stackoverflow.com/q/62975180"", ""62975180"")",0.9076576576576577
"=HYPERLINK(""https://stackoverflow.com/q/62985608"", ""62985608"")",0.8930817610062892
"=HYPERLINK(""https://stackoverflow.com/q/63063842"", ""63063842"")",0.5209713024282562
"=HYPERLINK(""https://stackoverflow.com/q/63139134"", ""63139134"")",0.6323185011709602
"=HYPERLINK(""https://stackoverflow.com/q/63159148"", ""63159148"")",0.4478527607361963
"=HYPERLINK(""https://stackoverflow.com/q/63333703"", ""63333703"")",0.668918918918919
"=HYPERLINK(""https://stackoverflow.com/q/63456236"", ""63456236"")",0.3696969696969697
"=HYPERLINK(""https://stackoverflow.com/q/63515156"", ""63515156"")",0.6190476190476191
"=HYPERLINK(""https://stackoverflow.com/q/63540192"", ""63540192"")",0.49530516431924887
"=HYPERLINK(""https://stackoverflow.com/q/63552855"", ""63552855"")",0.4620689655172414
"=HYPERLINK(""https://stackoverflow.com/q/63560070"", ""63560070"")",0.6174863387978141
"=HYPERLINK(""https://stackoverflow.com/q/63564075"", ""63564075"")",0.4536489151873767
"=HYPERLINK(""https://stackoverflow.com/q/63592736"", ""63592736"")",0.3245614035087719
"=HYPERLINK(""https://stackoverflow.com/q/63628312"", ""63628312"")",0.6374807987711214
"=HYPERLINK(""https://stackoverflow.com/q/63700602"", ""63700602"")",0.7873563218390804
"=HYPERLINK(""https://stackoverflow.com/q/63705113"", ""63705113"")",0.82174688057041
"=HYPERLINK(""https://stackoverflow.com/q/63788214"", ""63788214"")",0.40765765765765766
"=HYPERLINK(""https://stackoverflow.com/q/63798898"", ""63798898"")",0.78023598820059
"=HYPERLINK(""https://stackoverflow.com/q/63842141"", ""63842141"")",0.7115384615384615
"=HYPERLINK(""https://stackoverflow.com/q/63872359"", ""63872359"")",0.27184466019417475
"=HYPERLINK(""https://stackoverflow.com/q/63882673"", ""63882673"")",0.788235294117647
"=HYPERLINK(""https://stackoverflow.com/q/64008462"", ""64008462"")",0.9113796576032224
"=HYPERLINK(""https://stackoverflow.com/q/64015416"", ""64015416"")",0.7553956834532374
"=HYPERLINK(""https://stackoverflow.com/q/64063977"", ""64063977"")",0.5367647058823529
"=HYPERLINK(""https://stackoverflow.com/q/64093262"", ""64093262"")",0.3835845896147404
"=HYPERLINK(""https://stackoverflow.com/q/64130127"", ""64130127"")",0.5596555965559655
"=HYPERLINK(""https://stackoverflow.com/q/64143295"", ""64143295"")",0.43378995433789963
"=HYPERLINK(""https://stackoverflow.com/q/64152450"", ""64152450"")",0.75177304964539
"=HYPERLINK(""https://stackoverflow.com/q/64244554"", ""64244554"")",0.8781911013858498
"=HYPERLINK(""https://stackoverflow.com/q/64254537"", ""64254537"")",0.672176308539945
"=HYPERLINK(""https://stackoverflow.com/q/64265795"", ""64265795"")",0.47000000000000003
"=HYPERLINK(""https://stackoverflow.com/q/64294981"", ""64294981"")",0.5842105263157895
"=HYPERLINK(""https://stackoverflow.com/q/64433756"", ""64433756"")",0.3980582524271845
"=HYPERLINK(""https://stackoverflow.com/q/64448660"", ""64448660"")",0.4378109452736318
"=HYPERLINK(""https://stackoverflow.com/q/64454588"", ""64454588"")",0.5955882352941176
"=HYPERLINK(""https://stackoverflow.com/q/64459384"", ""64459384"")",0.4887218045112783
"=HYPERLINK(""https://stackoverflow.com/q/64545488"", ""64545488"")",0.5102564102564103
"=HYPERLINK(""https://stackoverflow.com/q/64568983"", ""64568983"")",0.8681318681318682
"=HYPERLINK(""https://stackoverflow.com/q/64640246"", ""64640246"")",0.4453333333333333
"=HYPERLINK(""https://stackoverflow.com/q/64664955"", ""64664955"")",0.623529411764706
"=HYPERLINK(""https://stackoverflow.com/q/64718778"", ""64718778"")",0.7664884135472371
"=HYPERLINK(""https://stackoverflow.com/q/64760920"", ""64760920"")",0.7702265372168284
"=HYPERLINK(""https://stackoverflow.com/q/64780504"", ""64780504"")",0.7980769230769231
"=HYPERLINK(""https://stackoverflow.com/q/64833397"", ""64833397"")",0.41237113402061865
"=HYPERLINK(""https://stackoverflow.com/q/64877631"", ""64877631"")",0.8114035087719299
"=HYPERLINK(""https://stackoverflow.com/q/64879877"", ""64879877"")",0.7365591397849461
"=HYPERLINK(""https://stackoverflow.com/q/64893215"", ""64893215"")",0.4136546184738956
"=HYPERLINK(""https://stackoverflow.com/q/65172896"", ""65172896"")",0.8405797101449275
"=HYPERLINK(""https://stackoverflow.com/q/65228823"", ""65228823"")",0.5693069306930693
"=HYPERLINK(""https://stackoverflow.com/q/65664382"", ""65664382"")",0.3971014492753624
"=HYPERLINK(""https://stackoverflow.com/q/65719854"", ""65719854"")",0.4523809523809524
"=HYPERLINK(""https://stackoverflow.com/q/65870879"", ""65870879"")",0.7390710382513661
"=HYPERLINK(""https://stackoverflow.com/q/65874822"", ""65874822"")",0.484848484848485
"=HYPERLINK(""https://stackoverflow.com/q/65914973"", ""65914973"")",0.5281124497991968
"=HYPERLINK(""https://stackoverflow.com/q/66467344"", ""66467344"")",0.4798301486199576
"=HYPERLINK(""https://stackoverflow.com/q/66525590"", ""66525590"")",0.5080545229244113
"=HYPERLINK(""https://stackoverflow.com/q/66653239"", ""66653239"")",0.5899280575539569
"=HYPERLINK(""https://stackoverflow.com/q/66688100"", ""66688100"")",0.5374531835205991
"=HYPERLINK(""https://stackoverflow.com/q/66830113"", ""66830113"")",0.32989690721649484
"=HYPERLINK(""https://stackoverflow.com/q/67052524"", ""67052524"")",0.5696202531645569
"=HYPERLINK(""https://stackoverflow.com/q/67329840"", ""67329840"")",0.6219931271477664
"=HYPERLINK(""https://stackoverflow.com/q/67467874"", ""67467874"")",0.6391184573002754
"=HYPERLINK(""https://stackoverflow.com/q/67482126"", ""67482126"")",0.3967136150234742
"=HYPERLINK(""https://stackoverflow.com/q/67560657"", ""67560657"")",0.36363636363636365
"=HYPERLINK(""https://stackoverflow.com/q/67678852"", ""67678852"")",0.5323741007194244
"=HYPERLINK(""https://stackoverflow.com/q/67754613"", ""67754613"")",0.4587155963302753
"=HYPERLINK(""https://stackoverflow.com/q/67829577"", ""67829577"")",0.6122448979591838
"=HYPERLINK(""https://stackoverflow.com/q/67841859"", ""67841859"")",0.7862068965517242
"=HYPERLINK(""https://stackoverflow.com/q/67844372"", ""67844372"")",0.2966666666666667
"=HYPERLINK(""https://stackoverflow.com/q/67881728"", ""67881728"")",0.6957364341085271
"=HYPERLINK(""https://stackoverflow.com/q/67899344"", ""67899344"")",0.45901639344262296
"=HYPERLINK(""https://stackoverflow.com/q/67994583"", ""67994583"")",0.30576441102756896
"=HYPERLINK(""https://stackoverflow.com/q/68009703"", ""68009703"")",0.38076416337285895
"=HYPERLINK(""https://stackoverflow.com/q/68042685"", ""68042685"")",0.6810897435897436
"=HYPERLINK(""https://stackoverflow.com/q/68063799"", ""68063799"")",0.46212121212121215
"=HYPERLINK(""https://stackoverflow.com/q/68096615"", ""68096615"")",0.6650165016501649
"=HYPERLINK(""https://stackoverflow.com/q/68107543"", ""68107543"")",0.5033333333333335
"=HYPERLINK(""https://stackoverflow.com/q/68138458"", ""68138458"")",0.482843137254902
"=HYPERLINK(""https://stackoverflow.com/q/68143881"", ""68143881"")",0.2537878787878788
"=HYPERLINK(""https://stackoverflow.com/q/68147792"", ""68147792"")",0.7291666666666666
"=HYPERLINK(""https://stackoverflow.com/q/68179341"", ""68179341"")",0.5507962657880284
"=HYPERLINK(""https://stackoverflow.com/q/68199487"", ""68199487"")",0.6212624584717609
"=HYPERLINK(""https://stackoverflow.com/q/68201429"", ""68201429"")",0.7553191489361702
"=HYPERLINK(""https://stackoverflow.com/q/68201771"", ""68201771"")",0.5755395683453238
"=HYPERLINK(""https://stackoverflow.com/q/68232282"", ""68232282"")",0.393483709273183
"=HYPERLINK(""https://stackoverflow.com/q/68242902"", ""68242902"")",0.6501333333333333
"=HYPERLINK(""https://stackoverflow.com/q/68271280"", ""68271280"")",0.5009208103130757
"=HYPERLINK(""https://stackoverflow.com/q/68318686"", ""68318686"")",0.7314285714285714
"=HYPERLINK(""https://stackoverflow.com/q/68396088"", ""68396088"")",0.40136054421768697
"=HYPERLINK(""https://stackoverflow.com/q/68435493"", ""68435493"")",0.4666666666666667
"=HYPERLINK(""https://stackoverflow.com/q/68436120"", ""68436120"")",0.3446808510638298
"=HYPERLINK(""https://stackoverflow.com/q/68479297"", ""68479297"")",0.27541827541827546
"=HYPERLINK(""https://stackoverflow.com/q/68514128"", ""68514128"")",0.3203883495145631
"=HYPERLINK(""https://stackoverflow.com/q/68519719"", ""68519719"")",0.6861313868613138
"=HYPERLINK(""https://stackoverflow.com/q/68521015"", ""68521015"")",0.37614678899082576
"=HYPERLINK(""https://stackoverflow.com/q/68582894"", ""68582894"")",0.865979381443299
"=HYPERLINK(""https://stackoverflow.com/q/68620418"", ""68620418"")",0.7116564417177914
"=HYPERLINK(""https://stackoverflow.com/q/68640155"", ""68640155"")",0.29511677282377924
"=HYPERLINK(""https://stackoverflow.com/q/68652652"", ""68652652"")",0.5739837398373984
"=HYPERLINK(""https://stackoverflow.com/q/68670793"", ""68670793"")",0.3405797101449275
"=HYPERLINK(""https://stackoverflow.com/q/68694098"", ""68694098"")",0.6478494623655914
"=HYPERLINK(""https://stackoverflow.com/q/68696974"", ""68696974"")",0.47887323943661975
"=HYPERLINK(""https://stackoverflow.com/q/68756630"", ""68756630"")",0.6766666666666666
"=HYPERLINK(""https://stackoverflow.com/q/68761886"", ""68761886"")",0.7857142857142857
"=HYPERLINK(""https://stackoverflow.com/q/68790568"", ""68790568"")",0.5031446540880503
"=HYPERLINK(""https://stackoverflow.com/q/68803204"", ""68803204"")",0.5292096219931273
"=HYPERLINK(""https://stackoverflow.com/q/68822398"", ""68822398"")",0.8172043010752689
"=HYPERLINK(""https://stackoverflow.com/q/68849090"", ""68849090"")",0.5815602836879433
"=HYPERLINK(""https://stackoverflow.com/q/68882320"", ""68882320"")",0.43881856540084385
"=HYPERLINK(""https://stackoverflow.com/q/68888680"", ""68888680"")",0.6453900709219859
"=HYPERLINK(""https://stackoverflow.com/q/68999071"", ""68999071"")",0.4431372549019609
"=HYPERLINK(""https://stackoverflow.com/q/69025449"", ""69025449"")",0.7032967032967034
"=HYPERLINK(""https://stackoverflow.com/q/69027261"", ""69027261"")",0.662878787878788
"=HYPERLINK(""https://stackoverflow.com/q/69030542"", ""69030542"")",0.5938375350140055
"=HYPERLINK(""https://stackoverflow.com/q/69061099"", ""69061099"")",0.7050359712230216
"=HYPERLINK(""https://stackoverflow.com/q/69074783"", ""69074783"")",0.6666666666666666
"=HYPERLINK(""https://stackoverflow.com/q/69096102"", ""69096102"")",0.5284552845528456
"=HYPERLINK(""https://stackoverflow.com/q/69117423"", ""69117423"")",0.8745098039215686
"=HYPERLINK(""https://stackoverflow.com/q/69174077"", ""69174077"")",0.7695035460992908
"=HYPERLINK(""https://stackoverflow.com/q/69192217"", ""69192217"")",0.7049180327868854
"=HYPERLINK(""https://stackoverflow.com/q/69196613"", ""69196613"")",0.5661764705882354
"=HYPERLINK(""https://stackoverflow.com/q/69214293"", ""69214293"")",0.7380952380952382
"=HYPERLINK(""https://stackoverflow.com/q/69281898"", ""69281898"")",0.4402515723270441
"=HYPERLINK(""https://stackoverflow.com/q/69308804"", ""69308804"")",0.5687203791469194
"=HYPERLINK(""https://stackoverflow.com/q/69308998"", ""69308998"")",0.7096774193548386
"=HYPERLINK(""https://stackoverflow.com/q/69320902"", ""69320902"")",0.5971563981042655
"=HYPERLINK(""https://stackoverflow.com/q/69335737"", ""69335737"")",0.3291666666666668
"=HYPERLINK(""https://stackoverflow.com/q/69350904"", ""69350904"")",0.6864686468646866
"=HYPERLINK(""https://stackoverflow.com/q/69379927"", ""69379927"")",0.4964539007092199
"=HYPERLINK(""https://stackoverflow.com/q/69391388"", ""69391388"")",0.7333333333333334
"=HYPERLINK(""https://stackoverflow.com/q/69422128"", ""69422128"")",0.42780748663101614
"=HYPERLINK(""https://stackoverflow.com/q/69468006"", ""69468006"")",0.3880597014925374
"=HYPERLINK(""https://stackoverflow.com/q/69490831"", ""69490831"")",0.7162534435261708
"=HYPERLINK(""https://stackoverflow.com/q/69494655"", ""69494655"")",0.5000000000000001
"=HYPERLINK(""https://stackoverflow.com/q/69532607"", ""69532607"")",0.49765258215962443
"=HYPERLINK(""https://stackoverflow.com/q/69539710"", ""69539710"")",0.413265306122449
"=HYPERLINK(""https://stackoverflow.com/q/69543934"", ""69543934"")",0.5577464788732396
"=HYPERLINK(""https://stackoverflow.com/q/69549019"", ""69549019"")",0.32989690721649484
"=HYPERLINK(""https://stackoverflow.com/q/69633068"", ""69633068"")",0.47517730496453914
"=HYPERLINK(""https://stackoverflow.com/q/69654962"", ""69654962"")",0.3548387096774194
"=HYPERLINK(""https://stackoverflow.com/q/69658388"", ""69658388"")",0.7375886524822696
"=HYPERLINK(""https://stackoverflow.com/q/69662004"", ""69662004"")",0.3583333333333334
"=HYPERLINK(""https://stackoverflow.com/q/69676834"", ""69676834"")",0.4102564102564103
"=HYPERLINK(""https://stackoverflow.com/q/69716001"", ""69716001"")",0.6200345423143351
"=HYPERLINK(""https://stackoverflow.com/q/69727471"", ""69727471"")",0.7067510548523207
"=HYPERLINK(""https://stackoverflow.com/q/69771831"", ""69771831"")",0.5095238095238096
"=HYPERLINK(""https://stackoverflow.com/q/69859670"", ""69859670"")",0.5949612403100776
"=HYPERLINK(""https://stackoverflow.com/q/70027796"", ""70027796"")",0.6431372549019608
"=HYPERLINK(""https://stackoverflow.com/q/70064373"", ""70064373"")",0.5994623655913978
"=HYPERLINK(""https://stackoverflow.com/q/70081558"", ""70081558"")",0.6312056737588653
"=HYPERLINK(""https://stackoverflow.com/q/70087754"", ""70087754"")",0.48529411764705893
"=HYPERLINK(""https://stackoverflow.com/q/70102800"", ""70102800"")",0.8495575221238937
"=HYPERLINK(""https://stackoverflow.com/q/70126734"", ""70126734"")",0.5259938837920489
"=HYPERLINK(""https://stackoverflow.com/q/70176677"", ""70176677"")",0.7125506072874495
"=HYPERLINK(""https://stackoverflow.com/q/70231876"", ""70231876"")",0.9055258467023173
"=HYPERLINK(""https://stackoverflow.com/q/70247891"", ""70247891"")",0.4915254237288136
"=HYPERLINK(""https://stackoverflow.com/q/70259273"", ""70259273"")",0.49350649350649356
"=HYPERLINK(""https://stackoverflow.com/q/70261276"", ""70261276"")",0.44637681159420295
"=HYPERLINK(""https://stackoverflow.com/q/70300913"", ""70300913"")",0.796875
"=HYPERLINK(""https://stackoverflow.com/q/70393898"", ""70393898"")",0.695351137487636
"=HYPERLINK(""https://stackoverflow.com/q/70394590"", ""70394590"")",0.5114942528735632
"=HYPERLINK(""https://stackoverflow.com/q/70411661"", ""70411661"")",0.7377049180327868
"=HYPERLINK(""https://stackoverflow.com/q/70452694"", ""70452694"")",0.7659033078880406
"=HYPERLINK(""https://stackoverflow.com/q/70465766"", ""70465766"")",0.6477272727272726
"=HYPERLINK(""https://stackoverflow.com/q/70498237"", ""70498237"")",0.7584097859327217
"=HYPERLINK(""https://stackoverflow.com/q/70523539"", ""70523539"")",0.6923076923076923
"=HYPERLINK(""https://stackoverflow.com/q/70554672"", ""70554672"")",0.523474178403756
"=HYPERLINK(""https://stackoverflow.com/q/70558480"", ""70558480"")",0.8045977011494253
"=HYPERLINK(""https://stackoverflow.com/q/70579930"", ""70579930"")",0.6316758747697975
"=HYPERLINK(""https://stackoverflow.com/q/70617820"", ""70617820"")",0.65086887835703
"=HYPERLINK(""https://stackoverflow.com/q/70637370"", ""70637370"")",0.7946428571428572
"=HYPERLINK(""https://stackoverflow.com/q/70639113"", ""70639113"")",0.6470588235294118
"=HYPERLINK(""https://stackoverflow.com/q/70731853"", ""70731853"")",0.79004329004329
"=HYPERLINK(""https://stackoverflow.com/q/70745988"", ""70745988"")",0.8266666666666667
"=HYPERLINK(""https://stackoverflow.com/q/70759739"", ""70759739"")",0.6632653061224489
"=HYPERLINK(""https://stackoverflow.com/q/70783705"", ""70783705"")",0.6217616580310882
"=HYPERLINK(""https://stackoverflow.com/q/70820436"", ""70820436"")",0.7640449438202247
"=HYPERLINK(""https://stackoverflow.com/q/70821532"", ""70821532"")",0.5955882352941178
"=HYPERLINK(""https://stackoverflow.com/q/70879380"", ""70879380"")",0.6236559139784946
"=HYPERLINK(""https://stackoverflow.com/q/70884804"", ""70884804"")",0.6456140350877193
"=HYPERLINK(""https://stackoverflow.com/q/70941765"", ""70941765"")",0.6932773109243697
"=HYPERLINK(""https://stackoverflow.com/q/70952472"", ""70952472"")",0.8241469816272966
"=HYPERLINK(""https://stackoverflow.com/q/70960387"", ""70960387"")",0.7358490566037736
"=HYPERLINK(""https://stackoverflow.com/q/70961369"", ""70961369"")",0.4155251141552511
"=HYPERLINK(""https://stackoverflow.com/q/71024116"", ""71024116"")",0.33333333333333337
"=HYPERLINK(""https://stackoverflow.com/q/71035155"", ""71035155"")",0.8376811594202899
"=HYPERLINK(""https://stackoverflow.com/q/71037899"", ""71037899"")",0.7717391304347826
"=HYPERLINK(""https://stackoverflow.com/q/71094801"", ""71094801"")",0.6783114992721979
"=HYPERLINK(""https://stackoverflow.com/q/71220465"", ""71220465"")",0.5728813559322034
"=HYPERLINK(""https://stackoverflow.com/q/71239606"", ""71239606"")",0.5893939393939395
"=HYPERLINK(""https://stackoverflow.com/q/71277801"", ""71277801"")",0.684981684981685
"=HYPERLINK(""https://stackoverflow.com/q/71311064"", ""71311064"")",0.5778985507246377
"=HYPERLINK(""https://stackoverflow.com/q/71312429"", ""71312429"")",0.4778420038535645
"=HYPERLINK(""https://stackoverflow.com/q/71314659"", ""71314659"")",0.2974358974358975
"=HYPERLINK(""https://stackoverflow.com/q/71341656"", ""71341656"")",0.8541666666666666
"=HYPERLINK(""https://stackoverflow.com/q/71351809"", ""71351809"")",0.5359116022099447
"=HYPERLINK(""https://stackoverflow.com/q/71362054"", ""71362054"")",0.5
"=HYPERLINK(""https://stackoverflow.com/q/71409047"", ""71409047"")",0.7499999999999999
"=HYPERLINK(""https://stackoverflow.com/q/71457127"", ""71457127"")",0.25641025641025644
"=HYPERLINK(""https://stackoverflow.com/q/71500671"", ""71500671"")",0.37244897959183676
"=HYPERLINK(""https://stackoverflow.com/q/71521955"", ""71521955"")",0.39308176100628933
"=HYPERLINK(""https://stackoverflow.com/q/71523850"", ""71523850"")",0.8006872852233677
"=HYPERLINK(""https://stackoverflow.com/q/71537483"", ""71537483"")",0.6862745098039215
"=HYPERLINK(""https://stackoverflow.com/q/71584347"", ""71584347"")",0.8523206751054851
"=HYPERLINK(""https://stackoverflow.com/q/71612687"", ""71612687"")",0.6900212314225053
"=HYPERLINK(""https://stackoverflow.com/q/71662412"", ""71662412"")",0.523102310231023
"=HYPERLINK(""https://stackoverflow.com/q/71663157"", ""71663157"")",0.6341463414634146
"=HYPERLINK(""https://stackoverflow.com/q/71675543"", ""71675543"")",0.7803921568627452
"=HYPERLINK(""https://stackoverflow.com/q/71730050"", ""71730050"")",0.6211382113821139
"=HYPERLINK(""https://stackoverflow.com/q/71766040"", ""71766040"")",0.7398753894080996
"=HYPERLINK(""https://stackoverflow.com/q/71767106"", ""71767106"")",0.9146230699364215
"=HYPERLINK(""https://stackoverflow.com/q/71797564"", ""71797564"")",0.31439393939393934
"=HYPERLINK(""https://stackoverflow.com/q/71821861"", ""71821861"")",0.5639534883720929
"=HYPERLINK(""https://stackoverflow.com/q/71844321"", ""71844321"")",0.7000000000000001
"=HYPERLINK(""https://stackoverflow.com/q/71867802"", ""71867802"")",0.42424242424242425
"=HYPERLINK(""https://stackoverflow.com/q/71876987"", ""71876987"")",0.6697388632872503
"=HYPERLINK(""https://stackoverflow.com/q/71896597"", ""71896597"")",0.6482334869431643
"=HYPERLINK(""https://stackoverflow.com/q/71944836"", ""71944836"")",0.90625
"=HYPERLINK(""https://stackoverflow.com/q/72105564"", ""72105564"")",0.5657051282051283
"=HYPERLINK(""https://stackoverflow.com/q/72112312"", ""72112312"")",0.6188524590163934
"=HYPERLINK(""https://stackoverflow.com/q/72192880"", ""72192880"")",0.661319073083779
"=HYPERLINK(""https://stackoverflow.com/q/72195818"", ""72195818"")",0.5742574257425743
"=HYPERLINK(""https://stackoverflow.com/q/72257596"", ""72257596"")",0.6159420289855072
"=HYPERLINK(""https://stackoverflow.com/q/72273109"", ""72273109"")",0.71875
"=HYPERLINK(""https://stackoverflow.com/q/72309337"", ""72309337"")",0.6392694063926941
"=HYPERLINK(""https://stackoverflow.com/q/72375414"", ""72375414"")",0.5111896348645465
"=HYPERLINK(""https://stackoverflow.com/q/72487609"", ""72487609"")",0.8472949389179756
"=HYPERLINK(""https://stackoverflow.com/q/72494536"", ""72494536"")",0.7140350877192982
"=HYPERLINK(""https://stackoverflow.com/q/72495921"", ""72495921"")",0.8300220750551877
