link,Correlation
"=HYPERLINK(""https://stackoverflow.com/a/30106785"", ""30106785"")",0.29360967184801384
"=HYPERLINK(""https://stackoverflow.com/a/36988126"", ""36988126"")",0.2656641604010025
"=HYPERLINK(""https://stackoverflow.com/a/37593003"", ""37593003"")",0.3355408388520971
"=HYPERLINK(""https://stackoverflow.com/a/37811031"", ""37811031"")",0.32976827094474154
"=HYPERLINK(""https://stackoverflow.com/a/43883405"", ""43883405"")",0.30232558139534893
"=HYPERLINK(""https://stackoverflow.com/a/44972691"", ""44972691"")",0.27966101694915263
"=HYPERLINK(""https://stackoverflow.com/a/46373619"", ""46373619"")",0.3160919540229885
"=HYPERLINK(""https://stackoverflow.com/a/46638416"", ""46638416"")",0.23057644110275693
"=HYPERLINK(""https://stackoverflow.com/a/47651977"", ""47651977"")",0.3701298701298702
"=HYPERLINK(""https://stackoverflow.com/a/47984264"", ""47984264"")",0.39534883720930236
"=HYPERLINK(""https://stackoverflow.com/a/48267804"", ""48267804"")",0.2647058823529412
"=HYPERLINK(""https://stackoverflow.com/a/48817764"", ""48817764"")",0.4416666666666667
"=HYPERLINK(""https://stackoverflow.com/a/48833654"", ""48833654"")",0.4310344827586207
"=HYPERLINK(""https://stackoverflow.com/a/49099320"", ""49099320"")",0.5161904761904762
"=HYPERLINK(""https://stackoverflow.com/a/49124471"", ""49124471"")",0.5942028985507246
"=HYPERLINK(""https://stackoverflow.com/a/49202490"", ""49202490"")",0.3929440389294403
"=HYPERLINK(""https://stackoverflow.com/a/49214427"", ""49214427"")",0.37254901960784315
"=HYPERLINK(""https://stackoverflow.com/a/49370397"", ""49370397"")",0.2527472527472528
"=HYPERLINK(""https://stackoverflow.com/a/49551210"", ""49551210"")",0.17948717948717946
"=HYPERLINK(""https://stackoverflow.com/a/49677404"", ""49677404"")",0.45794392523364474
"=HYPERLINK(""https://stackoverflow.com/a/49677567"", ""49677567"")",0.5710144927536231
"=HYPERLINK(""https://stackoverflow.com/a/49721459"", ""49721459"")",0.24258289703315877
"=HYPERLINK(""https://stackoverflow.com/a/50300373"", ""50300373"")",0.33165829145728654
"=HYPERLINK(""https://stackoverflow.com/a/50428761"", ""50428761"")",0.2652482269503546
"=HYPERLINK(""https://stackoverflow.com/a/51144455"", ""51144455"")",0.7213930348258708
"=HYPERLINK(""https://stackoverflow.com/a/51297274"", ""51297274"")",0.4570596797671033
"=HYPERLINK(""https://stackoverflow.com/a/51314348"", ""51314348"")",0.6547619047619049
"=HYPERLINK(""https://stackoverflow.com/a/51317676"", ""51317676"")",0.4166666666666667
"=HYPERLINK(""https://stackoverflow.com/a/51341104"", ""51341104"")",0.5590551181102362
"=HYPERLINK(""https://stackoverflow.com/a/51370707"", ""51370707"")",0.6217948717948718
"=HYPERLINK(""https://stackoverflow.com/a/51660654"", ""51660654"")",0.2351797862001944
"=HYPERLINK(""https://stackoverflow.com/a/51792877"", ""51792877"")",0.3333333333333333
"=HYPERLINK(""https://stackoverflow.com/a/51793118"", ""51793118"")",0.5857142857142859
"=HYPERLINK(""https://stackoverflow.com/a/51846290"", ""51846290"")",0.3486394557823129
"=HYPERLINK(""https://stackoverflow.com/a/51904108"", ""51904108"")",0.5971370143149284
"=HYPERLINK(""https://stackoverflow.com/a/52362807"", ""52362807"")",0.4509803921568628
"=HYPERLINK(""https://stackoverflow.com/a/52411769"", ""52411769"")",0.38958333333333345
"=HYPERLINK(""https://stackoverflow.com/a/52548853"", ""52548853"")",0.29824561403508765
"=HYPERLINK(""https://stackoverflow.com/a/52857819"", ""52857819"")",0.4597701149425288
"=HYPERLINK(""https://stackoverflow.com/a/52896212"", ""52896212"")",0.44680851063829796
"=HYPERLINK(""https://stackoverflow.com/a/53129356"", ""53129356"")",0.4086956521739131
"=HYPERLINK(""https://stackoverflow.com/a/53453394"", ""53453394"")",0.29449838187702265
"=HYPERLINK(""https://stackoverflow.com/a/53489851"", ""53489851"")",0.29569892473118276
"=HYPERLINK(""https://stackoverflow.com/a/53534178"", ""53534178"")",0.2432432432432432
"=HYPERLINK(""https://stackoverflow.com/a/54096125"", ""54096125"")",0.21568627450980385
"=HYPERLINK(""https://stackoverflow.com/a/54110709"", ""54110709"")",0.24166666666666667
"=HYPERLINK(""https://stackoverflow.com/a/54206403"", ""54206403"")",0.3507246376811595
"=HYPERLINK(""https://stackoverflow.com/a/54250455"", ""54250455"")",0.3665111456713323
"=HYPERLINK(""https://stackoverflow.com/a/54336588"", ""54336588"")",0.34120734908136485
"=HYPERLINK(""https://stackoverflow.com/a/54626658"", ""54626658"")",0.5074626865671643
"=HYPERLINK(""https://stackoverflow.com/a/54638360"", ""54638360"")",0.45333333333333337
"=HYPERLINK(""https://stackoverflow.com/a/54638400"", ""54638400"")",0.4022988505747127
"=HYPERLINK(""https://stackoverflow.com/a/54661274"", ""54661274"")",0.49838187702265374
"=HYPERLINK(""https://stackoverflow.com/a/54798034"", ""54798034"")",0.23863636363636362
"=HYPERLINK(""https://stackoverflow.com/a/54826654"", ""54826654"")",0.3735632183908046
"=HYPERLINK(""https://stackoverflow.com/a/54884672"", ""54884672"")",0.5757575757575758
"=HYPERLINK(""https://stackoverflow.com/a/54931463"", ""54931463"")",0.5480225988700566
"=HYPERLINK(""https://stackoverflow.com/a/55543162"", ""55543162"")",0.4066666666666666
"=HYPERLINK(""https://stackoverflow.com/a/55880032"", ""55880032"")",0.2121212121212121
"=HYPERLINK(""https://stackoverflow.com/a/56277411"", ""56277411"")",0.6226415094339622
"=HYPERLINK(""https://stackoverflow.com/a/56314197"", ""56314197"")",0.5022831050228311
"=HYPERLINK(""https://stackoverflow.com/a/56452839"", ""56452839"")",0.7623188405797102
"=HYPERLINK(""https://stackoverflow.com/a/56469672"", ""56469672"")",0.38576779026217234
"=HYPERLINK(""https://stackoverflow.com/a/56493627"", ""56493627"")",0.48210290827740493
"=HYPERLINK(""https://stackoverflow.com/a/56602995"", ""56602995"")",0.38020833333333337
"=HYPERLINK(""https://stackoverflow.com/a/56674565"", ""56674565"")",0.6135881104033969
"=HYPERLINK(""https://stackoverflow.com/a/56787734"", ""56787734"")",0.530701754385965
"=HYPERLINK(""https://stackoverflow.com/a/56935602"", ""56935602"")",0.7049180327868853
"=HYPERLINK(""https://stackoverflow.com/a/56936097"", ""56936097"")",0.5251572327044025
"=HYPERLINK(""https://stackoverflow.com/a/56972899"", ""56972899"")",0.7146892655367233
"=HYPERLINK(""https://stackoverflow.com/a/57018959"", ""57018959"")",0.3354978354978356
"=HYPERLINK(""https://stackoverflow.com/a/57091955"", ""57091955"")",0.33333333333333337
"=HYPERLINK(""https://stackoverflow.com/a/57160292"", ""57160292"")",0.2473118279569892
"=HYPERLINK(""https://stackoverflow.com/a/57169027"", ""57169027"")",0.4392156862745099
"=HYPERLINK(""https://stackoverflow.com/a/57185418"", ""57185418"")",0.42982456140350883
"=HYPERLINK(""https://stackoverflow.com/a/57225350"", ""57225350"")",0.2100456621004566
"=HYPERLINK(""https://stackoverflow.com/a/57418981"", ""57418981"")",0.18627450980392157
"=HYPERLINK(""https://stackoverflow.com/a/57479572"", ""57479572"")",0.39560439560439564
"=HYPERLINK(""https://stackoverflow.com/a/57732305"", ""57732305"")",0.4361702127659575
"=HYPERLINK(""https://stackoverflow.com/a/57931369"", ""57931369"")",0.6291390728476821
"=HYPERLINK(""https://stackoverflow.com/a/58019147"", ""58019147"")",0.30522088353413657
"=HYPERLINK(""https://stackoverflow.com/a/58146087"", ""58146087"")",0.31914893617021267
"=HYPERLINK(""https://stackoverflow.com/a/58310995"", ""58310995"")",0.497716894977169
"=HYPERLINK(""https://stackoverflow.com/a/58691478"", ""58691478"")",0.26666666666666666
"=HYPERLINK(""https://stackoverflow.com/a/58757148"", ""58757148"")",0.4294871794871795
"=HYPERLINK(""https://stackoverflow.com/a/58757328"", ""58757328"")",0.4556962025316456
"=HYPERLINK(""https://stackoverflow.com/a/58806988"", ""58806988"")",0.3547400611620796
"=HYPERLINK(""https://stackoverflow.com/a/58832363"", ""58832363"")",0.6433333333333334
"=HYPERLINK(""https://stackoverflow.com/a/58932857"", ""58932857"")",0.3972602739726027
"=HYPERLINK(""https://stackoverflow.com/a/58943366"", ""58943366"")",0.37078651685393255
"=HYPERLINK(""https://stackoverflow.com/a/58979542"", ""58979542"")",0.3564102564102565
"=HYPERLINK(""https://stackoverflow.com/a/59096925"", ""59096925"")",0.4319880418535126
"=HYPERLINK(""https://stackoverflow.com/a/59240475"", ""59240475"")",0.4333333333333334
"=HYPERLINK(""https://stackoverflow.com/a/59356107"", ""59356107"")",0.3571428571428572
"=HYPERLINK(""https://stackoverflow.com/a/59555359"", ""59555359"")",0.5212121212121211
"=HYPERLINK(""https://stackoverflow.com/a/59695641"", ""59695641"")",0.42803030303030304
"=HYPERLINK(""https://stackoverflow.com/a/59789014"", ""59789014"")",0.43319838056680166
"=HYPERLINK(""https://stackoverflow.com/a/59820375"", ""59820375"")",0.40178571428571436
"=HYPERLINK(""https://stackoverflow.com/a/59923689"", ""59923689"")",0.23423423423423417
"=HYPERLINK(""https://stackoverflow.com/a/59927444"", ""59927444"")",0.31439393939393934
"=HYPERLINK(""https://stackoverflow.com/a/59928976"", ""59928976"")",0.627906976744186
"=HYPERLINK(""https://stackoverflow.com/a/60067490"", ""60067490"")",0.3793103448275863
"=HYPERLINK(""https://stackoverflow.com/a/60130351"", ""60130351"")",0.5142276422764227
"=HYPERLINK(""https://stackoverflow.com/a/60165089"", ""60165089"")",0.3616352201257862
"=HYPERLINK(""https://stackoverflow.com/a/60234772"", ""60234772"")",0.29375000000000007
"=HYPERLINK(""https://stackoverflow.com/a/60234841"", ""60234841"")",0.41724941724941716
"=HYPERLINK(""https://stackoverflow.com/a/60385894"", ""60385894"")",0.3884892086330936
"=HYPERLINK(""https://stackoverflow.com/a/60564614"", ""60564614"")",0.3489583333333333
"=HYPERLINK(""https://stackoverflow.com/a/60564784"", ""60564784"")",0.30381569474442044
"=HYPERLINK(""https://stackoverflow.com/a/60622713"", ""60622713"")",0.3069544364508393
"=HYPERLINK(""https://stackoverflow.com/a/60705022"", ""60705022"")",0.32420091324200906
"=HYPERLINK(""https://stackoverflow.com/a/60726481"", ""60726481"")",0.43636363636363634
"=HYPERLINK(""https://stackoverflow.com/a/61117139"", ""61117139"")",0.37920489296636095
"=HYPERLINK(""https://stackoverflow.com/a/61405122"", ""61405122"")",0.5607064017660044
"=HYPERLINK(""https://stackoverflow.com/a/61475577"", ""61475577"")",0.5080645161290323
"=HYPERLINK(""https://stackoverflow.com/a/61686291"", ""61686291"")",0.27564102564102566
"=HYPERLINK(""https://stackoverflow.com/a/61822195"", ""61822195"")",0.22619047619047616
"=HYPERLINK(""https://stackoverflow.com/a/62009529"", ""62009529"")",0.24637681159420288
"=HYPERLINK(""https://stackoverflow.com/a/62378949"", ""62378949"")",0.1935483870967741
"=HYPERLINK(""https://stackoverflow.com/a/62646350"", ""62646350"")",0.2146118721461187
"=HYPERLINK(""https://stackoverflow.com/a/62652613"", ""62652613"")",0.37380952380952376
"=HYPERLINK(""https://stackoverflow.com/a/62660771"", ""62660771"")",0.37500000000000006
"=HYPERLINK(""https://stackoverflow.com/a/62779433"", ""62779433"")",0.5866666666666668
"=HYPERLINK(""https://stackoverflow.com/a/62783530"", ""62783530"")",0.17333333333333334
"=HYPERLINK(""https://stackoverflow.com/a/62998014"", ""62998014"")",0.31715210355987056
"=HYPERLINK(""https://stackoverflow.com/a/63081451"", ""63081451"")",0.27450980392156865
"=HYPERLINK(""https://stackoverflow.com/a/63138417"", ""63138417"")",0.39534883720930236
"=HYPERLINK(""https://stackoverflow.com/a/63157967"", ""63157967"")",0.4025157232704403
"=HYPERLINK(""https://stackoverflow.com/a/63158069"", ""63158069"")",0.7475728155339805
"=HYPERLINK(""https://stackoverflow.com/a/63306249"", ""63306249"")",0.25683060109289624
"=HYPERLINK(""https://stackoverflow.com/a/63609377"", ""63609377"")",0.2424242424242423
"=HYPERLINK(""https://stackoverflow.com/a/63824703"", ""63824703"")",0.630952380952381
"=HYPERLINK(""https://stackoverflow.com/a/63909876"", ""63909876"")",0.3317972350230415
"=HYPERLINK(""https://stackoverflow.com/a/64206280"", ""64206280"")",0.5816091954022989
"=HYPERLINK(""https://stackoverflow.com/a/64293239"", ""64293239"")",0.29223744292237436
"=HYPERLINK(""https://stackoverflow.com/a/64371023"", ""64371023"")",0.6092896174863387
"=HYPERLINK(""https://stackoverflow.com/a/64551290"", ""64551290"")",0.45558739255014324
"=HYPERLINK(""https://stackoverflow.com/a/64584469"", ""64584469"")",0.4416666666666667
"=HYPERLINK(""https://stackoverflow.com/a/64597989"", ""64597989"")",0.558139534883721
"=HYPERLINK(""https://stackoverflow.com/a/64600395"", ""64600395"")",0.625429553264605
"=HYPERLINK(""https://stackoverflow.com/a/64789306"", ""64789306"")",0.4110535405872193
"=HYPERLINK(""https://stackoverflow.com/a/64980410"", ""64980410"")",0.36842105263157876
"=HYPERLINK(""https://stackoverflow.com/a/65151039"", ""65151039"")",0.43921568627450985
"=HYPERLINK(""https://stackoverflow.com/a/65173663"", ""65173663"")",0.6639492753623188
"=HYPERLINK(""https://stackoverflow.com/a/65326382"", ""65326382"")",0.5062500000000001
"=HYPERLINK(""https://stackoverflow.com/a/65415788"", ""65415788"")",0.2833333333333334
"=HYPERLINK(""https://stackoverflow.com/a/65590861"", ""65590861"")",0.3197278911564625
"=HYPERLINK(""https://stackoverflow.com/a/65703266"", ""65703266"")",0.36969696969696964
"=HYPERLINK(""https://stackoverflow.com/a/65888860"", ""65888860"")",0.4339622641509434
"=HYPERLINK(""https://stackoverflow.com/a/66034048"", ""66034048"")",0.7225130890052355
"=HYPERLINK(""https://stackoverflow.com/a/66093400"", ""66093400"")",0.445859872611465
"=HYPERLINK(""https://stackoverflow.com/a/66720288"", ""66720288"")",0.449404761904762
"=HYPERLINK(""https://stackoverflow.com/a/66795908"", ""66795908"")",0.3427672955974842
"=HYPERLINK(""https://stackoverflow.com/a/66874329"", ""66874329"")",0.321625344352617
"=HYPERLINK(""https://stackoverflow.com/a/66990449"", ""66990449"")",0.34166666666666673
"=HYPERLINK(""https://stackoverflow.com/a/67093568"", ""67093568"")",0.43999999999999995
"=HYPERLINK(""https://stackoverflow.com/a/67150596"", ""67150596"")",0.2380952380952381
"=HYPERLINK(""https://stackoverflow.com/a/67187871"", ""67187871"")",0.16666666666666663
"=HYPERLINK(""https://stackoverflow.com/a/67413572"", ""67413572"")",0.27557160048134777
"=HYPERLINK(""https://stackoverflow.com/a/67510925"", ""67510925"")",0.23076923076923073
"=HYPERLINK(""https://stackoverflow.com/a/67999715"", ""67999715"")",0.31159420289855067
"=HYPERLINK(""https://stackoverflow.com/a/68010088"", ""68010088"")",0.33009708737864085
"=HYPERLINK(""https://stackoverflow.com/a/68062840"", ""68062840"")",0.6621004566210046
"=HYPERLINK(""https://stackoverflow.com/a/68454361"", ""68454361"")",0.2681159420289855
"=HYPERLINK(""https://stackoverflow.com/a/68489381"", ""68489381"")",0.3539518900343643
"=HYPERLINK(""https://stackoverflow.com/a/68489535"", ""68489535"")",0.35744680851063837
"=HYPERLINK(""https://stackoverflow.com/a/68512071"", ""68512071"")",0.15151515151515152
"=HYPERLINK(""https://stackoverflow.com/a/68524750"", ""68524750"")",0.4114942528735632
"=HYPERLINK(""https://stackoverflow.com/a/68830938"", ""68830938"")",0.39088729016786583
"=HYPERLINK(""https://stackoverflow.com/a/68864690"", ""68864690"")",0.42857142857142877
"=HYPERLINK(""https://stackoverflow.com/a/68950607"", ""68950607"")",0.6926406926406927
"=HYPERLINK(""https://stackoverflow.com/a/69024006"", ""69024006"")",0.45236907730673315
"=HYPERLINK(""https://stackoverflow.com/a/69101156"", ""69101156"")",0.3254593175853019
"=HYPERLINK(""https://stackoverflow.com/a/69270146"", ""69270146"")",0.32500000000000007
"=HYPERLINK(""https://stackoverflow.com/a/69313548"", ""69313548"")",0.42276422764227645
"=HYPERLINK(""https://stackoverflow.com/a/69366802"", ""69366802"")",0.43410852713178294
"=HYPERLINK(""https://stackoverflow.com/a/69763741"", ""69763741"")",0.23655913978494614
"=HYPERLINK(""https://stackoverflow.com/a/69768603"", ""69768603"")",0.32558139534883723
"=HYPERLINK(""https://stackoverflow.com/a/69847695"", ""69847695"")",0.22333333333333333
"=HYPERLINK(""https://stackoverflow.com/a/70037740"", ""70037740"")",0.7314148681055155
"=HYPERLINK(""https://stackoverflow.com/a/70191757"", ""70191757"")",0.5674709562109026
"=HYPERLINK(""https://stackoverflow.com/a/70241297"", ""70241297"")",0.19298245614035084
"=HYPERLINK(""https://stackoverflow.com/a/70249692"", ""70249692"")",0.5608214849921012
"=HYPERLINK(""https://stackoverflow.com/a/70266662"", ""70266662"")",0.21621621621621617
"=HYPERLINK(""https://stackoverflow.com/a/70294676"", ""70294676"")",0.716577540106952
"=HYPERLINK(""https://stackoverflow.com/a/70580022"", ""70580022"")",0.4063926940639269
"=HYPERLINK(""https://stackoverflow.com/a/70641881"", ""70641881"")",0.3170731707317073
"=HYPERLINK(""https://stackoverflow.com/a/70657401"", ""70657401"")",0.3854166666666667
"=HYPERLINK(""https://stackoverflow.com/a/70739534"", ""70739534"")",0.40196078431372556
"=HYPERLINK(""https://stackoverflow.com/a/70776637"", ""70776637"")",0.24166666666666667
"=HYPERLINK(""https://stackoverflow.com/a/70980791"", ""70980791"")",0.27696078431372545
"=HYPERLINK(""https://stackoverflow.com/a/71214538"", ""71214538"")",0.49789029535864987
"=HYPERLINK(""https://stackoverflow.com/a/71256562"", ""71256562"")",0.4371584699453551
"=HYPERLINK(""https://stackoverflow.com/a/71265781"", ""71265781"")",0.41237113402061865
"=HYPERLINK(""https://stackoverflow.com/a/71266206"", ""71266206"")",0.4242424242424242
"=HYPERLINK(""https://stackoverflow.com/a/71315292"", ""71315292"")",0.3873873873873874
"=HYPERLINK(""https://stackoverflow.com/a/71341425"", ""71341425"")",0.41216216216216217
"=HYPERLINK(""https://stackoverflow.com/a/71341852"", ""71341852"")",0.5739130434782609
"=HYPERLINK(""https://stackoverflow.com/a/71350846"", ""71350846"")",0.36742424242424243
"=HYPERLINK(""https://stackoverflow.com/a/71355714"", ""71355714"")",0.6382978723404255
"=HYPERLINK(""https://stackoverflow.com/a/71433525"", ""71433525"")",0.2853717026378898
"=HYPERLINK(""https://stackoverflow.com/a/71571644"", ""71571644"")",0.4314928425357874
"=HYPERLINK(""https://stackoverflow.com/a/71581297"", ""71581297"")",0.4782608695652175
"=HYPERLINK(""https://stackoverflow.com/a/71587161"", ""71587161"")",0.8370702541106129
"=HYPERLINK(""https://stackoverflow.com/a/71745786"", ""71745786"")",0.37878787878787873
"=HYPERLINK(""https://stackoverflow.com/a/71852940"", ""71852940"")",0.37130801687763715
"=HYPERLINK(""https://stackoverflow.com/a/72051491"", ""72051491"")",0.5626911314984709
"=HYPERLINK(""https://stackoverflow.com/a/72052218"", ""72052218"")",0.4966887417218544
"=HYPERLINK(""https://stackoverflow.com/a/72089736"", ""72089736"")",0.5530303030303031
"=HYPERLINK(""https://stackoverflow.com/a/72101027"", ""72101027"")",0.33333333333333337
"=HYPERLINK(""https://stackoverflow.com/a/72107202"", ""72107202"")",0.3495145631067962
"=HYPERLINK(""https://stackoverflow.com/a/72196720"", ""72196720"")",0.5070422535211268
"=HYPERLINK(""https://stackoverflow.com/a/72458838"", ""72458838"")",0.6151202749140894
