link,Correlation
"=HYPERLINK(""https://stackoverflow.com/q/9667871"", ""9667871"")",0.3136094674556213
"=HYPERLINK(""https://stackoverflow.com/q/28590690"", ""28590690"")",0.30830039525691694
"=HYPERLINK(""https://stackoverflow.com/q/32917356"", ""32917356"")",0.2886597938144331
"=HYPERLINK(""https://stackoverflow.com/q/34224528"", ""34224528"")",0.3505747126436781
"=HYPERLINK(""https://stackoverflow.com/q/35378507"", ""35378507"")",0.47540983606557385
"=HYPERLINK(""https://stackoverflow.com/q/40391863"", ""40391863"")",0.4875621890547265
"=HYPERLINK(""https://stackoverflow.com/q/40605544"", ""40605544"")",0.41568627450980394
"=HYPERLINK(""https://stackoverflow.com/q/40907847"", ""40907847"")",0.33758865248226955
"=HYPERLINK(""https://stackoverflow.com/q/41348255"", ""41348255"")",0.32506887052341604
"=HYPERLINK(""https://stackoverflow.com/q/42837829"", ""42837829"")",0.3250000000000001
"=HYPERLINK(""https://stackoverflow.com/q/44495091"", ""44495091"")",0.2541106128550075
"=HYPERLINK(""https://stackoverflow.com/q/45808473"", ""45808473"")",0.47263681592039813
"=HYPERLINK(""https://stackoverflow.com/q/45930844"", ""45930844"")",0.4642857142857144
"=HYPERLINK(""https://stackoverflow.com/q/46124347"", ""46124347"")",0.31609195402298845
"=HYPERLINK(""https://stackoverflow.com/q/47387764"", ""47387764"")",0.3619047619047619
"=HYPERLINK(""https://stackoverflow.com/q/48212028"", ""48212028"")",0.44186046511627913
"=HYPERLINK(""https://stackoverflow.com/q/48288843"", ""48288843"")",0.5649717514124295
"=HYPERLINK(""https://stackoverflow.com/q/48310237"", ""48310237"")",0.48571428571428577
"=HYPERLINK(""https://stackoverflow.com/q/48365866"", ""48365866"")",0.3385146804835924
"=HYPERLINK(""https://stackoverflow.com/q/48374786"", ""48374786"")",0.4725274725274726
"=HYPERLINK(""https://stackoverflow.com/q/48375715"", ""48375715"")",0.2226832641770401
"=HYPERLINK(""https://stackoverflow.com/q/48398509"", ""48398509"")",0.6553672316384183
"=HYPERLINK(""https://stackoverflow.com/q/48438202"", ""48438202"")",0.4909909909909911
"=HYPERLINK(""https://stackoverflow.com/q/48507471"", ""48507471"")",0.30303030303030304
"=HYPERLINK(""https://stackoverflow.com/q/48525733"", ""48525733"")",0.5074626865671642
"=HYPERLINK(""https://stackoverflow.com/q/48537811"", ""48537811"")",0.4925373134328359
"=HYPERLINK(""https://stackoverflow.com/q/48558057"", ""48558057"")",0.5761904761904764
"=HYPERLINK(""https://stackoverflow.com/q/48640599"", ""48640599"")",0.4836879432624114
"=HYPERLINK(""https://stackoverflow.com/q/48706347"", ""48706347"")",0.3974358974358975
"=HYPERLINK(""https://stackoverflow.com/q/48774210"", ""48774210"")",0.47169811320754723
"=HYPERLINK(""https://stackoverflow.com/q/48985905"", ""48985905"")",0.48427672955974843
"=HYPERLINK(""https://stackoverflow.com/q/49006174"", ""49006174"")",0.5328638497652582
"=HYPERLINK(""https://stackoverflow.com/q/49218305"", ""49218305"")",0.4527363184079602
"=HYPERLINK(""https://stackoverflow.com/q/49219373"", ""49219373"")",0.48484848484848486
"=HYPERLINK(""https://stackoverflow.com/q/49303648"", ""49303648"")",0.3607305936073059
"=HYPERLINK(""https://stackoverflow.com/q/49372161"", ""49372161"")",0.3475177304964539
"=HYPERLINK(""https://stackoverflow.com/q/49422065"", ""49422065"")",0.44360902255639106
"=HYPERLINK(""https://stackoverflow.com/q/49426248"", ""49426248"")",0.6477987421383647
"=HYPERLINK(""https://stackoverflow.com/q/49438903"", ""49438903"")",0.5637254901960785
"=HYPERLINK(""https://stackoverflow.com/q/49491562"", ""49491562"")",0.4404145077720206
"=HYPERLINK(""https://stackoverflow.com/q/49545051"", ""49545051"")",0.42957746478873243
"=HYPERLINK(""https://stackoverflow.com/q/49581156"", ""49581156"")",0.5174953959484346
"=HYPERLINK(""https://stackoverflow.com/q/49655133"", ""49655133"")",0.7151515151515152
"=HYPERLINK(""https://stackoverflow.com/q/49658834"", ""49658834"")",0.642857142857143
"=HYPERLINK(""https://stackoverflow.com/q/49675637"", ""49675637"")",0.6323024054982819
"=HYPERLINK(""https://stackoverflow.com/q/49772344"", ""49772344"")",0.5460992907801419
"=HYPERLINK(""https://stackoverflow.com/q/49775557"", ""49775557"")",0.7066666666666668
"=HYPERLINK(""https://stackoverflow.com/q/50035628"", ""50035628"")",0.2751615881809788
"=HYPERLINK(""https://stackoverflow.com/q/50041176"", ""50041176"")",0.5333333333333333
"=HYPERLINK(""https://stackoverflow.com/q/50047551"", ""50047551"")",0.5633802816901409
"=HYPERLINK(""https://stackoverflow.com/q/50049928"", ""50049928"")",0.5904059040590406
"=HYPERLINK(""https://stackoverflow.com/q/50068941"", ""50068941"")",0.30333333333333334
"=HYPERLINK(""https://stackoverflow.com/q/50241771"", ""50241771"")",0.5622119815668205
"=HYPERLINK(""https://stackoverflow.com/q/50253681"", ""50253681"")",0.3928571428571429
"=HYPERLINK(""https://stackoverflow.com/q/50281188"", ""50281188"")",0.4280821917808219
"=HYPERLINK(""https://stackoverflow.com/q/50334735"", ""50334735"")",0.49789029535864976
"=HYPERLINK(""https://stackoverflow.com/q/50572300"", ""50572300"")",0.3220973782771537
"=HYPERLINK(""https://stackoverflow.com/q/50642358"", ""50642358"")",0.25196850393700787
"=HYPERLINK(""https://stackoverflow.com/q/50675708"", ""50675708"")",0.5281124497991967
"=HYPERLINK(""https://stackoverflow.com/q/50871651"", ""50871651"")",0.39269406392694056
"=HYPERLINK(""https://stackoverflow.com/q/50924494"", ""50924494"")",0.2465753424657534
"=HYPERLINK(""https://stackoverflow.com/q/50928040"", ""50928040"")",0.5459770114942529
"=HYPERLINK(""https://stackoverflow.com/q/50985138"", ""50985138"")",0.2622950819672131
"=HYPERLINK(""https://stackoverflow.com/q/51127685"", ""51127685"")",0.5040650406504066
"=HYPERLINK(""https://stackoverflow.com/q/51169661"", ""51169661"")",0.37719298245614036
"=HYPERLINK(""https://stackoverflow.com/q/51183169"", ""51183169"")",0.4108527131782945
"=HYPERLINK(""https://stackoverflow.com/q/51198775"", ""51198775"")",0.34265010351966874
"=HYPERLINK(""https://stackoverflow.com/q/51305956"", ""51305956"")",0.478494623655914
"=HYPERLINK(""https://stackoverflow.com/q/51332898"", ""51332898"")",0.46
"=HYPERLINK(""https://stackoverflow.com/q/51333159"", ""51333159"")",0.41823899371069184
"=HYPERLINK(""https://stackoverflow.com/q/51365850"", ""51365850"")",0.7363184079601992
"=HYPERLINK(""https://stackoverflow.com/q/51368583"", ""51368583"")",0.7017543859649122
"=HYPERLINK(""https://stackoverflow.com/q/51390606"", ""51390606"")",0.3636363636363636
"=HYPERLINK(""https://stackoverflow.com/q/51430151"", ""51430151"")",0.3285714285714286
"=HYPERLINK(""https://stackoverflow.com/q/51517103"", ""51517103"")",0.46226415094339623
"=HYPERLINK(""https://stackoverflow.com/q/51604901"", ""51604901"")",0.44329896907216504
"=HYPERLINK(""https://stackoverflow.com/q/51698373"", ""51698373"")",0.28871391076115477
"=HYPERLINK(""https://stackoverflow.com/q/51725489"", ""51725489"")",0.46190476190476193
"=HYPERLINK(""https://stackoverflow.com/q/51778200"", ""51778200"")",0.5412844036697247
"=HYPERLINK(""https://stackoverflow.com/q/51792005"", ""51792005"")",0.3396226415094339
"=HYPERLINK(""https://stackoverflow.com/q/51817494"", ""51817494"")",0.3817204301075269
"=HYPERLINK(""https://stackoverflow.com/q/51851916"", ""51851916"")",0.25133689839572204
"=HYPERLINK(""https://stackoverflow.com/q/51854490"", ""51854490"")",0.5045871559633028
"=HYPERLINK(""https://stackoverflow.com/q/51938849"", ""51938849"")",0.33111849390919157
"=HYPERLINK(""https://stackoverflow.com/q/52070950"", ""52070950"")",0.29879101899827293
"=HYPERLINK(""https://stackoverflow.com/q/52100549"", ""52100549"")",0.3693502824858757
"=HYPERLINK(""https://stackoverflow.com/q/52208668"", ""52208668"")",0.6963562753036436
"=HYPERLINK(""https://stackoverflow.com/q/52244963"", ""52244963"")",0.47701149425287354
"=HYPERLINK(""https://stackoverflow.com/q/52251328"", ""52251328"")",0.27814569536423844
"=HYPERLINK(""https://stackoverflow.com/q/52298858"", ""52298858"")",0.37421383647798734
"=HYPERLINK(""https://stackoverflow.com/q/52404879"", ""52404879"")",0.35170603674540685
"=HYPERLINK(""https://stackoverflow.com/q/52437543"", ""52437543"")",0.24615384615384617
"=HYPERLINK(""https://stackoverflow.com/q/52437599"", ""52437599"")",0.3963254593175853
"=HYPERLINK(""https://stackoverflow.com/q/52528611"", ""52528611"")",0.3508771929824561
"=HYPERLINK(""https://stackoverflow.com/q/52533975"", ""52533975"")",0.4076190476190476
"=HYPERLINK(""https://stackoverflow.com/q/52547276"", ""52547276"")",0.36969696969696964
"=HYPERLINK(""https://stackoverflow.com/q/52549626"", ""52549626"")",0.4015151515151515
"=HYPERLINK(""https://stackoverflow.com/q/52588354"", ""52588354"")",0.3072463768115942
"=HYPERLINK(""https://stackoverflow.com/q/52632388"", ""52632388"")",0.6071428571428572
"=HYPERLINK(""https://stackoverflow.com/q/52634226"", ""52634226"")",0.5841924398625431
"=HYPERLINK(""https://stackoverflow.com/q/52649085"", ""52649085"")",0.43285939968404424
"=HYPERLINK(""https://stackoverflow.com/q/52672171"", ""52672171"")",0.5094339622641509
"=HYPERLINK(""https://stackoverflow.com/q/52760539"", ""52760539"")",0.5672043010752689
"=HYPERLINK(""https://stackoverflow.com/q/52837924"", ""52837924"")",0.6190476190476192
"=HYPERLINK(""https://stackoverflow.com/q/52847777"", ""52847777"")",0.39950980392156876
"=HYPERLINK(""https://stackoverflow.com/q/52857309"", ""52857309"")",0.42951251646903815
"=HYPERLINK(""https://stackoverflow.com/q/52857557"", ""52857557"")",0.4532374100719426
"=HYPERLINK(""https://stackoverflow.com/q/52880659"", ""52880659"")",0.29980276134122297
"=HYPERLINK(""https://stackoverflow.com/q/52889337"", ""52889337"")",0.48226950354609927
"=HYPERLINK(""https://stackoverflow.com/q/52940136"", ""52940136"")",0.629032258064516
"=HYPERLINK(""https://stackoverflow.com/q/52948351"", ""52948351"")",0.4764011799410029
"=HYPERLINK(""https://stackoverflow.com/q/53063492"", ""53063492"")",0.5380577427821522
"=HYPERLINK(""https://stackoverflow.com/q/53087851"", ""53087851"")",0.3897849462365592
"=HYPERLINK(""https://stackoverflow.com/q/53137133"", ""53137133"")",0.3603603603603604
"=HYPERLINK(""https://stackoverflow.com/q/53165953"", ""53165953"")",0.5735294117647061
"=HYPERLINK(""https://stackoverflow.com/q/53182436"", ""53182436"")",0.2624113475177305
"=HYPERLINK(""https://stackoverflow.com/q/53213223"", ""53213223"")",0.32212885154061627
"=HYPERLINK(""https://stackoverflow.com/q/53405502"", ""53405502"")",0.6093749999999999
"=HYPERLINK(""https://stackoverflow.com/q/53408927"", ""53408927"")",0.5735930735930737
"=HYPERLINK(""https://stackoverflow.com/q/53486118"", ""53486118"")",0.415977961432507
"=HYPERLINK(""https://stackoverflow.com/q/53488870"", ""53488870"")",0.39201303993480047
"=HYPERLINK(""https://stackoverflow.com/q/53533434"", ""53533434"")",0.6824146981627297
"=HYPERLINK(""https://stackoverflow.com/q/53595157"", ""53595157"")",0.3358974358974359
"=HYPERLINK(""https://stackoverflow.com/q/53640440"", ""53640440"")",0.4736842105263158
"=HYPERLINK(""https://stackoverflow.com/q/53717800"", ""53717800"")",0.416206261510129
"=HYPERLINK(""https://stackoverflow.com/q/53749877"", ""53749877"")",0.3929824561403508
"=HYPERLINK(""https://stackoverflow.com/q/53836759"", ""53836759"")",0.5843373493975903
"=HYPERLINK(""https://stackoverflow.com/q/53879540"", ""53879540"")",0.4022038567493114
"=HYPERLINK(""https://stackoverflow.com/q/53921454"", ""53921454"")",0.6178343949044585
"=HYPERLINK(""https://stackoverflow.com/q/53962146"", ""53962146"")",0.6977547495682211
"=HYPERLINK(""https://stackoverflow.com/q/54034172"", ""54034172"")",0.4474637681159421
"=HYPERLINK(""https://stackoverflow.com/q/54045667"", ""54045667"")",0.6071428571428572
"=HYPERLINK(""https://stackoverflow.com/q/54090270"", ""54090270"")",0.5232558139534883
"=HYPERLINK(""https://stackoverflow.com/q/54095577"", ""54095577"")",0.5400843881856541
"=HYPERLINK(""https://stackoverflow.com/q/54099974"", ""54099974"")",0.2619047619047619
"=HYPERLINK(""https://stackoverflow.com/q/54101524"", ""54101524"")",0.5764411027568922
"=HYPERLINK(""https://stackoverflow.com/q/54120240"", ""54120240"")",0.5979166666666668
"=HYPERLINK(""https://stackoverflow.com/q/54134210"", ""54134210"")",0.4787234042553191
"=HYPERLINK(""https://stackoverflow.com/q/54145693"", ""54145693"")",0.7333333333333335
"=HYPERLINK(""https://stackoverflow.com/q/54154455"", ""54154455"")",0.5044563279857398
"=HYPERLINK(""https://stackoverflow.com/q/54171261"", ""54171261"")",0.47016011644832606
"=HYPERLINK(""https://stackoverflow.com/q/54216721"", ""54216721"")",0.48511904761904767
"=HYPERLINK(""https://stackoverflow.com/q/54216797"", ""54216797"")",0.3653566229985445
"=HYPERLINK(""https://stackoverflow.com/q/54224934"", ""54224934"")",0.5524861878453039
"=HYPERLINK(""https://stackoverflow.com/q/54228753"", ""54228753"")",0.5594059405940595
"=HYPERLINK(""https://stackoverflow.com/q/54233836"", ""54233836"")",0.48623853211009177
"=HYPERLINK(""https://stackoverflow.com/q/54268970"", ""54268970"")",0.23958333333333334
"=HYPERLINK(""https://stackoverflow.com/q/54269635"", ""54269635"")",0.5318181818181817
"=HYPERLINK(""https://stackoverflow.com/q/54281805"", ""54281805"")",0.45057471264367815
"=HYPERLINK(""https://stackoverflow.com/q/54288886"", ""54288886"")",0.5781249999999999
"=HYPERLINK(""https://stackoverflow.com/q/54295445"", ""54295445"")",0.5412844036697249
"=HYPERLINK(""https://stackoverflow.com/q/54314876"", ""54314876"")",0.5597147950089126
"=HYPERLINK(""https://stackoverflow.com/q/54333833"", ""54333833"")",0.41843971631205684
"=HYPERLINK(""https://stackoverflow.com/q/54341488"", ""54341488"")",0.5797101449275363
"=HYPERLINK(""https://stackoverflow.com/q/54393158"", ""54393158"")",0.7077625570776256
"=HYPERLINK(""https://stackoverflow.com/q/54403302"", ""54403302"")",0.6298850574712643
"=HYPERLINK(""https://stackoverflow.com/q/54432761"", ""54432761"")",0.52757793764988
"=HYPERLINK(""https://stackoverflow.com/q/54446584"", ""54446584"")",0.3333333333333333
"=HYPERLINK(""https://stackoverflow.com/q/54462105"", ""54462105"")",0.5588235294117647
"=HYPERLINK(""https://stackoverflow.com/q/54465049"", ""54465049"")",0.25641025641025644
"=HYPERLINK(""https://stackoverflow.com/q/54476091"", ""54476091"")",0.4528301886792452
"=HYPERLINK(""https://stackoverflow.com/q/54480986"", ""54480986"")",0.49367088607594933
"=HYPERLINK(""https://stackoverflow.com/q/54485769"", ""54485769"")",0.505464480874317
"=HYPERLINK(""https://stackoverflow.com/q/54491965"", ""54491965"")",0.4189189189189189
"=HYPERLINK(""https://stackoverflow.com/q/54550248"", ""54550248"")",0.32506887052341604
"=HYPERLINK(""https://stackoverflow.com/q/54556605"", ""54556605"")",0.5089285714285715
"=HYPERLINK(""https://stackoverflow.com/q/54558832"", ""54558832"")",0.42261904761904767
"=HYPERLINK(""https://stackoverflow.com/q/54621379"", ""54621379"")",0.23300970873786414
"=HYPERLINK(""https://stackoverflow.com/q/54630690"", ""54630690"")",0.5047619047619047
"=HYPERLINK(""https://stackoverflow.com/q/54638364"", ""54638364"")",0.6483516483516485
"=HYPERLINK(""https://stackoverflow.com/q/54641105"", ""54641105"")",0.7198581560283688
"=HYPERLINK(""https://stackoverflow.com/q/54643081"", ""54643081"")",0.5043859649122808
"=HYPERLINK(""https://stackoverflow.com/q/54691487"", ""54691487"")",0.6102150537634409
"=HYPERLINK(""https://stackoverflow.com/q/54715601"", ""54715601"")",0.5159420289855073
"=HYPERLINK(""https://stackoverflow.com/q/54797698"", ""54797698"")",0.43971631205673756
"=HYPERLINK(""https://stackoverflow.com/q/54825390"", ""54825390"")",0.4470588235294119
"=HYPERLINK(""https://stackoverflow.com/q/54880241"", ""54880241"")",0.6411564625850341
"=HYPERLINK(""https://stackoverflow.com/q/54916866"", ""54916866"")",0.7610062893081762
"=HYPERLINK(""https://stackoverflow.com/q/54923674"", ""54923674"")",0.4694280078895463
"=HYPERLINK(""https://stackoverflow.com/q/54924835"", ""54924835"")",0.5092250922509225
"=HYPERLINK(""https://stackoverflow.com/q/54925536"", ""54925536"")",0.3478260869565218
"=HYPERLINK(""https://stackoverflow.com/q/54965659"", ""54965659"")",0.3584905660377358
"=HYPERLINK(""https://stackoverflow.com/q/55257580"", ""55257580"")",0.2435897435897436
"=HYPERLINK(""https://stackoverflow.com/q/55295692"", ""55295692"")",0.6601941747572815
"=HYPERLINK(""https://stackoverflow.com/q/55383928"", ""55383928"")",0.32489451476793246
"=HYPERLINK(""https://stackoverflow.com/q/55386981"", ""55386981"")",0.7568922305764411
"=HYPERLINK(""https://stackoverflow.com/q/55402004"", ""55402004"")",0.5714285714285715
"=HYPERLINK(""https://stackoverflow.com/q/55549880"", ""55549880"")",0.7796143250688707
"=HYPERLINK(""https://stackoverflow.com/q/55621967"", ""55621967"")",0.3413978494623657
"=HYPERLINK(""https://stackoverflow.com/q/55730083"", ""55730083"")",0.3513513513513514
"=HYPERLINK(""https://stackoverflow.com/q/55762560"", ""55762560"")",0.4476190476190476
"=HYPERLINK(""https://stackoverflow.com/q/55787726"", ""55787726"")",0.4862623120787973
"=HYPERLINK(""https://stackoverflow.com/q/55790422"", ""55790422"")",0.4606060606060606
"=HYPERLINK(""https://stackoverflow.com/q/55791047"", ""55791047"")",0.37086092715231794
"=HYPERLINK(""https://stackoverflow.com/q/55892554"", ""55892554"")",0.41125541125541126
"=HYPERLINK(""https://stackoverflow.com/q/55931620"", ""55931620"")",0.3779527559055118
"=HYPERLINK(""https://stackoverflow.com/q/55948882"", ""55948882"")",0.7920489296636084
"=HYPERLINK(""https://stackoverflow.com/q/55963969"", ""55963969"")",0.5113636363636364
"=HYPERLINK(""https://stackoverflow.com/q/55964972"", ""55964972"")",0.5116279069767443
"=HYPERLINK(""https://stackoverflow.com/q/56010337"", ""56010337"")",0.7456140350877193
"=HYPERLINK(""https://stackoverflow.com/q/56027937"", ""56027937"")",0.6553030303030303
"=HYPERLINK(""https://stackoverflow.com/q/56046428"", ""56046428"")",0.3411764705882353
"=HYPERLINK(""https://stackoverflow.com/q/56078562"", ""56078562"")",0.34703196347031967
"=HYPERLINK(""https://stackoverflow.com/q/56202697"", ""56202697"")",0.47887323943661975
"=HYPERLINK(""https://stackoverflow.com/q/56229207"", ""56229207"")",0.2769607843137255
"=HYPERLINK(""https://stackoverflow.com/q/56255154"", ""56255154"")",0.5871559633027522
"=HYPERLINK(""https://stackoverflow.com/q/56308169"", ""56308169"")",0.6620689655172415
"=HYPERLINK(""https://stackoverflow.com/q/56353814"", ""56353814"")",0.3693181818181817
"=HYPERLINK(""https://stackoverflow.com/q/56365832"", ""56365832"")",0.5836791147994467
"=HYPERLINK(""https://stackoverflow.com/q/56382712"", ""56382712"")",0.4356060606060605
"=HYPERLINK(""https://stackoverflow.com/q/56411563"", ""56411563"")",0.54
"=HYPERLINK(""https://stackoverflow.com/q/56422325"", ""56422325"")",0.3015350877192982
"=HYPERLINK(""https://stackoverflow.com/q/56437054"", ""56437054"")",0.49523809523809537
"=HYPERLINK(""https://stackoverflow.com/q/56465660"", ""56465660"")",0.45954692556634313
"=HYPERLINK(""https://stackoverflow.com/q/56467434"", ""56467434"")",0.6777163904235728
"=HYPERLINK(""https://stackoverflow.com/q/56469341"", ""56469341"")",0.2877192982456141
"=HYPERLINK(""https://stackoverflow.com/q/56482322"", ""56482322"")",0.746177370030581
"=HYPERLINK(""https://stackoverflow.com/q/56500704"", ""56500704"")",0.7412935323383086
"=HYPERLINK(""https://stackoverflow.com/q/56517949"", ""56517949"")",0.449404761904762
"=HYPERLINK(""https://stackoverflow.com/q/56558552"", ""56558552"")",0.5181347150259067
"=HYPERLINK(""https://stackoverflow.com/q/56569605"", ""56569605"")",0.5089285714285715
"=HYPERLINK(""https://stackoverflow.com/q/56625519"", ""56625519"")",0.5077720207253886
"=HYPERLINK(""https://stackoverflow.com/q/56648018"", ""56648018"")",0.3879781420765027
"=HYPERLINK(""https://stackoverflow.com/q/56705467"", ""56705467"")",0.3468468468468469
"=HYPERLINK(""https://stackoverflow.com/q/56706249"", ""56706249"")",0.4604316546762591
"=HYPERLINK(""https://stackoverflow.com/q/56728230"", ""56728230"")",0.44961240310077527
"=HYPERLINK(""https://stackoverflow.com/q/56740609"", ""56740609"")",0.3989501312335958
"=HYPERLINK(""https://stackoverflow.com/q/56740984"", ""56740984"")",0.33573141486810554
"=HYPERLINK(""https://stackoverflow.com/q/56771758"", ""56771758"")",0.5254237288135596
"=HYPERLINK(""https://stackoverflow.com/q/56773989"", ""56773989"")",0.5907172995780591
"=HYPERLINK(""https://stackoverflow.com/q/56798056"", ""56798056"")",0.7330873308733086
"=HYPERLINK(""https://stackoverflow.com/q/56818280"", ""56818280"")",0.6029723991507431
"=HYPERLINK(""https://stackoverflow.com/q/56842056"", ""56842056"")",0.7370184254606367
"=HYPERLINK(""https://stackoverflow.com/q/56853463"", ""56853463"")",0.5200000000000001
"=HYPERLINK(""https://stackoverflow.com/q/56854482"", ""56854482"")",0.20977011494252878
"=HYPERLINK(""https://stackoverflow.com/q/56855618"", ""56855618"")",0.41212121212121205
"=HYPERLINK(""https://stackoverflow.com/q/56873573"", ""56873573"")",0.7579908675799086
"=HYPERLINK(""https://stackoverflow.com/q/56882520"", ""56882520"")",0.261904761904762
"=HYPERLINK(""https://stackoverflow.com/q/56927813"", ""56927813"")",0.6791979949874688
"=HYPERLINK(""https://stackoverflow.com/q/56973431"", ""56973431"")",0.6460176991150444
"=HYPERLINK(""https://stackoverflow.com/q/56980928"", ""56980928"")",0.6499068901303537
"=HYPERLINK(""https://stackoverflow.com/q/57027808"", ""57027808"")",0.33333333333333337
"=HYPERLINK(""https://stackoverflow.com/q/57032344"", ""57032344"")",0.26139088729016785
"=HYPERLINK(""https://stackoverflow.com/q/57059484"", ""57059484"")",0.5114155251141552
"=HYPERLINK(""https://stackoverflow.com/q/57141552"", ""57141552"")",0.6198347107438018
"=HYPERLINK(""https://stackoverflow.com/q/57151638"", ""57151638"")",0.2389558232931727
"=HYPERLINK(""https://stackoverflow.com/q/57164290"", ""57164290"")",0.6426116838487974
"=HYPERLINK(""https://stackoverflow.com/q/57172147"", ""57172147"")",0.6347031963470319
"=HYPERLINK(""https://stackoverflow.com/q/57174170"", ""57174170"")",0.4274509803921569
"=HYPERLINK(""https://stackoverflow.com/q/57189292"", ""57189292"")",0.35849056603773594
"=HYPERLINK(""https://stackoverflow.com/q/57243583"", ""57243583"")",0.33982683982683987
"=HYPERLINK(""https://stackoverflow.com/q/57264834"", ""57264834"")",0.48511904761904767
"=HYPERLINK(""https://stackoverflow.com/q/57347824"", ""57347824"")",0.6645435244161358
"=HYPERLINK(""https://stackoverflow.com/q/57371899"", ""57371899"")",0.5105263157894736
"=HYPERLINK(""https://stackoverflow.com/q/57379173"", ""57379173"")",0.42559523809523814
"=HYPERLINK(""https://stackoverflow.com/q/57396212"", ""57396212"")",0.4426229508196722
"=HYPERLINK(""https://stackoverflow.com/q/57397505"", ""57397505"")",0.25276461295418645
"=HYPERLINK(""https://stackoverflow.com/q/57403510"", ""57403510"")",0.44354838709677424
"=HYPERLINK(""https://stackoverflow.com/q/57405022"", ""57405022"")",0.3333333333333334
"=HYPERLINK(""https://stackoverflow.com/q/57420788"", ""57420788"")",0.26530612244897955
"=HYPERLINK(""https://stackoverflow.com/q/57422221"", ""57422221"")",0.4010416666666667
"=HYPERLINK(""https://stackoverflow.com/q/57462973"", ""57462973"")",0.45588235294117657
"=HYPERLINK(""https://stackoverflow.com/q/57485064"", ""57485064"")",0.5818181818181818
"=HYPERLINK(""https://stackoverflow.com/q/57500105"", ""57500105"")",0.5824175824175826
"=HYPERLINK(""https://stackoverflow.com/q/57501210"", ""57501210"")",0.4438305709023942
"=HYPERLINK(""https://stackoverflow.com/q/57507210"", ""57507210"")",0.5638629283489095
"=HYPERLINK(""https://stackoverflow.com/q/57522553"", ""57522553"")",0.4692307692307693
"=HYPERLINK(""https://stackoverflow.com/q/57524878"", ""57524878"")",0.4158415841584158
"=HYPERLINK(""https://stackoverflow.com/q/57544237"", ""57544237"")",0.5131086142322098
"=HYPERLINK(""https://stackoverflow.com/q/57547110"", ""57547110"")",0.6551326412918108
"=HYPERLINK(""https://stackoverflow.com/q/57604157"", ""57604157"")",0.8464730290456431
"=HYPERLINK(""https://stackoverflow.com/q/57622122"", ""57622122"")",0.43227326266195515
"=HYPERLINK(""https://stackoverflow.com/q/57646477"", ""57646477"")",0.4018264840182649
"=HYPERLINK(""https://stackoverflow.com/q/57666735"", ""57666735"")",0.52
"=HYPERLINK(""https://stackoverflow.com/q/57690003"", ""57690003"")",0.5430894308943089
"=HYPERLINK(""https://stackoverflow.com/q/57691552"", ""57691552"")",0.2238267148014441
"=HYPERLINK(""https://stackoverflow.com/q/57706246"", ""57706246"")",0.4149659863945578
"=HYPERLINK(""https://stackoverflow.com/q/57724414"", ""57724414"")",0.3847352024922119
"=HYPERLINK(""https://stackoverflow.com/q/57730978"", ""57730978"")",0.6091445427728613
"=HYPERLINK(""https://stackoverflow.com/q/57767899"", ""57767899"")",0.632286995515695
"=HYPERLINK(""https://stackoverflow.com/q/57772626"", ""57772626"")",0.6011904761904763
"=HYPERLINK(""https://stackoverflow.com/q/57858737"", ""57858737"")",0.4782096584216725
"=HYPERLINK(""https://stackoverflow.com/q/57908395"", ""57908395"")",0.5847619047619048
"=HYPERLINK(""https://stackoverflow.com/q/57910952"", ""57910952"")",0.38000000000000006
"=HYPERLINK(""https://stackoverflow.com/q/57917437"", ""57917437"")",0.3475177304964539
"=HYPERLINK(""https://stackoverflow.com/q/57946451"", ""57946451"")",0.6373873873873873
"=HYPERLINK(""https://stackoverflow.com/q/57966245"", ""57966245"")",0.3277153558052435
"=HYPERLINK(""https://stackoverflow.com/q/58016791"", ""58016791"")",0.331002331002331
"=HYPERLINK(""https://stackoverflow.com/q/58166503"", ""58166503"")",0.4657534246575342
"=HYPERLINK(""https://stackoverflow.com/q/58177548"", ""58177548"")",0.32612312811980027
"=HYPERLINK(""https://stackoverflow.com/q/58292566"", ""58292566"")",0.39482200647249194
"=HYPERLINK(""https://stackoverflow.com/q/58320938"", ""58320938"")",0.28698752228164004
"=HYPERLINK(""https://stackoverflow.com/q/58327215"", ""58327215"")",0.5378323108384457
"=HYPERLINK(""https://stackoverflow.com/q/58365554"", ""58365554"")",0.3584905660377358
"=HYPERLINK(""https://stackoverflow.com/q/58400838"", ""58400838"")",0.6227272727272727
"=HYPERLINK(""https://stackoverflow.com/q/58410362"", ""58410362"")",0.41774891774891776
"=HYPERLINK(""https://stackoverflow.com/q/58558155"", ""58558155"")",0.46575342465753417
"=HYPERLINK(""https://stackoverflow.com/q/58601697"", ""58601697"")",0.3363636363636363
"=HYPERLINK(""https://stackoverflow.com/q/58601802"", ""58601802"")",0.48057259713701433
"=HYPERLINK(""https://stackoverflow.com/q/58655148"", ""58655148"")",0.3216080402010051
"=HYPERLINK(""https://stackoverflow.com/q/58735009"", ""58735009"")",0.25790754257907544
"=HYPERLINK(""https://stackoverflow.com/q/58802366"", ""58802366"")",0.3365695792880259
"=HYPERLINK(""https://stackoverflow.com/q/58815367"", ""58815367"")",0.441786283891547
"=HYPERLINK(""https://stackoverflow.com/q/58879596"", ""58879596"")",0.4170616113744075
"=HYPERLINK(""https://stackoverflow.com/q/58885873"", ""58885873"")",0.5736434108527132
"=HYPERLINK(""https://stackoverflow.com/q/58918995"", ""58918995"")",0.3731884057971015
"=HYPERLINK(""https://stackoverflow.com/q/58926337"", ""58926337"")",0.3838951310861423
"=HYPERLINK(""https://stackoverflow.com/q/58943117"", ""58943117"")",0.2760736196319019
"=HYPERLINK(""https://stackoverflow.com/q/58953540"", ""58953540"")",0.4921985815602837
"=HYPERLINK(""https://stackoverflow.com/q/58985124"", ""58985124"")",0.5913978494623655
"=HYPERLINK(""https://stackoverflow.com/q/58989610"", ""58989610"")",0.519298245614035
"=HYPERLINK(""https://stackoverflow.com/q/59000779"", ""59000779"")",0.507057546145494
"=HYPERLINK(""https://stackoverflow.com/q/59020666"", ""59020666"")",0.6298701298701299
"=HYPERLINK(""https://stackoverflow.com/q/59088199"", ""59088199"")",0.6097560975609756
"=HYPERLINK(""https://stackoverflow.com/q/59091944"", ""59091944"")",0.6533333333333334
"=HYPERLINK(""https://stackoverflow.com/q/59150100"", ""59150100"")",0.5960784313725491
"=HYPERLINK(""https://stackoverflow.com/q/59176241"", ""59176241"")",0.38557213930348255
"=HYPERLINK(""https://stackoverflow.com/q/59177264"", ""59177264"")",0.4623115577889447
"=HYPERLINK(""https://stackoverflow.com/q/59202898"", ""59202898"")",0.48305084745762716
"=HYPERLINK(""https://stackoverflow.com/q/59235493"", ""59235493"")",0.403735632183908
"=HYPERLINK(""https://stackoverflow.com/q/59238265"", ""59238265"")",0.4018264840182648
"=HYPERLINK(""https://stackoverflow.com/q/59244786"", ""59244786"")",0.7889908256880734
"=HYPERLINK(""https://stackoverflow.com/q/59258580"", ""59258580"")",0.22505307855626328
"=HYPERLINK(""https://stackoverflow.com/q/59265637"", ""59265637"")",0.5892857142857144
"=HYPERLINK(""https://stackoverflow.com/q/59301161"", ""59301161"")",0.6259097525473071
"=HYPERLINK(""https://stackoverflow.com/q/59316647"", ""59316647"")",0.5540838852097131
"=HYPERLINK(""https://stackoverflow.com/q/59373141"", ""59373141"")",0.372093023255814
"=HYPERLINK(""https://stackoverflow.com/q/59379081"", ""59379081"")",0.39716312056737585
"=HYPERLINK(""https://stackoverflow.com/q/59380426"", ""59380426"")",0.4320241691842901
"=HYPERLINK(""https://stackoverflow.com/q/59394234"", ""59394234"")",0.5449275362318841
"=HYPERLINK(""https://stackoverflow.com/q/59398010"", ""59398010"")",0.5374531835205992
"=HYPERLINK(""https://stackoverflow.com/q/59421569"", ""59421569"")",0.36764705882352944
"=HYPERLINK(""https://stackoverflow.com/q/59443134"", ""59443134"")",0.3365695792880259
"=HYPERLINK(""https://stackoverflow.com/q/59446807"", ""59446807"")",0.36879432624113473
"=HYPERLINK(""https://stackoverflow.com/q/59453370"", ""59453370"")",0.3481953290870488
"=HYPERLINK(""https://stackoverflow.com/q/59459907"", ""59459907"")",0.5377358490566038
"=HYPERLINK(""https://stackoverflow.com/q/59462107"", ""59462107"")",0.39919678714859447
"=HYPERLINK(""https://stackoverflow.com/q/59500449"", ""59500449"")",0.462809917355372
"=HYPERLINK(""https://stackoverflow.com/q/59516365"", ""59516365"")",0.3881856540084388
"=HYPERLINK(""https://stackoverflow.com/q/59533584"", ""59533584"")",0.5513784461152883
"=HYPERLINK(""https://stackoverflow.com/q/59548385"", ""59548385"")",0.3291839557399724
"=HYPERLINK(""https://stackoverflow.com/q/59565483"", ""59565483"")",0.4605809128630706
"=HYPERLINK(""https://stackoverflow.com/q/59577076"", ""59577076"")",0.597378277153558
"=HYPERLINK(""https://stackoverflow.com/q/59577521"", ""59577521"")",0.5686274509803924
"=HYPERLINK(""https://stackoverflow.com/q/59615549"", ""59615549"")",0.3272727272727273
"=HYPERLINK(""https://stackoverflow.com/q/59648275"", ""59648275"")",0.40914560770156433
"=HYPERLINK(""https://stackoverflow.com/q/59649234"", ""59649234"")",0.48504983388704326
"=HYPERLINK(""https://stackoverflow.com/q/59678740"", ""59678740"")",0.5498281786941581
"=HYPERLINK(""https://stackoverflow.com/q/59679192"", ""59679192"")",0.6489361702127661
"=HYPERLINK(""https://stackoverflow.com/q/59684156"", ""59684156"")",0.41287878787878796
"=HYPERLINK(""https://stackoverflow.com/q/59689881"", ""59689881"")",0.32658569500674767
"=HYPERLINK(""https://stackoverflow.com/q/59740385"", ""59740385"")",0.33017377567140604
"=HYPERLINK(""https://stackoverflow.com/q/59773503"", ""59773503"")",0.2848837209302325
"=HYPERLINK(""https://stackoverflow.com/q/59801874"", ""59801874"")",0.4047619047619049
"=HYPERLINK(""https://stackoverflow.com/q/59864823"", ""59864823"")",0.3197740112994349
"=HYPERLINK(""https://stackoverflow.com/q/59882941"", ""59882941"")",0.4703476482617586
"=HYPERLINK(""https://stackoverflow.com/q/59884928"", ""59884928"")",0.3402061855670104
"=HYPERLINK(""https://stackoverflow.com/q/59890328"", ""59890328"")",0.48945147679324896
"=HYPERLINK(""https://stackoverflow.com/q/59921196"", ""59921196"")",0.8000000000000002
"=HYPERLINK(""https://stackoverflow.com/q/59983413"", ""59983413"")",0.5932203389830509
"=HYPERLINK(""https://stackoverflow.com/q/59988417"", ""59988417"")",0.5231788079470198
"=HYPERLINK(""https://stackoverflow.com/q/60015562"", ""60015562"")",0.49885057471264366
"=HYPERLINK(""https://stackoverflow.com/q/60046112"", ""60046112"")",0.4540441176470589
"=HYPERLINK(""https://stackoverflow.com/q/60055425"", ""60055425"")",0.44362745098039225
"=HYPERLINK(""https://stackoverflow.com/q/60067075"", ""60067075"")",0.3799126637554585
"=HYPERLINK(""https://stackoverflow.com/q/60082556"", ""60082556"")",0.4806201550387597
"=HYPERLINK(""https://stackoverflow.com/q/60084524"", ""60084524"")",0.47002398081534785
"=HYPERLINK(""https://stackoverflow.com/q/60103606"", ""60103606"")",0.34552845528455284
"=HYPERLINK(""https://stackoverflow.com/q/60154147"", ""60154147"")",0.5264367816091954
"=HYPERLINK(""https://stackoverflow.com/q/60157184"", ""60157184"")",0.34868421052631576
"=HYPERLINK(""https://stackoverflow.com/q/60163614"", ""60163614"")",0.5287878787878788
"=HYPERLINK(""https://stackoverflow.com/q/60174673"", ""60174673"")",0.38308457711442795
"=HYPERLINK(""https://stackoverflow.com/q/60183357"", ""60183357"")",0.35971223021582743
"=HYPERLINK(""https://stackoverflow.com/q/60190365"", ""60190365"")",0.44383057090239414
"=HYPERLINK(""https://stackoverflow.com/q/60197897"", ""60197897"")",0.4534313725490198
"=HYPERLINK(""https://stackoverflow.com/q/60217278"", ""60217278"")",0.43506493506493504
"=HYPERLINK(""https://stackoverflow.com/q/60310964"", ""60310964"")",0.46341463414634143
"=HYPERLINK(""https://stackoverflow.com/q/60346665"", ""60346665"")",0.5284974093264249
"=HYPERLINK(""https://stackoverflow.com/q/60369161"", ""60369161"")",0.6666666666666667
"=HYPERLINK(""https://stackoverflow.com/q/60370607"", ""60370607"")",0.21813725490196076
"=HYPERLINK(""https://stackoverflow.com/q/60396353"", ""60396353"")",0.44673539518900357
"=HYPERLINK(""https://stackoverflow.com/q/60405600"", ""60405600"")",0.7648648648648649
"=HYPERLINK(""https://stackoverflow.com/q/60421123"", ""60421123"")",0.5952380952380952
"=HYPERLINK(""https://stackoverflow.com/q/60529048"", ""60529048"")",0.5641025641025642
"=HYPERLINK(""https://stackoverflow.com/q/60535760"", ""60535760"")",0.4311926605504588
"=HYPERLINK(""https://stackoverflow.com/q/60567748"", ""60567748"")",0.694214876033058
"=HYPERLINK(""https://stackoverflow.com/q/60581982"", ""60581982"")",0.38320209973753283
"=HYPERLINK(""https://stackoverflow.com/q/60643094"", ""60643094"")",0.34020618556701043
"=HYPERLINK(""https://stackoverflow.com/q/60643966"", ""60643966"")",0.4748858447488585
"=HYPERLINK(""https://stackoverflow.com/q/60712225"", ""60712225"")",0.7106227106227108
"=HYPERLINK(""https://stackoverflow.com/q/60721954"", ""60721954"")",0.5382882882882882
"=HYPERLINK(""https://stackoverflow.com/q/60733257"", ""60733257"")",0.7236842105263158
"=HYPERLINK(""https://stackoverflow.com/q/60861374"", ""60861374"")",0.34234234234234234
"=HYPERLINK(""https://stackoverflow.com/q/60878273"", ""60878273"")",0.4820512820512821
"=HYPERLINK(""https://stackoverflow.com/q/60878381"", ""60878381"")",0.5060606060606061
"=HYPERLINK(""https://stackoverflow.com/q/60879944"", ""60879944"")",0.47929606625258797
"=HYPERLINK(""https://stackoverflow.com/q/60882362"", ""60882362"")",0.6734867860187553
"=HYPERLINK(""https://stackoverflow.com/q/60903256"", ""60903256"")",0.3941441441441441
"=HYPERLINK(""https://stackoverflow.com/q/60918535"", ""60918535"")",0.34821428571428575
"=HYPERLINK(""https://stackoverflow.com/q/60929678"", ""60929678"")",0.3979166666666667
"=HYPERLINK(""https://stackoverflow.com/q/60934522"", ""60934522"")",0.34599156118143465
"=HYPERLINK(""https://stackoverflow.com/q/60953289"", ""60953289"")",0.47337278106508873
"=HYPERLINK(""https://stackoverflow.com/q/60957084"", ""60957084"")",0.5149812734082396
"=HYPERLINK(""https://stackoverflow.com/q/61005505"", ""61005505"")",0.8312236286919832
"=HYPERLINK(""https://stackoverflow.com/q/61016793"", ""61016793"")",0.53125
"=HYPERLINK(""https://stackoverflow.com/q/61032148"", ""61032148"")",0.24224806201550392
"=HYPERLINK(""https://stackoverflow.com/q/61037520"", ""61037520"")",0.511844331641286
"=HYPERLINK(""https://stackoverflow.com/q/61052173"", ""61052173"")",0.3626373626373627
"=HYPERLINK(""https://stackoverflow.com/q/61074798"", ""61074798"")",0.49395509499136436
"=HYPERLINK(""https://stackoverflow.com/q/61076649"", ""61076649"")",0.3248826291079812
"=HYPERLINK(""https://stackoverflow.com/q/61077976"", ""61077976"")",0.4750000000000001
"=HYPERLINK(""https://stackoverflow.com/q/61103291"", ""61103291"")",0.4637681159420291
"=HYPERLINK(""https://stackoverflow.com/q/61165665"", ""61165665"")",0.45144356955380577
"=HYPERLINK(""https://stackoverflow.com/q/61225156"", ""61225156"")",0.47663551401869153
"=HYPERLINK(""https://stackoverflow.com/q/61248115"", ""61248115"")",0.519927536231884
"=HYPERLINK(""https://stackoverflow.com/q/61285248"", ""61285248"")",0.6426858513189448
"=HYPERLINK(""https://stackoverflow.com/q/61366474"", ""61366474"")",0.4201877934272301
"=HYPERLINK(""https://stackoverflow.com/q/61377643"", ""61377643"")",0.4982456140350877
"=HYPERLINK(""https://stackoverflow.com/q/61378823"", ""61378823"")",0.7801418439716312
"=HYPERLINK(""https://stackoverflow.com/q/61389632"", ""61389632"")",0.22780569514237864
"=HYPERLINK(""https://stackoverflow.com/q/61405962"", ""61405962"")",0.47522522522522526
"=HYPERLINK(""https://stackoverflow.com/q/61421738"", ""61421738"")",0.35220125786163525
"=HYPERLINK(""https://stackoverflow.com/q/61427094"", ""61427094"")",0.5116772823779194
"=HYPERLINK(""https://stackoverflow.com/q/61430301"", ""61430301"")",0.43307086614173224
"=HYPERLINK(""https://stackoverflow.com/q/61464960"", ""61464960"")",0.748587570621469
"=HYPERLINK(""https://stackoverflow.com/q/61566816"", ""61566816"")",0.29016786570743414
"=HYPERLINK(""https://stackoverflow.com/q/61613516"", ""61613516"")",0.434878587196468
"=HYPERLINK(""https://stackoverflow.com/q/61631687"", ""61631687"")",0.34880952380952385
"=HYPERLINK(""https://stackoverflow.com/q/61695856"", ""61695856"")",0.3529411764705883
"=HYPERLINK(""https://stackoverflow.com/q/61703174"", ""61703174"")",0.4621212121212121
"=HYPERLINK(""https://stackoverflow.com/q/61762078"", ""61762078"")",0.4633781763826607
"=HYPERLINK(""https://stackoverflow.com/q/61762950"", ""61762950"")",0.31955922865013775
"=HYPERLINK(""https://stackoverflow.com/q/61864510"", ""61864510"")",0.4724637681159421
"=HYPERLINK(""https://stackoverflow.com/q/61933975"", ""61933975"")",0.340880503144654
"=HYPERLINK(""https://stackoverflow.com/q/61938629"", ""61938629"")",0.253822629969419
"=HYPERLINK(""https://stackoverflow.com/q/61939275"", ""61939275"")",0.3529411764705883
"=HYPERLINK(""https://stackoverflow.com/q/61987233"", ""61987233"")",0.8446601941747571
"=HYPERLINK(""https://stackoverflow.com/q/62002183"", ""62002183"")",0.32003546099290775
"=HYPERLINK(""https://stackoverflow.com/q/62007961"", ""62007961"")",0.5559845559845561
"=HYPERLINK(""https://stackoverflow.com/q/62031956"", ""62031956"")",0.8341013824884793
"=HYPERLINK(""https://stackoverflow.com/q/62038211"", ""62038211"")",0.4220183486238533
"=HYPERLINK(""https://stackoverflow.com/q/62049681"", ""62049681"")",0.6000000000000001
"=HYPERLINK(""https://stackoverflow.com/q/62142825"", ""62142825"")",0.32420091324200917
"=HYPERLINK(""https://stackoverflow.com/q/62147371"", ""62147371"")",0.6528417818740401
"=HYPERLINK(""https://stackoverflow.com/q/62155269"", ""62155269"")",0.37532808398950135
"=HYPERLINK(""https://stackoverflow.com/q/62159580"", ""62159580"")",0.436
"=HYPERLINK(""https://stackoverflow.com/q/62170011"", ""62170011"")",0.28095238095238095
"=HYPERLINK(""https://stackoverflow.com/q/62215548"", ""62215548"")",0.6343537414965987
"=HYPERLINK(""https://stackoverflow.com/q/62263012"", ""62263012"")",0.37735849056603776
"=HYPERLINK(""https://stackoverflow.com/q/62306472"", ""62306472"")",0.4650537634408602
"=HYPERLINK(""https://stackoverflow.com/q/62320331"", ""62320331"")",0.5960264900662253
"=HYPERLINK(""https://stackoverflow.com/q/62355977"", ""62355977"")",0.24054982817869422
"=HYPERLINK(""https://stackoverflow.com/q/62410033"", ""62410033"")",0.5691056910569106
"=HYPERLINK(""https://stackoverflow.com/q/62415237"", ""62415237"")",0.549342105263158
"=HYPERLINK(""https://stackoverflow.com/q/62422682"", ""62422682"")",0.33457711442786076
"=HYPERLINK(""https://stackoverflow.com/q/62424208"", ""62424208"")",0.5275080906148867
"=HYPERLINK(""https://stackoverflow.com/q/62462790"", ""62462790"")",0.3143939393939394
"=HYPERLINK(""https://stackoverflow.com/q/62499878"", ""62499878"")",0.43495934959349597
"=HYPERLINK(""https://stackoverflow.com/q/62508695"", ""62508695"")",0.49649122807017537
"=HYPERLINK(""https://stackoverflow.com/q/62525490"", ""62525490"")",0.3487179487179488
"=HYPERLINK(""https://stackoverflow.com/q/62570883"", ""62570883"")",0.6864686468646866
"=HYPERLINK(""https://stackoverflow.com/q/62602435"", ""62602435"")",0.5187165775401069
"=HYPERLINK(""https://stackoverflow.com/q/62614143"", ""62614143"")",0.5971479500891266
"=HYPERLINK(""https://stackoverflow.com/q/62698608"", ""62698608"")",0.3108108108108108
"=HYPERLINK(""https://stackoverflow.com/q/62723416"", ""62723416"")",0.704337899543379
"=HYPERLINK(""https://stackoverflow.com/q/62737008"", ""62737008"")",0.3521505376344086
"=HYPERLINK(""https://stackoverflow.com/q/62744016"", ""62744016"")",0.5195402298850575
"=HYPERLINK(""https://stackoverflow.com/q/62754818"", ""62754818"")",0.29929078014184396
"=HYPERLINK(""https://stackoverflow.com/q/62777619"", ""62777619"")",0.3033175355450237
"=HYPERLINK(""https://stackoverflow.com/q/62813017"", ""62813017"")",0.5372670807453417
"=HYPERLINK(""https://stackoverflow.com/q/62844211"", ""62844211"")",0.4822695035460993
"=HYPERLINK(""https://stackoverflow.com/q/62856049"", ""62856049"")",0.26960784313725494
"=HYPERLINK(""https://stackoverflow.com/q/62866637"", ""62866637"")",0.5112612612612613
"=HYPERLINK(""https://stackoverflow.com/q/62889537"", ""62889537"")",0.6584216725559483
"=HYPERLINK(""https://stackoverflow.com/q/62927805"", ""62927805"")",0.3626943005181347
"=HYPERLINK(""https://stackoverflow.com/q/62938761"", ""62938761"")",0.4315476190476191
"=HYPERLINK(""https://stackoverflow.com/q/62962319"", ""62962319"")",0.7086614173228346
"=HYPERLINK(""https://stackoverflow.com/q/62975940"", ""62975940"")",0.380952380952381
"=HYPERLINK(""https://stackoverflow.com/q/62978658"", ""62978658"")",0.28571428571428575
"=HYPERLINK(""https://stackoverflow.com/q/62980380"", ""62980380"")",0.7095238095238096
"=HYPERLINK(""https://stackoverflow.com/q/62993397"", ""62993397"")",0.40433925049309666
"=HYPERLINK(""https://stackoverflow.com/q/62998763"", ""62998763"")",0.260752688172043
"=HYPERLINK(""https://stackoverflow.com/q/63000589"", ""63000589"")",0.5102564102564104
"=HYPERLINK(""https://stackoverflow.com/q/63008188"", ""63008188"")",0.47019867549668876
"=HYPERLINK(""https://stackoverflow.com/q/63096583"", ""63096583"")",0.3189448441247003
"=HYPERLINK(""https://stackoverflow.com/q/63114905"", ""63114905"")",0.5085714285714287
"=HYPERLINK(""https://stackoverflow.com/q/63116338"", ""63116338"")",0.4772727272727273
"=HYPERLINK(""https://stackoverflow.com/q/63138835"", ""63138835"")",0.8154269972451792
"=HYPERLINK(""https://stackoverflow.com/q/63188242"", ""63188242"")",0.4273858921161826
"=HYPERLINK(""https://stackoverflow.com/q/63243154"", ""63243154"")",0.49586776859504134
"=HYPERLINK(""https://stackoverflow.com/q/63248562"", ""63248562"")",0.35135135135135137
"=HYPERLINK(""https://stackoverflow.com/q/63304176"", ""63304176"")",0.46855345911949686
"=HYPERLINK(""https://stackoverflow.com/q/63340328"", ""63340328"")",0.6240601503759399
"=HYPERLINK(""https://stackoverflow.com/q/63409386"", ""63409386"")",0.2705882352941177
"=HYPERLINK(""https://stackoverflow.com/q/63440881"", ""63440881"")",0.513189448441247
"=HYPERLINK(""https://stackoverflow.com/q/63492891"", ""63492891"")",0.33587786259541974
"=HYPERLINK(""https://stackoverflow.com/q/63536595"", ""63536595"")",0.5104166666666666
"=HYPERLINK(""https://stackoverflow.com/q/63554434"", ""63554434"")",0.5517241379310345
"=HYPERLINK(""https://stackoverflow.com/q/63571552"", ""63571552"")",0.2948073701842546
"=HYPERLINK(""https://stackoverflow.com/q/63581278"", ""63581278"")",0.4322344322344323
"=HYPERLINK(""https://stackoverflow.com/q/63590222"", ""63590222"")",0.7239263803680982
"=HYPERLINK(""https://stackoverflow.com/q/63601068"", ""63601068"")",0.46099290780141844
"=HYPERLINK(""https://stackoverflow.com/q/63642175"", ""63642175"")",0.44927536231884063
"=HYPERLINK(""https://stackoverflow.com/q/63669003"", ""63669003"")",0.38818565400843874
"=HYPERLINK(""https://stackoverflow.com/q/63679503"", ""63679503"")",0.40178571428571436
"=HYPERLINK(""https://stackoverflow.com/q/63718070"", ""63718070"")",0.3272171253822629
"=HYPERLINK(""https://stackoverflow.com/q/63740792"", ""63740792"")",0.4937106918238994
"=HYPERLINK(""https://stackoverflow.com/q/63781356"", ""63781356"")",0.6007751937984496
"=HYPERLINK(""https://stackoverflow.com/q/63813624"", ""63813624"")",0.7044673539518901
"=HYPERLINK(""https://stackoverflow.com/q/63867131"", ""63867131"")",0.4692028985507246
"=HYPERLINK(""https://stackoverflow.com/q/63871188"", ""63871188"")",0.33333333333333337
"=HYPERLINK(""https://stackoverflow.com/q/63886230"", ""63886230"")",0.45421245421245426
"=HYPERLINK(""https://stackoverflow.com/q/63891833"", ""63891833"")",0.421875
"=HYPERLINK(""https://stackoverflow.com/q/63906124"", ""63906124"")",0.4614035087719297
"=HYPERLINK(""https://stackoverflow.com/q/63912759"", ""63912759"")",0.6573033707865168
"=HYPERLINK(""https://stackoverflow.com/q/63930864"", ""63930864"")",0.7828746177370031
"=HYPERLINK(""https://stackoverflow.com/q/63932100"", ""63932100"")",0.4964539007092199
"=HYPERLINK(""https://stackoverflow.com/q/63944439"", ""63944439"")",0.328125
"=HYPERLINK(""https://stackoverflow.com/q/63947466"", ""63947466"")",0.5815602836879432
"=HYPERLINK(""https://stackoverflow.com/q/63960011"", ""63960011"")",0.6761904761904762
"=HYPERLINK(""https://stackoverflow.com/q/63970840"", ""63970840"")",0.495049504950495
"=HYPERLINK(""https://stackoverflow.com/q/64013795"", ""64013795"")",0.2702169625246549
"=HYPERLINK(""https://stackoverflow.com/q/64025308"", ""64025308"")",0.5283018867924529
"=HYPERLINK(""https://stackoverflow.com/q/64027647"", ""64027647"")",0.5849056603773586
"=HYPERLINK(""https://stackoverflow.com/q/64039980"", ""64039980"")",0.510752688172043
"=HYPERLINK(""https://stackoverflow.com/q/64056870"", ""64056870"")",0.29378531073446335
"=HYPERLINK(""https://stackoverflow.com/q/64126327"", ""64126327"")",0.5872093023255814
"=HYPERLINK(""https://stackoverflow.com/q/64138570"", ""64138570"")",0.40978593272171254
"=HYPERLINK(""https://stackoverflow.com/q/64169189"", ""64169189"")",0.5919540229885056
"=HYPERLINK(""https://stackoverflow.com/q/64173739"", ""64173739"")",0.4694835680751174
"=HYPERLINK(""https://stackoverflow.com/q/64223772"", ""64223772"")",0.32954545454545453
"=HYPERLINK(""https://stackoverflow.com/q/64238027"", ""64238027"")",0.5187376725838265
"=HYPERLINK(""https://stackoverflow.com/q/64246437"", ""64246437"")",0.4968553459119497
"=HYPERLINK(""https://stackoverflow.com/q/64257530"", ""64257530"")",0.31308411214953275
"=HYPERLINK(""https://stackoverflow.com/q/64263330"", ""64263330"")",0.5543478260869564
"=HYPERLINK(""https://stackoverflow.com/q/64326365"", ""64326365"")",0.4919093851132686
"=HYPERLINK(""https://stackoverflow.com/q/64372199"", ""64372199"")",0.509212730318258
"=HYPERLINK(""https://stackoverflow.com/q/64386671"", ""64386671"")",0.6345811051693405
"=HYPERLINK(""https://stackoverflow.com/q/64393593"", ""64393593"")",0.5358649789029535
"=HYPERLINK(""https://stackoverflow.com/q/64422493"", ""64422493"")",0.5133333333333334
"=HYPERLINK(""https://stackoverflow.com/q/64448720"", ""64448720"")",0.6431924882629109
"=HYPERLINK(""https://stackoverflow.com/q/64467754"", ""64467754"")",0.8608923884514436
"=HYPERLINK(""https://stackoverflow.com/q/64477093"", ""64477093"")",0.38955823293172687
"=HYPERLINK(""https://stackoverflow.com/q/64480995"", ""64480995"")",0.5826771653543308
"=HYPERLINK(""https://stackoverflow.com/q/64535892"", ""64535892"")",0.4406779661016951
"=HYPERLINK(""https://stackoverflow.com/q/64537150"", ""64537150"")",0.5749440715883668
"=HYPERLINK(""https://stackoverflow.com/q/64558347"", ""64558347"")",0.5697278911564625
"=HYPERLINK(""https://stackoverflow.com/q/64593327"", ""64593327"")",0.5851449275362317
"=HYPERLINK(""https://stackoverflow.com/q/64598044"", ""64598044"")",0.6048387096774194
"=HYPERLINK(""https://stackoverflow.com/q/64630198"", ""64630198"")",0.5225225225225225
"=HYPERLINK(""https://stackoverflow.com/q/64634812"", ""64634812"")",0.6993865030674846
"=HYPERLINK(""https://stackoverflow.com/q/64655582"", ""64655582"")",0.26385224274406327
"=HYPERLINK(""https://stackoverflow.com/q/64752554"", ""64752554"")",0.5478547854785479
"=HYPERLINK(""https://stackoverflow.com/q/64754032"", ""64754032"")",0.464968152866242
"=HYPERLINK(""https://stackoverflow.com/q/64773819"", ""64773819"")",0.44871794871794873
"=HYPERLINK(""https://stackoverflow.com/q/64779388"", ""64779388"")",0.44804318488529016
"=HYPERLINK(""https://stackoverflow.com/q/64808840"", ""64808840"")",0.5625
"=HYPERLINK(""https://stackoverflow.com/q/64875623"", ""64875623"")",0.44350282485875714
"=HYPERLINK(""https://stackoverflow.com/q/64911607"", ""64911607"")",0.40963855421686735
"=HYPERLINK(""https://stackoverflow.com/q/64925353"", ""64925353"")",0.4461152882205514
"=HYPERLINK(""https://stackoverflow.com/q/64945483"", ""64945483"")",0.5563725490196079
"=HYPERLINK(""https://stackoverflow.com/q/64983112"", ""64983112"")",0.28918322295805743
"=HYPERLINK(""https://stackoverflow.com/q/65021236"", ""65021236"")",0.5764272559852671
"=HYPERLINK(""https://stackoverflow.com/q/65041847"", ""65041847"")",0.2723004694835682
"=HYPERLINK(""https://stackoverflow.com/q/65045458"", ""65045458"")",0.33333333333333337
"=HYPERLINK(""https://stackoverflow.com/q/65072778"", ""65072778"")",0.39455782312925164
"=HYPERLINK(""https://stackoverflow.com/q/65102653"", ""65102653"")",0.49677419354838714
"=HYPERLINK(""https://stackoverflow.com/q/65110736"", ""65110736"")",0.49751243781094534
"=HYPERLINK(""https://stackoverflow.com/q/65113746"", ""65113746"")",0.5072463768115942
"=HYPERLINK(""https://stackoverflow.com/q/65168915"", ""65168915"")",0.7316486161251504
"=HYPERLINK(""https://stackoverflow.com/q/65195685"", ""65195685"")",0.5647668393782384
"=HYPERLINK(""https://stackoverflow.com/q/65202873"", ""65202873"")",0.4695652173913044
"=HYPERLINK(""https://stackoverflow.com/q/65233283"", ""65233283"")",0.43146417445482865
"=HYPERLINK(""https://stackoverflow.com/q/65235553"", ""65235553"")",0.26153846153846155
"=HYPERLINK(""https://stackoverflow.com/q/65259702"", ""65259702"")",0.4431372549019608
"=HYPERLINK(""https://stackoverflow.com/q/65285203"", ""65285203"")",0.4117647058823529
"=HYPERLINK(""https://stackoverflow.com/q/65321216"", ""65321216"")",0.5860215053763441
"=HYPERLINK(""https://stackoverflow.com/q/65330580"", ""65330580"")",0.558490566037736
"=HYPERLINK(""https://stackoverflow.com/q/65421005"", ""65421005"")",0.33895131086142316
"=HYPERLINK(""https://stackoverflow.com/q/65434323"", ""65434323"")",0.5020833333333333
"=HYPERLINK(""https://stackoverflow.com/q/65438800"", ""65438800"")",0.4322916666666667
"=HYPERLINK(""https://stackoverflow.com/q/65482767"", ""65482767"")",0.6985815602836879
"=HYPERLINK(""https://stackoverflow.com/q/65497571"", ""65497571"")",0.6601941747572815
"=HYPERLINK(""https://stackoverflow.com/q/65498942"", ""65498942"")",0.5071090047393365
"=HYPERLINK(""https://stackoverflow.com/q/65533431"", ""65533431"")",0.3621103117505996
"=HYPERLINK(""https://stackoverflow.com/q/65545350"", ""65545350"")",0.8427230046948356
"=HYPERLINK(""https://stackoverflow.com/q/65586061"", ""65586061"")",0.2456140350877193
"=HYPERLINK(""https://stackoverflow.com/q/65609804"", ""65609804"")",0.3870458135860979
"=HYPERLINK(""https://stackoverflow.com/q/65611925"", ""65611925"")",0.43557422969187676
"=HYPERLINK(""https://stackoverflow.com/q/65619881"", ""65619881"")",0.4942528735632183
"=HYPERLINK(""https://stackoverflow.com/q/65678237"", ""65678237"")",0.4322033898305085
"=HYPERLINK(""https://stackoverflow.com/q/65699980"", ""65699980"")",0.41804788213628
"=HYPERLINK(""https://stackoverflow.com/q/65711587"", ""65711587"")",0.41472868217054265
"=HYPERLINK(""https://stackoverflow.com/q/65721061"", ""65721061"")",0.3696682464454977
"=HYPERLINK(""https://stackoverflow.com/q/65737401"", ""65737401"")",0.4095528455284553
"=HYPERLINK(""https://stackoverflow.com/q/65775008"", ""65775008"")",0.429718875502008
"=HYPERLINK(""https://stackoverflow.com/q/65776789"", ""65776789"")",0.31014492753623196
"=HYPERLINK(""https://stackoverflow.com/q/65785528"", ""65785528"")",0.37403100775193804
"=HYPERLINK(""https://stackoverflow.com/q/65807148"", ""65807148"")",0.550314465408805
"=HYPERLINK(""https://stackoverflow.com/q/65811448"", ""65811448"")",0.45344705046197575
"=HYPERLINK(""https://stackoverflow.com/q/65819978"", ""65819978"")",0.7148437500000001
"=HYPERLINK(""https://stackoverflow.com/q/65822014"", ""65822014"")",0.5522088353413656
"=HYPERLINK(""https://stackoverflow.com/q/65836468"", ""65836468"")",0.30980392156862746
"=HYPERLINK(""https://stackoverflow.com/q/65843907"", ""65843907"")",0.6877637130801687
"=HYPERLINK(""https://stackoverflow.com/q/65848909"", ""65848909"")",0.4495412844036697
"=HYPERLINK(""https://stackoverflow.com/q/65874214"", ""65874214"")",0.4318840579710146
"=HYPERLINK(""https://stackoverflow.com/q/65881699"", ""65881699"")",0.5483170466883822
"=HYPERLINK(""https://stackoverflow.com/q/65883317"", ""65883317"")",0.5587797619047619
"=HYPERLINK(""https://stackoverflow.com/q/65884046"", ""65884046"")",0.26939890710382514
"=HYPERLINK(""https://stackoverflow.com/q/65887231"", ""65887231"")",0.4532374100719425
"=HYPERLINK(""https://stackoverflow.com/q/65890100"", ""65890100"")",0.5731707317073171
"=HYPERLINK(""https://stackoverflow.com/q/65898817"", ""65898817"")",0.4339430894308942
"=HYPERLINK(""https://stackoverflow.com/q/65921153"", ""65921153"")",0.6242424242424242
"=HYPERLINK(""https://stackoverflow.com/q/65941675"", ""65941675"")",0.5714285714285715
"=HYPERLINK(""https://stackoverflow.com/q/66019274"", ""66019274"")",0.4350649350649351
"=HYPERLINK(""https://stackoverflow.com/q/66048199"", ""66048199"")",0.4010989010989011
"=HYPERLINK(""https://stackoverflow.com/q/66086605"", ""66086605"")",0.47798742138364775
"=HYPERLINK(""https://stackoverflow.com/q/66107303"", ""66107303"")",0.29598893499308443
"=HYPERLINK(""https://stackoverflow.com/q/66159267"", ""66159267"")",0.35591397849462364
"=HYPERLINK(""https://stackoverflow.com/q/66205498"", ""66205498"")",0.6636904761904763
"=HYPERLINK(""https://stackoverflow.com/q/66265966"", ""66265966"")",0.5241935483870968
"=HYPERLINK(""https://stackoverflow.com/q/66270067"", ""66270067"")",0.38596491228070173
"=HYPERLINK(""https://stackoverflow.com/q/66291913"", ""66291913"")",0.4345991561181434
"=HYPERLINK(""https://stackoverflow.com/q/66299976"", ""66299976"")",0.5298013245033114
"=HYPERLINK(""https://stackoverflow.com/q/66316372"", ""66316372"")",0.42452830188679247
"=HYPERLINK(""https://stackoverflow.com/q/66325857"", ""66325857"")",0.529935275080906
"=HYPERLINK(""https://stackoverflow.com/q/66330493"", ""66330493"")",0.5864661654135339
"=HYPERLINK(""https://stackoverflow.com/q/66337059"", ""66337059"")",0.4436936936936937
"=HYPERLINK(""https://stackoverflow.com/q/66482248"", ""66482248"")",0.5151515151515151
"=HYPERLINK(""https://stackoverflow.com/q/66487576"", ""66487576"")",0.28675400291120823
"=HYPERLINK(""https://stackoverflow.com/q/66552582"", ""66552582"")",0.6517857142857144
"=HYPERLINK(""https://stackoverflow.com/q/66561959"", ""66561959"")",0.582608695652174
"=HYPERLINK(""https://stackoverflow.com/q/66574569"", ""66574569"")",0.5040650406504066
"=HYPERLINK(""https://stackoverflow.com/q/66596708"", ""66596708"")",0.44689378757515036
"=HYPERLINK(""https://stackoverflow.com/q/66640253"", ""66640253"")",0.46236559139784955
"=HYPERLINK(""https://stackoverflow.com/q/66656120"", ""66656120"")",0.4430379746835443
"=HYPERLINK(""https://stackoverflow.com/q/66680953"", ""66680953"")",0.3826429980276134
"=HYPERLINK(""https://stackoverflow.com/q/66782040"", ""66782040"")",0.38129496402877705
"=HYPERLINK(""https://stackoverflow.com/q/66819026"", ""66819026"")",0.5783132530120481
"=HYPERLINK(""https://stackoverflow.com/q/66838949"", ""66838949"")",0.2459546925566343
"=HYPERLINK(""https://stackoverflow.com/q/66921957"", ""66921957"")",0.4260162601626016
"=HYPERLINK(""https://stackoverflow.com/q/66950948"", ""66950948"")",0.5779816513761468
"=HYPERLINK(""https://stackoverflow.com/q/67012123"", ""67012123"")",0.558282208588957
"=HYPERLINK(""https://stackoverflow.com/q/67028819"", ""67028819"")",0.5567010309278352
"=HYPERLINK(""https://stackoverflow.com/q/67233285"", ""67233285"")",0.4551495016611296
"=HYPERLINK(""https://stackoverflow.com/q/67327106"", ""67327106"")",0.43267108167770424
"=HYPERLINK(""https://stackoverflow.com/q/67422447"", ""67422447"")",0.3936170212765958
"=HYPERLINK(""https://stackoverflow.com/q/67436587"", ""67436587"")",0.5534591194968553
"=HYPERLINK(""https://stackoverflow.com/q/67505781"", ""67505781"")",0.5462478184991275
"=HYPERLINK(""https://stackoverflow.com/q/67517072"", ""67517072"")",0.2666666666666667
"=HYPERLINK(""https://stackoverflow.com/q/67541920"", ""67541920"")",0.7008130081300812
"=HYPERLINK(""https://stackoverflow.com/q/67619290"", ""67619290"")",0.6130952380952382
"=HYPERLINK(""https://stackoverflow.com/q/67622080"", ""67622080"")",0.6927252985884907
"=HYPERLINK(""https://stackoverflow.com/q/67668104"", ""67668104"")",0.49913644214162345
"=HYPERLINK(""https://stackoverflow.com/q/67671898"", ""67671898"")",0.5606060606060607
"=HYPERLINK(""https://stackoverflow.com/q/67707288"", ""67707288"")",0.3880597014925374
"=HYPERLINK(""https://stackoverflow.com/q/67713111"", ""67713111"")",0.3468992248062016
"=HYPERLINK(""https://stackoverflow.com/q/67746654"", ""67746654"")",0.4522613065326634
"=HYPERLINK(""https://stackoverflow.com/q/67782131"", ""67782131"")",0.6898550724637681
"=HYPERLINK(""https://stackoverflow.com/q/67810229"", ""67810229"")",0.5707434052757794
"=HYPERLINK(""https://stackoverflow.com/q/67838570"", ""67838570"")",0.4676616915422886
"=HYPERLINK(""https://stackoverflow.com/q/67843602"", ""67843602"")",0.5175438596491229
"=HYPERLINK(""https://stackoverflow.com/q/67853485"", ""67853485"")",0.36458333333333337
"=HYPERLINK(""https://stackoverflow.com/q/67857300"", ""67857300"")",0.6325757575757576
"=HYPERLINK(""https://stackoverflow.com/q/67863816"", ""67863816"")",0.3906581740976645
"=HYPERLINK(""https://stackoverflow.com/q/67866286"", ""67866286"")",0.3208852005532503
"=HYPERLINK(""https://stackoverflow.com/q/67866491"", ""67866491"")",0.2653061224489796
"=HYPERLINK(""https://stackoverflow.com/q/67904375"", ""67904375"")",0.3289473684210526
"=HYPERLINK(""https://stackoverflow.com/q/67913682"", ""67913682"")",0.5201465201465203
"=HYPERLINK(""https://stackoverflow.com/q/67981497"", ""67981497"")",0.7512820512820513
"=HYPERLINK(""https://stackoverflow.com/q/68072684"", ""68072684"")",0.3505747126436781
"=HYPERLINK(""https://stackoverflow.com/q/68083831"", ""68083831"")",0.4375
"=HYPERLINK(""https://stackoverflow.com/q/68102583"", ""68102583"")",0.7164179104477613
"=HYPERLINK(""https://stackoverflow.com/q/68113608"", ""68113608"")",0.47706422018348627
"=HYPERLINK(""https://stackoverflow.com/q/68114033"", ""68114033"")",0.7528735632183909
"=HYPERLINK(""https://stackoverflow.com/q/68139677"", ""68139677"")",0.2662721893491124
"=HYPERLINK(""https://stackoverflow.com/q/68141648"", ""68141648"")",0.45973154362416097
"=HYPERLINK(""https://stackoverflow.com/q/68150444"", ""68150444"")",0.6182170542635659
"=HYPERLINK(""https://stackoverflow.com/q/68193708"", ""68193708"")",0.24812030075187974
"=HYPERLINK(""https://stackoverflow.com/q/68214823"", ""68214823"")",0.5492957746478874
"=HYPERLINK(""https://stackoverflow.com/q/68237870"", ""68237870"")",0.3227848101265823
"=HYPERLINK(""https://stackoverflow.com/q/68307064"", ""68307064"")",0.4855643044619423
"=HYPERLINK(""https://stackoverflow.com/q/68319288"", ""68319288"")",0.4354527938342967
"=HYPERLINK(""https://stackoverflow.com/q/68331997"", ""68331997"")",0.6749311294765841
"=HYPERLINK(""https://stackoverflow.com/q/68374280"", ""68374280"")",0.5351681957186545
"=HYPERLINK(""https://stackoverflow.com/q/68379932"", ""68379932"")",0.6041666666666667
"=HYPERLINK(""https://stackoverflow.com/q/68387494"", ""68387494"")",0.7314148681055157
"=HYPERLINK(""https://stackoverflow.com/q/68397384"", ""68397384"")",0.39516129032258074
"=HYPERLINK(""https://stackoverflow.com/q/68437235"", ""68437235"")",0.3183333333333333
"=HYPERLINK(""https://stackoverflow.com/q/68450665"", ""68450665"")",0.5298013245033112
"=HYPERLINK(""https://stackoverflow.com/q/68467433"", ""68467433"")",0.2840236686390533
"=HYPERLINK(""https://stackoverflow.com/q/68470428"", ""68470428"")",0.460952380952381
"=HYPERLINK(""https://stackoverflow.com/q/68470626"", ""68470626"")",0.4189602446483181
"=HYPERLINK(""https://stackoverflow.com/q/68489213"", ""68489213"")",0.37500000000000006
"=HYPERLINK(""https://stackoverflow.com/q/68502272"", ""68502272"")",0.5444059976931949
"=HYPERLINK(""https://stackoverflow.com/q/68557263"", ""68557263"")",0.5342163355408389
"=HYPERLINK(""https://stackoverflow.com/q/68598991"", ""68598991"")",0.6220657276995305
"=HYPERLINK(""https://stackoverflow.com/q/68641377"", ""68641377"")",0.2392156862745098
"=HYPERLINK(""https://stackoverflow.com/q/68647008"", ""68647008"")",0.5622489959839356
"=HYPERLINK(""https://stackoverflow.com/q/68662966"", ""68662966"")",0.7034313725490197
"=HYPERLINK(""https://stackoverflow.com/q/68676725"", ""68676725"")",0.5190476190476191
"=HYPERLINK(""https://stackoverflow.com/q/68678384"", ""68678384"")",0.3982300884955751
"=HYPERLINK(""https://stackoverflow.com/q/68687729"", ""68687729"")",0.5812324929971989
"=HYPERLINK(""https://stackoverflow.com/q/68714123"", ""68714123"")",0.4436936936936937
"=HYPERLINK(""https://stackoverflow.com/q/68733332"", ""68733332"")",0.8433333333333336
"=HYPERLINK(""https://stackoverflow.com/q/68777186"", ""68777186"")",0.42067736185383253
"=HYPERLINK(""https://stackoverflow.com/q/68796753"", ""68796753"")",0.47572815533980584
"=HYPERLINK(""https://stackoverflow.com/q/68802388"", ""68802388"")",0.5333333333333334
"=HYPERLINK(""https://stackoverflow.com/q/68807732"", ""68807732"")",0.3458725182863114
"=HYPERLINK(""https://stackoverflow.com/q/68820617"", ""68820617"")",0.4242424242424242
"=HYPERLINK(""https://stackoverflow.com/q/68832256"", ""68832256"")",0.612153708668454
"=HYPERLINK(""https://stackoverflow.com/q/68900410"", ""68900410"")",0.43749999999999994
"=HYPERLINK(""https://stackoverflow.com/q/68913914"", ""68913914"")",0.5483234714003945
"=HYPERLINK(""https://stackoverflow.com/q/68933828"", ""68933828"")",0.34976525821596255
"=HYPERLINK(""https://stackoverflow.com/q/68940126"", ""68940126"")",0.6299694189602448
"=HYPERLINK(""https://stackoverflow.com/q/68986827"", ""68986827"")",0.4000000000000001
"=HYPERLINK(""https://stackoverflow.com/q/68994914"", ""68994914"")",0.3846153846153846
"=HYPERLINK(""https://stackoverflow.com/q/69024005"", ""69024005"")",0.5696202531645569
"=HYPERLINK(""https://stackoverflow.com/q/69025296"", ""69025296"")",0.5292792792792793
"=HYPERLINK(""https://stackoverflow.com/q/69076952"", ""69076952"")",0.27710843373493976
"=HYPERLINK(""https://stackoverflow.com/q/69099627"", ""69099627"")",0.4694835680751173
"=HYPERLINK(""https://stackoverflow.com/q/69103528"", ""69103528"")",0.42829457364341084
"=HYPERLINK(""https://stackoverflow.com/q/69123156"", ""69123156"")",0.547400611620795
"=HYPERLINK(""https://stackoverflow.com/q/69127860"", ""69127860"")",0.45454545454545453
"=HYPERLINK(""https://stackoverflow.com/q/69141138"", ""69141138"")",0.3604166666666667
"=HYPERLINK(""https://stackoverflow.com/q/69154406"", ""69154406"")",0.30769230769230776
"=HYPERLINK(""https://stackoverflow.com/q/69175180"", ""69175180"")",0.5369047619047619
"=HYPERLINK(""https://stackoverflow.com/q/69179914"", ""69179914"")",0.2629449838187702
"=HYPERLINK(""https://stackoverflow.com/q/69180979"", ""69180979"")",0.4148936170212766
"=HYPERLINK(""https://stackoverflow.com/q/69185474"", ""69185474"")",0.27477477477477485
"=HYPERLINK(""https://stackoverflow.com/q/69203208"", ""69203208"")",0.5869918699186991
"=HYPERLINK(""https://stackoverflow.com/q/69203653"", ""69203653"")",0.5586854460093897
"=HYPERLINK(""https://stackoverflow.com/q/69205825"", ""69205825"")",0.5870646766169155
"=HYPERLINK(""https://stackoverflow.com/q/69207550"", ""69207550"")",0.7493734335839598
"=HYPERLINK(""https://stackoverflow.com/q/69243218"", ""69243218"")",0.4576271186440679
"=HYPERLINK(""https://stackoverflow.com/q/69254978"", ""69254978"")",0.6033755274261604
"=HYPERLINK(""https://stackoverflow.com/q/69277390"", ""69277390"")",0.2974358974358975
"=HYPERLINK(""https://stackoverflow.com/q/69296628"", ""69296628"")",0.2599388379204893
"=HYPERLINK(""https://stackoverflow.com/q/69316032"", ""69316032"")",0.35619047619047617
"=HYPERLINK(""https://stackoverflow.com/q/69338516"", ""69338516"")",0.7708333333333333
"=HYPERLINK(""https://stackoverflow.com/q/69347001"", ""69347001"")",0.32307692307692315
"=HYPERLINK(""https://stackoverflow.com/q/69365768"", ""69365768"")",0.3571428571428572
"=HYPERLINK(""https://stackoverflow.com/q/69399647"", ""69399647"")",0.305352798053528
"=HYPERLINK(""https://stackoverflow.com/q/69403349"", ""69403349"")",0.7956989247311828
"=HYPERLINK(""https://stackoverflow.com/q/69412849"", ""69412849"")",0.41532976827094475
"=HYPERLINK(""https://stackoverflow.com/q/69428522"", ""69428522"")",0.3383458646616541
"=HYPERLINK(""https://stackoverflow.com/q/69450237"", ""69450237"")",0.5862977602108036
"=HYPERLINK(""https://stackoverflow.com/q/69470223"", ""69470223"")",0.4990138067061144
"=HYPERLINK(""https://stackoverflow.com/q/69472990"", ""69472990"")",0.6374045801526717
"=HYPERLINK(""https://stackoverflow.com/q/69490472"", ""69490472"")",0.7566462167689161
"=HYPERLINK(""https://stackoverflow.com/q/69498432"", ""69498432"")",0.6053921568627453
"=HYPERLINK(""https://stackoverflow.com/q/69523257"", ""69523257"")",0.6052631578947368
"=HYPERLINK(""https://stackoverflow.com/q/69529740"", ""69529740"")",0.4326241134751773
"=HYPERLINK(""https://stackoverflow.com/q/69533673"", ""69533673"")",0.27302363488182557
"=HYPERLINK(""https://stackoverflow.com/q/69533933"", ""69533933"")",0.3482810164424514
"=HYPERLINK(""https://stackoverflow.com/q/69551533"", ""69551533"")",0.24744376278118613
"=HYPERLINK(""https://stackoverflow.com/q/69576508"", ""69576508"")",0.6564102564102565
"=HYPERLINK(""https://stackoverflow.com/q/69613815"", ""69613815"")",0.4405797101449275
"=HYPERLINK(""https://stackoverflow.com/q/69666500"", ""69666500"")",0.23160173160173156
"=HYPERLINK(""https://stackoverflow.com/q/69671292"", ""69671292"")",0.38266068759342303
"=HYPERLINK(""https://stackoverflow.com/q/69719732"", ""69719732"")",0.4789644012944984
"=HYPERLINK(""https://stackoverflow.com/q/69745719"", ""69745719"")",0.38834951456310685
"=HYPERLINK(""https://stackoverflow.com/q/69747506"", ""69747506"")",0.7714285714285716
"=HYPERLINK(""https://stackoverflow.com/q/69826954"", ""69826954"")",0.510204081632653
"=HYPERLINK(""https://stackoverflow.com/q/69828187"", ""69828187"")",0.5307443365695792
"=HYPERLINK(""https://stackoverflow.com/q/69844928"", ""69844928"")",0.5179063360881543
"=HYPERLINK(""https://stackoverflow.com/q/69857305"", ""69857305"")",0.3829201101928375
"=HYPERLINK(""https://stackoverflow.com/q/69878915"", ""69878915"")",0.4096133751306164
"=HYPERLINK(""https://stackoverflow.com/q/69907928"", ""69907928"")",0.30977620730270905
"=HYPERLINK(""https://stackoverflow.com/q/69915819"", ""69915819"")",0.403755868544601
"=HYPERLINK(""https://stackoverflow.com/q/69917110"", ""69917110"")",0.6599999999999999
"=HYPERLINK(""https://stackoverflow.com/q/69926057"", ""69926057"")",0.654434250764526
"=HYPERLINK(""https://stackoverflow.com/q/69944250"", ""69944250"")",0.4569892473118279
"=HYPERLINK(""https://stackoverflow.com/q/69945384"", ""69945384"")",0.26995305164319255
"=HYPERLINK(""https://stackoverflow.com/q/70025851"", ""70025851"")",0.4433333333333333
"=HYPERLINK(""https://stackoverflow.com/q/70033312"", ""70033312"")",0.5432372505543238
"=HYPERLINK(""https://stackoverflow.com/q/70034212"", ""70034212"")",0.721311475409836
"=HYPERLINK(""https://stackoverflow.com/q/70042069"", ""70042069"")",0.49803921568627463
"=HYPERLINK(""https://stackoverflow.com/q/70067467"", ""70067467"")",0.40703517587939697
"=HYPERLINK(""https://stackoverflow.com/q/70072476"", ""70072476"")",0.28052805280528054
"=HYPERLINK(""https://stackoverflow.com/q/70074254"", ""70074254"")",0.4528301886792453
"=HYPERLINK(""https://stackoverflow.com/q/70093391"", ""70093391"")",0.49193548387096775
"=HYPERLINK(""https://stackoverflow.com/q/70120800"", ""70120800"")",0.568452380952381
"=HYPERLINK(""https://stackoverflow.com/q/70150710"", ""70150710"")",0.5850340136054422
"=HYPERLINK(""https://stackoverflow.com/q/70156631"", ""70156631"")",0.5852713178294573
"=HYPERLINK(""https://stackoverflow.com/q/70160846"", ""70160846"")",0.4833333333333332
"=HYPERLINK(""https://stackoverflow.com/q/70169519"", ""70169519"")",0.6426282051282051
"=HYPERLINK(""https://stackoverflow.com/q/70174727"", ""70174727"")",0.3456032719836401
"=HYPERLINK(""https://stackoverflow.com/q/70176558"", ""70176558"")",0.3568627450980393
"=HYPERLINK(""https://stackoverflow.com/q/70186130"", ""70186130"")",0.2850412249705536
"=HYPERLINK(""https://stackoverflow.com/q/70215849"", ""70215849"")",0.501103752759382
"=HYPERLINK(""https://stackoverflow.com/q/70217519"", ""70217519"")",0.48127340823970033
"=HYPERLINK(""https://stackoverflow.com/q/70236604"", ""70236604"")",0.43721461187214605
"=HYPERLINK(""https://stackoverflow.com/q/70248817"", ""70248817"")",0.5929078014184398
"=HYPERLINK(""https://stackoverflow.com/q/70258080"", ""70258080"")",0.5693069306930691
"=HYPERLINK(""https://stackoverflow.com/q/70279196"", ""70279196"")",0.38431372549019616
"=HYPERLINK(""https://stackoverflow.com/q/70287087"", ""70287087"")",0.4295774647887325
"=HYPERLINK(""https://stackoverflow.com/q/70293728"", ""70293728"")",0.29545454545454547
"=HYPERLINK(""https://stackoverflow.com/q/70296350"", ""70296350"")",0.4495114006514658
"=HYPERLINK(""https://stackoverflow.com/q/70300126"", ""70300126"")",0.3723404255319149
"=HYPERLINK(""https://stackoverflow.com/q/70306493"", ""70306493"")",0.36384976525821594
"=HYPERLINK(""https://stackoverflow.com/q/70309111"", ""70309111"")",0.539047619047619
"=HYPERLINK(""https://stackoverflow.com/q/70329715"", ""70329715"")",0.42209072978303747
"=HYPERLINK(""https://stackoverflow.com/q/70335049"", ""70335049"")",0.4645669291338583
"=HYPERLINK(""https://stackoverflow.com/q/70351437"", ""70351437"")",0.40512820512820524
"=HYPERLINK(""https://stackoverflow.com/q/70359069"", ""70359069"")",0.3484848484848485
"=HYPERLINK(""https://stackoverflow.com/q/70426374"", ""70426374"")",0.4153846153846154
"=HYPERLINK(""https://stackoverflow.com/q/70428593"", ""70428593"")",0.4834123222748814
"=HYPERLINK(""https://stackoverflow.com/q/70455676"", ""70455676"")",0.26710097719869713
"=HYPERLINK(""https://stackoverflow.com/q/70462555"", ""70462555"")",0.22281639928698757
"=HYPERLINK(""https://stackoverflow.com/q/70464579"", ""70464579"")",0.4583333333333333
"=HYPERLINK(""https://stackoverflow.com/q/70465140"", ""70465140"")",0.5629139072847682
"=HYPERLINK(""https://stackoverflow.com/q/70469115"", ""70469115"")",0.4696969696969698
"=HYPERLINK(""https://stackoverflow.com/q/70492796"", ""70492796"")",0.7272727272727272
"=HYPERLINK(""https://stackoverflow.com/q/70499285"", ""70499285"")",0.3607305936073059
"=HYPERLINK(""https://stackoverflow.com/q/70506943"", ""70506943"")",0.6247240618101546
"=HYPERLINK(""https://stackoverflow.com/q/70508395"", ""70508395"")",0.6467661691542289
"=HYPERLINK(""https://stackoverflow.com/q/70553230"", ""70553230"")",0.389294403892944
"=HYPERLINK(""https://stackoverflow.com/q/70567307"", ""70567307"")",0.6666666666666667
"=HYPERLINK(""https://stackoverflow.com/q/70576454"", ""70576454"")",0.5433962264150943
"=HYPERLINK(""https://stackoverflow.com/q/70578172"", ""70578172"")",0.4840764331210191
"=HYPERLINK(""https://stackoverflow.com/q/70579126"", ""70579126"")",0.6847389558232931
"=HYPERLINK(""https://stackoverflow.com/q/70592095"", ""70592095"")",0.3043478260869565
"=HYPERLINK(""https://stackoverflow.com/q/70627137"", ""70627137"")",0.5678294573643411
"=HYPERLINK(""https://stackoverflow.com/q/70660564"", ""70660564"")",0.7586206896551725
"=HYPERLINK(""https://stackoverflow.com/q/70680222"", ""70680222"")",0.4715686274509804
"=HYPERLINK(""https://stackoverflow.com/q/70681074"", ""70681074"")",0.3490566037735849
"=HYPERLINK(""https://stackoverflow.com/q/70705564"", ""70705564"")",0.6785714285714286
"=HYPERLINK(""https://stackoverflow.com/q/70727988"", ""70727988"")",0.4470588235294119
"=HYPERLINK(""https://stackoverflow.com/q/70729582"", ""70729582"")",0.38709677419354843
"=HYPERLINK(""https://stackoverflow.com/q/70750358"", ""70750358"")",0.3876404494382022
"=HYPERLINK(""https://stackoverflow.com/q/70750834"", ""70750834"")",0.40090090090090086
"=HYPERLINK(""https://stackoverflow.com/q/70753937"", ""70753937"")",0.3189448441247003
"=HYPERLINK(""https://stackoverflow.com/q/70762596"", ""70762596"")",0.35869565217391297
"=HYPERLINK(""https://stackoverflow.com/q/70779880"", ""70779880"")",0.3051771117166212
"=HYPERLINK(""https://stackoverflow.com/q/70835006"", ""70835006"")",0.40142517814726847
"=HYPERLINK(""https://stackoverflow.com/q/70836427"", ""70836427"")",0.2894736842105264
"=HYPERLINK(""https://stackoverflow.com/q/70873792"", ""70873792"")",0.29638958858102443
"=HYPERLINK(""https://stackoverflow.com/q/70888883"", ""70888883"")",0.5447427293064876
"=HYPERLINK(""https://stackoverflow.com/q/70911352"", ""70911352"")",0.4956822107081174
"=HYPERLINK(""https://stackoverflow.com/q/70928967"", ""70928967"")",0.26991150442477874
"=HYPERLINK(""https://stackoverflow.com/q/70933814"", ""70933814"")",0.7044025157232704
"=HYPERLINK(""https://stackoverflow.com/q/70950914"", ""70950914"")",0.3165829145728644
"=HYPERLINK(""https://stackoverflow.com/q/70955450"", ""70955450"")",0.2820512820512821
"=HYPERLINK(""https://stackoverflow.com/q/70956132"", ""70956132"")",0.3726591760299625
"=HYPERLINK(""https://stackoverflow.com/q/70957858"", ""70957858"")",0.40540540540540543
"=HYPERLINK(""https://stackoverflow.com/q/70968412"", ""70968412"")",0.5595238095238096
"=HYPERLINK(""https://stackoverflow.com/q/70968460"", ""70968460"")",0.44285714285714284
"=HYPERLINK(""https://stackoverflow.com/q/70972375"", ""70972375"")",0.7182890855457228
"=HYPERLINK(""https://stackoverflow.com/q/70998286"", ""70998286"")",0.5014005602240896
"=HYPERLINK(""https://stackoverflow.com/q/71053192"", ""71053192"")",0.5495049504950494
"=HYPERLINK(""https://stackoverflow.com/q/71065458"", ""71065458"")",0.5305719921104536
"=HYPERLINK(""https://stackoverflow.com/q/71068837"", ""71068837"")",0.37786774628879893
"=HYPERLINK(""https://stackoverflow.com/q/71077397"", ""71077397"")",0.46284501061571126
"=HYPERLINK(""https://stackoverflow.com/q/71104457"", ""71104457"")",0.27999999999999997
"=HYPERLINK(""https://stackoverflow.com/q/71115443"", ""71115443"")",0.7327044025157232
"=HYPERLINK(""https://stackoverflow.com/q/71126832"", ""71126832"")",0.3672014260249555
"=HYPERLINK(""https://stackoverflow.com/q/71136388"", ""71136388"")",0.6048387096774194
"=HYPERLINK(""https://stackoverflow.com/q/71152047"", ""71152047"")",0.5534591194968553
"=HYPERLINK(""https://stackoverflow.com/q/71152473"", ""71152473"")",0.30240549828178703
"=HYPERLINK(""https://stackoverflow.com/q/71153067"", ""71153067"")",0.5569620253164557
"=HYPERLINK(""https://stackoverflow.com/q/71161777"", ""71161777"")",0.7759562841530055
"=HYPERLINK(""https://stackoverflow.com/q/71185505"", ""71185505"")",0.3867924528301887
"=HYPERLINK(""https://stackoverflow.com/q/71187430"", ""71187430"")",0.24178403755868544
"=HYPERLINK(""https://stackoverflow.com/q/71187747"", ""71187747"")",0.5177304964539008
"=HYPERLINK(""https://stackoverflow.com/q/71197045"", ""71197045"")",0.6453900709219859
"=HYPERLINK(""https://stackoverflow.com/q/71221741"", ""71221741"")",0.3903508771929825
"=HYPERLINK(""https://stackoverflow.com/q/71230870"", ""71230870"")",0.5979381443298969
"=HYPERLINK(""https://stackoverflow.com/q/71235208"", ""71235208"")",0.7411764705882353
"=HYPERLINK(""https://stackoverflow.com/q/71237899"", ""71237899"")",0.5457875457875458
"=HYPERLINK(""https://stackoverflow.com/q/71240315"", ""71240315"")",0.40077071290944116
"=HYPERLINK(""https://stackoverflow.com/q/71246559"", ""71246559"")",0.35365853658536595
"=HYPERLINK(""https://stackoverflow.com/q/71260306"", ""71260306"")",0.3594377510040161
"=HYPERLINK(""https://stackoverflow.com/q/71273364"", ""71273364"")",0.601918465227818
"=HYPERLINK(""https://stackoverflow.com/q/71280193"", ""71280193"")",0.4100719424460432
"=HYPERLINK(""https://stackoverflow.com/q/71289824"", ""71289824"")",0.5251798561151079
"=HYPERLINK(""https://stackoverflow.com/q/71308112"", ""71308112"")",0.6223241590214068
"=HYPERLINK(""https://stackoverflow.com/q/71319366"", ""71319366"")",0.7254901960784316
"=HYPERLINK(""https://stackoverflow.com/q/71338750"", ""71338750"")",0.574468085106383
"=HYPERLINK(""https://stackoverflow.com/q/71340893"", ""71340893"")",0.5253863134657837
"=HYPERLINK(""https://stackoverflow.com/q/71385524"", ""71385524"")",0.3219696969696969
"=HYPERLINK(""https://stackoverflow.com/q/71386206"", ""71386206"")",0.40178571428571436
"=HYPERLINK(""https://stackoverflow.com/q/71408963"", ""71408963"")",0.4497991967871486
"=HYPERLINK(""https://stackoverflow.com/q/71410791"", ""71410791"")",0.6804835924006909
"=HYPERLINK(""https://stackoverflow.com/q/71435357"", ""71435357"")",0.4725274725274726
"=HYPERLINK(""https://stackoverflow.com/q/71435593"", ""71435593"")",0.4966666666666668
"=HYPERLINK(""https://stackoverflow.com/q/71467176"", ""71467176"")",0.41101055806938164
"=HYPERLINK(""https://stackoverflow.com/q/71468352"", ""71468352"")",0.5756302521008403
"=HYPERLINK(""https://stackoverflow.com/q/71492980"", ""71492980"")",0.2809917355371901
"=HYPERLINK(""https://stackoverflow.com/q/71511170"", ""71511170"")",0.3865030674846627
"=HYPERLINK(""https://stackoverflow.com/q/71513161"", ""71513161"")",0.8674242424242424
"=HYPERLINK(""https://stackoverflow.com/q/71522857"", ""71522857"")",0.37804878048780494
"=HYPERLINK(""https://stackoverflow.com/q/71525405"", ""71525405"")",0.431924882629108
"=HYPERLINK(""https://stackoverflow.com/q/71542326"", ""71542326"")",0.5267249757045674
"=HYPERLINK(""https://stackoverflow.com/q/71556469"", ""71556469"")",0.38848920863309355
"=HYPERLINK(""https://stackoverflow.com/q/71568975"", ""71568975"")",0.33195020746887965
"=HYPERLINK(""https://stackoverflow.com/q/71576580"", ""71576580"")",0.4934383202099738
"=HYPERLINK(""https://stackoverflow.com/q/71579883"", ""71579883"")",0.7073170731707318
"=HYPERLINK(""https://stackoverflow.com/q/71591157"", ""71591157"")",0.5662650602409638
"=HYPERLINK(""https://stackoverflow.com/q/71610716"", ""71610716"")",0.3866666666666667
"=HYPERLINK(""https://stackoverflow.com/q/71610746"", ""71610746"")",0.4373673036093418
"=HYPERLINK(""https://stackoverflow.com/q/71637112"", ""71637112"")",0.6302765647743814
"=HYPERLINK(""https://stackoverflow.com/q/71638328"", ""71638328"")",0.41282051282051285
"=HYPERLINK(""https://stackoverflow.com/q/71652673"", ""71652673"")",0.29896907216494856
"=HYPERLINK(""https://stackoverflow.com/q/71652798"", ""71652798"")",0.5844544095665171
"=HYPERLINK(""https://stackoverflow.com/q/71658687"", ""71658687"")",0.3565217391304349
"=HYPERLINK(""https://stackoverflow.com/q/71676204"", ""71676204"")",0.293010752688172
"=HYPERLINK(""https://stackoverflow.com/q/71677076"", ""71677076"")",0.5461538461538463
"=HYPERLINK(""https://stackoverflow.com/q/71696407"", ""71696407"")",0.26842105263157895
"=HYPERLINK(""https://stackoverflow.com/q/71706292"", ""71706292"")",0.437984496124031
"=HYPERLINK(""https://stackoverflow.com/q/71737315"", ""71737315"")",0.2590233545647558
"=HYPERLINK(""https://stackoverflow.com/q/71740115"", ""71740115"")",0.6323024054982819
"=HYPERLINK(""https://stackoverflow.com/q/71747662"", ""71747662"")",0.575907590759076
"=HYPERLINK(""https://stackoverflow.com/q/71751105"", ""71751105"")",0.36914600550964194
"=HYPERLINK(""https://stackoverflow.com/q/71756777"", ""71756777"")",0.3917525773195877
"=HYPERLINK(""https://stackoverflow.com/q/71759268"", ""71759268"")",0.3839662447257384
"=HYPERLINK(""https://stackoverflow.com/q/71790985"", ""71790985"")",0.4638554216867469
"=HYPERLINK(""https://stackoverflow.com/q/71847212"", ""71847212"")",0.4514435695538058
"=HYPERLINK(""https://stackoverflow.com/q/71847442"", ""71847442"")",0.5876288659793816
"=HYPERLINK(""https://stackoverflow.com/q/71848416"", ""71848416"")",0.3333333333333334
"=HYPERLINK(""https://stackoverflow.com/q/71856228"", ""71856228"")",0.5159420289855073
"=HYPERLINK(""https://stackoverflow.com/q/71863292"", ""71863292"")",0.30459770114942525
"=HYPERLINK(""https://stackoverflow.com/q/71870508"", ""71870508"")",0.33725490196078434
"=HYPERLINK(""https://stackoverflow.com/q/71885282"", ""71885282"")",0.33989788475565275
"=HYPERLINK(""https://stackoverflow.com/q/71885603"", ""71885603"")",0.25559947299077734
"=HYPERLINK(""https://stackoverflow.com/q/71923088"", ""71923088"")",0.6266666666666668
"=HYPERLINK(""https://stackoverflow.com/q/71986344"", ""71986344"")",0.5340632603406325
"=HYPERLINK(""https://stackoverflow.com/q/72032469"", ""72032469"")",0.5957446808510638
"=HYPERLINK(""https://stackoverflow.com/q/72036515"", ""72036515"")",0.5255623721881391
"=HYPERLINK(""https://stackoverflow.com/q/72039147"", ""72039147"")",0.44178082191780815
"=HYPERLINK(""https://stackoverflow.com/q/72039744"", ""72039744"")",0.4322033898305085
"=HYPERLINK(""https://stackoverflow.com/q/72045726"", ""72045726"")",0.26229508196721313
"=HYPERLINK(""https://stackoverflow.com/q/72051053"", ""72051053"")",0.44666666666666677
"=HYPERLINK(""https://stackoverflow.com/q/72056864"", ""72056864"")",0.48501872659176026
"=HYPERLINK(""https://stackoverflow.com/q/72058686"", ""72058686"")",0.28136882129277563
"=HYPERLINK(""https://stackoverflow.com/q/72068059"", ""72068059"")",0.4968553459119497
"=HYPERLINK(""https://stackoverflow.com/q/72088058"", ""72088058"")",0.7077625570776256
"=HYPERLINK(""https://stackoverflow.com/q/72092617"", ""72092617"")",0.37523809523809526
"=HYPERLINK(""https://stackoverflow.com/q/72096297"", ""72096297"")",0.2967032967032967
"=HYPERLINK(""https://stackoverflow.com/q/72099790"", ""72099790"")",0.6972477064220185
"=HYPERLINK(""https://stackoverflow.com/q/72130446"", ""72130446"")",0.8125000000000001
"=HYPERLINK(""https://stackoverflow.com/q/72163392"", ""72163392"")",0.7475490196078433
"=HYPERLINK(""https://stackoverflow.com/q/72163917"", ""72163917"")",0.37662337662337664
"=HYPERLINK(""https://stackoverflow.com/q/72183828"", ""72183828"")",0.5403225806451614
"=HYPERLINK(""https://stackoverflow.com/q/72190776"", ""72190776"")",0.27392739273927397
"=HYPERLINK(""https://stackoverflow.com/q/72203674"", ""72203674"")",0.4590163934426229
"=HYPERLINK(""https://stackoverflow.com/q/72207998"", ""72207998"")",0.4645286686103013
"=HYPERLINK(""https://stackoverflow.com/q/72238283"", ""72238283"")",0.3408239700374532
"=HYPERLINK(""https://stackoverflow.com/q/72238610"", ""72238610"")",0.3067484662576688
"=HYPERLINK(""https://stackoverflow.com/q/72266041"", ""72266041"")",0.39247311827956993
"=HYPERLINK(""https://stackoverflow.com/q/72271538"", ""72271538"")",0.2727272727272727
"=HYPERLINK(""https://stackoverflow.com/q/72290605"", ""72290605"")",0.48000000000000004
"=HYPERLINK(""https://stackoverflow.com/q/72309936"", ""72309936"")",0.48266666666666663
"=HYPERLINK(""https://stackoverflow.com/q/72331538"", ""72331538"")",0.25971370143149286
"=HYPERLINK(""https://stackoverflow.com/q/72363238"", ""72363238"")",0.37391304347826093
"=HYPERLINK(""https://stackoverflow.com/q/72376872"", ""72376872"")",0.540453074433657
"=HYPERLINK(""https://stackoverflow.com/q/72388899"", ""72388899"")",0.5460992907801419
"=HYPERLINK(""https://stackoverflow.com/q/72392070"", ""72392070"")",0.4262086513994911
"=HYPERLINK(""https://stackoverflow.com/q/72393733"", ""72393733"")",0.4854368932038835
"=HYPERLINK(""https://stackoverflow.com/q/72415936"", ""72415936"")",0.5066666666666667
"=HYPERLINK(""https://stackoverflow.com/q/72419908"", ""72419908"")",0.5368217054263565
"=HYPERLINK(""https://stackoverflow.com/q/72422041"", ""72422041"")",0.5674796747967479
"=HYPERLINK(""https://stackoverflow.com/q/72440188"", ""72440188"")",0.31912878787878796
"=HYPERLINK(""https://stackoverflow.com/q/72448994"", ""72448994"")",0.6666666666666667
"=HYPERLINK(""https://stackoverflow.com/q/72459536"", ""72459536"")",0.505952380952381
"=HYPERLINK(""https://stackoverflow.com/q/72460291"", ""72460291"")",0.47816091954022993
"=HYPERLINK(""https://stackoverflow.com/q/72472335"", ""72472335"")",0.6
"=HYPERLINK(""https://stackoverflow.com/q/72478525"", ""72478525"")",0.5064102564102565
"=HYPERLINK(""https://stackoverflow.com/q/72491505"", ""72491505"")",0.497716894977169
