link,Correlation
"=HYPERLINK(""https://stackoverflow.com/a/8907672"", ""8907672"")",0.4545454545454545
"=HYPERLINK(""https://stackoverflow.com/a/10208023"", ""10208023"")",0.2723577235772358
"=HYPERLINK(""https://stackoverflow.com/a/30167384"", ""30167384"")",0.2868217054263566
"=HYPERLINK(""https://stackoverflow.com/a/31619863"", ""31619863"")",0.2738095238095237
"=HYPERLINK(""https://stackoverflow.com/a/36134909"", ""36134909"")",0.4137931034482758
"=HYPERLINK(""https://stackoverflow.com/a/36357537"", ""36357537"")",0.3607305936073058
"=HYPERLINK(""https://stackoverflow.com/a/39129724"", ""39129724"")",0.3859649122807017
"=HYPERLINK(""https://stackoverflow.com/a/43295444"", ""43295444"")",0.47826086956521735
"=HYPERLINK(""https://stackoverflow.com/a/43809412"", ""43809412"")",0.2785388127853881
"=HYPERLINK(""https://stackoverflow.com/a/44416345"", ""44416345"")",0.424731182795699
"=HYPERLINK(""https://stackoverflow.com/a/44635065"", ""44635065"")",0.25
"=HYPERLINK(""https://stackoverflow.com/a/45177169"", ""45177169"")",0.5017543859649123
"=HYPERLINK(""https://stackoverflow.com/a/45425807"", ""45425807"")",0.1282051282051282
"=HYPERLINK(""https://stackoverflow.com/a/45749291"", ""45749291"")",0.32500000000000007
"=HYPERLINK(""https://stackoverflow.com/a/45774781"", ""45774781"")",0.1981981981981982
"=HYPERLINK(""https://stackoverflow.com/a/47160796"", ""47160796"")",0.3176100628930817
"=HYPERLINK(""https://stackoverflow.com/a/47470256"", ""47470256"")",0.3744292237442922
"=HYPERLINK(""https://stackoverflow.com/a/47695979"", ""47695979"")",0.24324324324324328
"=HYPERLINK(""https://stackoverflow.com/a/47840630"", ""47840630"")",0.2043010752688172
"=HYPERLINK(""https://stackoverflow.com/a/47939576"", ""47939576"")",0.6960784313725491
"=HYPERLINK(""https://stackoverflow.com/a/48267500"", ""48267500"")",0.22666666666666666
"=HYPERLINK(""https://stackoverflow.com/a/48375741"", ""48375741"")",0.38181818181818183
"=HYPERLINK(""https://stackoverflow.com/a/48483174"", ""48483174"")",0.3865030674846627
"=HYPERLINK(""https://stackoverflow.com/a/48687026"", ""48687026"")",0.4177215189873418
"=HYPERLINK(""https://stackoverflow.com/a/48883665"", ""48883665"")",0.4573643410852714
"=HYPERLINK(""https://stackoverflow.com/a/49013858"", ""49013858"")",0.246969696969697
"=HYPERLINK(""https://stackoverflow.com/a/49202971"", ""49202971"")",0.33043478260869574
"=HYPERLINK(""https://stackoverflow.com/a/49274597"", ""49274597"")",0.3500931098696462
"=HYPERLINK(""https://stackoverflow.com/a/49410697"", ""49410697"")",0.35294117647058837
"=HYPERLINK(""https://stackoverflow.com/a/49549520"", ""49549520"")",0.5675675675675675
"=HYPERLINK(""https://stackoverflow.com/a/49676109"", ""49676109"")",0.6346153846153847
"=HYPERLINK(""https://stackoverflow.com/a/49826308"", ""49826308"")",0.6169154228855722
"=HYPERLINK(""https://stackoverflow.com/a/50333288"", ""50333288"")",0.4595469255663431
"=HYPERLINK(""https://stackoverflow.com/a/50356165"", ""50356165"")",0.511278195488722
"=HYPERLINK(""https://stackoverflow.com/a/50423946"", ""50423946"")",0.41441441441441446
"=HYPERLINK(""https://stackoverflow.com/a/50806060"", ""50806060"")",0.125
"=HYPERLINK(""https://stackoverflow.com/a/51086609"", ""51086609"")",0.38818565400843885
"=HYPERLINK(""https://stackoverflow.com/a/51141771"", ""51141771"")",0.5411764705882354
"=HYPERLINK(""https://stackoverflow.com/a/51273498"", ""51273498"")",0.5051546391752578
"=HYPERLINK(""https://stackoverflow.com/a/51311703"", ""51311703"")",0.35539215686274517
"=HYPERLINK(""https://stackoverflow.com/a/51402839"", ""51402839"")",0.435897435897436
"=HYPERLINK(""https://stackoverflow.com/a/51449269"", ""51449269"")",0.4770318021201412
"=HYPERLINK(""https://stackoverflow.com/a/51461212"", ""51461212"")",0.33333333333333337
"=HYPERLINK(""https://stackoverflow.com/a/51518906"", ""51518906"")",0.23252032520325208
"=HYPERLINK(""https://stackoverflow.com/a/51566507"", ""51566507"")",0.6621468926553673
"=HYPERLINK(""https://stackoverflow.com/a/51790507"", ""51790507"")",0.260306242638398
"=HYPERLINK(""https://stackoverflow.com/a/51806501"", ""51806501"")",0.5423728813559323
"=HYPERLINK(""https://stackoverflow.com/a/51954073"", ""51954073"")",0.3974358974358974
"=HYPERLINK(""https://stackoverflow.com/a/52333511"", ""52333511"")",0.4611260053619304
"=HYPERLINK(""https://stackoverflow.com/a/52383850"", ""52383850"")",0.31300813008130085
"=HYPERLINK(""https://stackoverflow.com/a/52489197"", ""52489197"")",0.3835616438356164
"=HYPERLINK(""https://stackoverflow.com/a/52810390"", ""52810390"")",0.3188405797101449
"=HYPERLINK(""https://stackoverflow.com/a/52821433"", ""52821433"")",0.49659863945578214
"=HYPERLINK(""https://stackoverflow.com/a/52864930"", ""52864930"")",0.3954545454545454
"=HYPERLINK(""https://stackoverflow.com/a/52953000"", ""52953000"")",0.49685534591194963
"=HYPERLINK(""https://stackoverflow.com/a/52965741"", ""52965741"")",0.42394822006472493
"=HYPERLINK(""https://stackoverflow.com/a/52985267"", ""52985267"")",0.2424242424242424
"=HYPERLINK(""https://stackoverflow.com/a/53164740"", ""53164740"")",0.45000000000000007
"=HYPERLINK(""https://stackoverflow.com/a/53234247"", ""53234247"")",0.6910569105691058
"=HYPERLINK(""https://stackoverflow.com/a/53266856"", ""53266856"")",0.4496124031007752
"=HYPERLINK(""https://stackoverflow.com/a/53347423"", ""53347423"")",0.5588235294117648
"=HYPERLINK(""https://stackoverflow.com/a/53453401"", ""53453401"")",0.5696969696969698
"=HYPERLINK(""https://stackoverflow.com/a/53555742"", ""53555742"")",0.3181818181818182
"=HYPERLINK(""https://stackoverflow.com/a/53799724"", ""53799724"")",0.830357142857143
"=HYPERLINK(""https://stackoverflow.com/a/53819136"", ""53819136"")",0.3617886178861789
"=HYPERLINK(""https://stackoverflow.com/a/53891090"", ""53891090"")",0.6510416666666667
"=HYPERLINK(""https://stackoverflow.com/a/53910009"", ""53910009"")",0.2750000000000001
"=HYPERLINK(""https://stackoverflow.com/a/54036391"", ""54036391"")",0.45736434108527135
"=HYPERLINK(""https://stackoverflow.com/a/54230572"", ""54230572"")",0.3798449612403102
"=HYPERLINK(""https://stackoverflow.com/a/54261491"", ""54261491"")",0.4228855721393036
"=HYPERLINK(""https://stackoverflow.com/a/54328689"", ""54328689"")",0.4761904761904761
"=HYPERLINK(""https://stackoverflow.com/a/54412253"", ""54412253"")",0.25000000000000006
"=HYPERLINK(""https://stackoverflow.com/a/54416736"", ""54416736"")",0.5822784810126582
"=HYPERLINK(""https://stackoverflow.com/a/54449776"", ""54449776"")",0.37202380952380965
"=HYPERLINK(""https://stackoverflow.com/a/54624707"", ""54624707"")",0.39130434782608686
"=HYPERLINK(""https://stackoverflow.com/a/54728825"", ""54728825"")",0.44254278728606355
"=HYPERLINK(""https://stackoverflow.com/a/54817936"", ""54817936"")",0.3061224489795918
"=HYPERLINK(""https://stackoverflow.com/a/54931417"", ""54931417"")",0.7115384615384616
"=HYPERLINK(""https://stackoverflow.com/a/55044766"", ""55044766"")",0.4462365591397849
"=HYPERLINK(""https://stackoverflow.com/a/55270602"", ""55270602"")",0.3567708333333333
"=HYPERLINK(""https://stackoverflow.com/a/55288200"", ""55288200"")",0.3531073446327685
"=HYPERLINK(""https://stackoverflow.com/a/55545133"", ""55545133"")",0.449438202247191
"=HYPERLINK(""https://stackoverflow.com/a/55639028"", ""55639028"")",0.7333333333333334
"=HYPERLINK(""https://stackoverflow.com/a/55647486"", ""55647486"")",0.5710784313725492
"=HYPERLINK(""https://stackoverflow.com/a/55676460"", ""55676460"")",0.7656250000000002
"=HYPERLINK(""https://stackoverflow.com/a/55734127"", ""55734127"")",0.5686274509803922
"=HYPERLINK(""https://stackoverflow.com/a/55777420"", ""55777420"")",0.2820512820512821
"=HYPERLINK(""https://stackoverflow.com/a/55873467"", ""55873467"")",0.6451612903225804
"=HYPERLINK(""https://stackoverflow.com/a/55981711"", ""55981711"")",0.2878787878787879
"=HYPERLINK(""https://stackoverflow.com/a/56011913"", ""56011913"")",0.6019417475728155
"=HYPERLINK(""https://stackoverflow.com/a/56266600"", ""56266600"")",0.6502732240437158
"=HYPERLINK(""https://stackoverflow.com/a/56414728"", ""56414728"")",0.2608695652173913
"=HYPERLINK(""https://stackoverflow.com/a/56414804"", ""56414804"")",0.6047619047619048
"=HYPERLINK(""https://stackoverflow.com/a/56435992"", ""56435992"")",0.47435897435897445
"=HYPERLINK(""https://stackoverflow.com/a/56721869"", ""56721869"")",0.5519125683060109
"=HYPERLINK(""https://stackoverflow.com/a/56799946"", ""56799946"")",0.4866666666666667
"=HYPERLINK(""https://stackoverflow.com/a/56873265"", ""56873265"")",0.6129032258064514
"=HYPERLINK(""https://stackoverflow.com/a/56929136"", ""56929136"")",0.5147058823529413
"=HYPERLINK(""https://stackoverflow.com/a/56953821"", ""56953821"")",0.15476190476190474
"=HYPERLINK(""https://stackoverflow.com/a/56970043"", ""56970043"")",0.36036036036036045
"=HYPERLINK(""https://stackoverflow.com/a/57085164"", ""57085164"")",0.5658914728682171
"=HYPERLINK(""https://stackoverflow.com/a/57128286"", ""57128286"")",0.8153846153846155
"=HYPERLINK(""https://stackoverflow.com/a/57240769"", ""57240769"")",0.5588235294117648
"=HYPERLINK(""https://stackoverflow.com/a/57390387"", ""57390387"")",0.7523809523809525
"=HYPERLINK(""https://stackoverflow.com/a/57447588"", ""57447588"")",0.45098039215686286
"=HYPERLINK(""https://stackoverflow.com/a/57581935"", ""57581935"")",0.21333333333333332
"=HYPERLINK(""https://stackoverflow.com/a/57590064"", ""57590064"")",0.4144736842105264
"=HYPERLINK(""https://stackoverflow.com/a/57610706"", ""57610706"")",0.21568627450980382
"=HYPERLINK(""https://stackoverflow.com/a/57665110"", ""57665110"")",0.2681159420289855
"=HYPERLINK(""https://stackoverflow.com/a/57685377"", ""57685377"")",0.5216741405082211
"=HYPERLINK(""https://stackoverflow.com/a/57762933"", ""57762933"")",0.38379530916844345
"=HYPERLINK(""https://stackoverflow.com/a/57809314"", ""57809314"")",0.5271317829457365
"=HYPERLINK(""https://stackoverflow.com/a/57830593"", ""57830593"")",0.4329004329004329
"=HYPERLINK(""https://stackoverflow.com/a/57977973"", ""57977973"")",0.30973451327433627
"=HYPERLINK(""https://stackoverflow.com/a/58063739"", ""58063739"")",0.3640350877192982
"=HYPERLINK(""https://stackoverflow.com/a/58106255"", ""58106255"")",0.44217687074829937
"=HYPERLINK(""https://stackoverflow.com/a/58214626"", ""58214626"")",0.4065040650406505
"=HYPERLINK(""https://stackoverflow.com/a/58238824"", ""58238824"")",0.5136612021857924
"=HYPERLINK(""https://stackoverflow.com/a/58391776"", ""58391776"")",0.463917525773196
"=HYPERLINK(""https://stackoverflow.com/a/58523923"", ""58523923"")",0.45889387144992516
"=HYPERLINK(""https://stackoverflow.com/a/58610959"", ""58610959"")",0.3390804597701149
"=HYPERLINK(""https://stackoverflow.com/a/58660068"", ""58660068"")",0.6225895316804408
"=HYPERLINK(""https://stackoverflow.com/a/58698170"", ""58698170"")",0.27450980392156865
"=HYPERLINK(""https://stackoverflow.com/a/58725830"", ""58725830"")",0.3024054982817869
"=HYPERLINK(""https://stackoverflow.com/a/58753297"", ""58753297"")",0.38709677419354827
"=HYPERLINK(""https://stackoverflow.com/a/58912937"", ""58912937"")",0.32291666666666663
"=HYPERLINK(""https://stackoverflow.com/a/58920437"", ""58920437"")",0.2954545454545454
"=HYPERLINK(""https://stackoverflow.com/a/58924697"", ""58924697"")",0.30263157894736836
"=HYPERLINK(""https://stackoverflow.com/a/58995609"", ""58995609"")",0.2191780821917808
"=HYPERLINK(""https://stackoverflow.com/a/59349953"", ""59349953"")",0.6258503401360545
"=HYPERLINK(""https://stackoverflow.com/a/59466911"", ""59466911"")",0.6126126126126126
"=HYPERLINK(""https://stackoverflow.com/a/59486545"", ""59486545"")",0.29577464788732405
"=HYPERLINK(""https://stackoverflow.com/a/59694422"", ""59694422"")",0.3443526170798899
"=HYPERLINK(""https://stackoverflow.com/a/59883967"", ""59883967"")",0.3153153153153153
"=HYPERLINK(""https://stackoverflow.com/a/59923759"", ""59923759"")",0.31578947368421045
"=HYPERLINK(""https://stackoverflow.com/a/59924551"", ""59924551"")",0.5161290322580643
"=HYPERLINK(""https://stackoverflow.com/a/60099034"", ""60099034"")",0.4428571428571429
"=HYPERLINK(""https://stackoverflow.com/a/60103666"", ""60103666"")",0.6284153005464482
"=HYPERLINK(""https://stackoverflow.com/a/60130411"", ""60130411"")",0.39473684210526316
"=HYPERLINK(""https://stackoverflow.com/a/60133607"", ""60133607"")",0.45539906103286387
"=HYPERLINK(""https://stackoverflow.com/a/60154539"", ""60154539"")",0.5658914728682171
"=HYPERLINK(""https://stackoverflow.com/a/60162285"", ""60162285"")",0.71875
"=HYPERLINK(""https://stackoverflow.com/a/60330160"", ""60330160"")",0.653846153846154
"=HYPERLINK(""https://stackoverflow.com/a/60381962"", ""60381962"")",0.2916666666666666
"=HYPERLINK(""https://stackoverflow.com/a/60401251"", ""60401251"")",0.4858156028368794
"=HYPERLINK(""https://stackoverflow.com/a/60404377"", ""60404377"")",0.3750000000000001
"=HYPERLINK(""https://stackoverflow.com/a/60540183"", ""60540183"")",0.2857142857142858
"=HYPERLINK(""https://stackoverflow.com/a/60595045"", ""60595045"")",0.41666666666666663
"=HYPERLINK(""https://stackoverflow.com/a/60651192"", ""60651192"")",0.6403508771929824
"=HYPERLINK(""https://stackoverflow.com/a/60705311"", ""60705311"")",0.4215686274509805
"=HYPERLINK(""https://stackoverflow.com/a/60827946"", ""60827946"")",0.27941176470588236
"=HYPERLINK(""https://stackoverflow.com/a/61714655"", ""61714655"")",0.24200913242009128
"=HYPERLINK(""https://stackoverflow.com/a/61805863"", ""61805863"")",0.5056497175141245
"=HYPERLINK(""https://stackoverflow.com/a/62140638"", ""62140638"")",0.31615120274914094
"=HYPERLINK(""https://stackoverflow.com/a/62152348"", ""62152348"")",0.5188679245283019
"=HYPERLINK(""https://stackoverflow.com/a/62153048"", ""62153048"")",0.25683060109289624
"=HYPERLINK(""https://stackoverflow.com/a/62200269"", ""62200269"")",0.3163841807909605
"=HYPERLINK(""https://stackoverflow.com/a/62397535"", ""62397535"")",0.28455284552845533
"=HYPERLINK(""https://stackoverflow.com/a/62588813"", ""62588813"")",0.43243243243243246
"=HYPERLINK(""https://stackoverflow.com/a/62734254"", ""62734254"")",0.34408602150537626
"=HYPERLINK(""https://stackoverflow.com/a/62827895"", ""62827895"")",0.2807017543859647
"=HYPERLINK(""https://stackoverflow.com/a/62880170"", ""62880170"")",0.4028520499108735
"=HYPERLINK(""https://stackoverflow.com/a/62886603"", ""62886603"")",0.431578947368421
"=HYPERLINK(""https://stackoverflow.com/a/62926575"", ""62926575"")",0.35984848484848475
"=HYPERLINK(""https://stackoverflow.com/a/62980512"", ""62980512"")",0.3700000000000001
"=HYPERLINK(""https://stackoverflow.com/a/63006300"", ""63006300"")",0.5144927536231884
"=HYPERLINK(""https://stackoverflow.com/a/63182068"", ""63182068"")",0.5000000000000001
"=HYPERLINK(""https://stackoverflow.com/a/63199628"", ""63199628"")",0.5338983050847458
"=HYPERLINK(""https://stackoverflow.com/a/63251861"", ""63251861"")",0.5750000000000001
"=HYPERLINK(""https://stackoverflow.com/a/63269194"", ""63269194"")",0.5128205128205128
"=HYPERLINK(""https://stackoverflow.com/a/63304097"", ""63304097"")",0.7019607843137257
"=HYPERLINK(""https://stackoverflow.com/a/63305570"", ""63305570"")",0.5171568627450982
"=HYPERLINK(""https://stackoverflow.com/a/63339006"", ""63339006"")",0.6504065040650407
"=HYPERLINK(""https://stackoverflow.com/a/63350094"", ""63350094"")",0.3000000000000001
"=HYPERLINK(""https://stackoverflow.com/a/63363079"", ""63363079"")",0.4590163934426229
"=HYPERLINK(""https://stackoverflow.com/a/63373132"", ""63373132"")",0.3636363636363636
"=HYPERLINK(""https://stackoverflow.com/a/63405081"", ""63405081"")",0.6666666666666667
"=HYPERLINK(""https://stackoverflow.com/a/63459278"", ""63459278"")",0.34246575342465746
"=HYPERLINK(""https://stackoverflow.com/a/63490313"", ""63490313"")",0.3577235772357724
"=HYPERLINK(""https://stackoverflow.com/a/63545267"", ""63545267"")",0.6529680365296803
"=HYPERLINK(""https://stackoverflow.com/a/63771268"", ""63771268"")",0.6862745098039217
"=HYPERLINK(""https://stackoverflow.com/a/63816880"", ""63816880"")",0.4033333333333334
"=HYPERLINK(""https://stackoverflow.com/a/63881845"", ""63881845"")",0.6073059360730594
"=HYPERLINK(""https://stackoverflow.com/a/63923931"", ""63923931"")",0.37719298245614036
"=HYPERLINK(""https://stackoverflow.com/a/64210262"", ""64210262"")",0.3030303030303031
"=HYPERLINK(""https://stackoverflow.com/a/64301445"", ""64301445"")",0.45253863134657846
"=HYPERLINK(""https://stackoverflow.com/a/64360437"", ""64360437"")",0.3486394557823129
"=HYPERLINK(""https://stackoverflow.com/a/64569605"", ""64569605"")",0.6923076923076924
"=HYPERLINK(""https://stackoverflow.com/a/64575515"", ""64575515"")",0.6166666666666668
"=HYPERLINK(""https://stackoverflow.com/a/64599405"", ""64599405"")",0.5217391304347826
"=HYPERLINK(""https://stackoverflow.com/a/64651933"", ""64651933"")",0.6476683937823834
"=HYPERLINK(""https://stackoverflow.com/a/64685794"", ""64685794"")",0.6666666666666667
"=HYPERLINK(""https://stackoverflow.com/a/64708001"", ""64708001"")",0.4333333333333334
"=HYPERLINK(""https://stackoverflow.com/a/64982645"", ""64982645"")",0.24242424242424235
"=HYPERLINK(""https://stackoverflow.com/a/65026149"", ""65026149"")",0.6013513513513514
"=HYPERLINK(""https://stackoverflow.com/a/65276071"", ""65276071"")",0.5632183908045977
"=HYPERLINK(""https://stackoverflow.com/a/65301516"", ""65301516"")",0.4716312056737589
"=HYPERLINK(""https://stackoverflow.com/a/65407525"", ""65407525"")",0.19607843137254902
"=HYPERLINK(""https://stackoverflow.com/a/65719943"", ""65719943"")",0.6494252873563218
"=HYPERLINK(""https://stackoverflow.com/a/65744174"", ""65744174"")",0.4038461538461538
"=HYPERLINK(""https://stackoverflow.com/a/65755792"", ""65755792"")",0.33333333333333337
"=HYPERLINK(""https://stackoverflow.com/a/65782342"", ""65782342"")",0.5333333333333334
"=HYPERLINK(""https://stackoverflow.com/a/65833489"", ""65833489"")",0.6333333333333334
"=HYPERLINK(""https://stackoverflow.com/a/65858994"", ""65858994"")",0.39655172413793105
"=HYPERLINK(""https://stackoverflow.com/a/65905254"", ""65905254"")",0.5533333333333335
"=HYPERLINK(""https://stackoverflow.com/a/66018566"", ""66018566"")",0.8075601374570449
"=HYPERLINK(""https://stackoverflow.com/a/66056741"", ""66056741"")",0.6606060606060608
"=HYPERLINK(""https://stackoverflow.com/a/66075896"", ""66075896"")",0.47435897435897434
"=HYPERLINK(""https://stackoverflow.com/a/66240292"", ""66240292"")",0.22807017543859648
"=HYPERLINK(""https://stackoverflow.com/a/66274681"", ""66274681"")",0.42500000000000016
"=HYPERLINK(""https://stackoverflow.com/a/66447901"", ""66447901"")",0.3571428571428572
"=HYPERLINK(""https://stackoverflow.com/a/66654564"", ""66654564"")",0.3002207505518764
"=HYPERLINK(""https://stackoverflow.com/a/66802131"", ""66802131"")",0.45662100456621
"=HYPERLINK(""https://stackoverflow.com/a/66911626"", ""66911626"")",0.4234234234234234
"=HYPERLINK(""https://stackoverflow.com/a/67167050"", ""67167050"")",0.5576923076923077
"=HYPERLINK(""https://stackoverflow.com/a/67175474"", ""67175474"")",0.45714285714285724
"=HYPERLINK(""https://stackoverflow.com/a/67211018"", ""67211018"")",0.3041666666666667
"=HYPERLINK(""https://stackoverflow.com/a/67316171"", ""67316171"")",0.18627450980392155
"=HYPERLINK(""https://stackoverflow.com/a/67330281"", ""67330281"")",0.4356955380577428
"=HYPERLINK(""https://stackoverflow.com/a/67432142"", ""67432142"")",0.607843137254902
"=HYPERLINK(""https://stackoverflow.com/a/67449280"", ""67449280"")",0.30476190476190473
"=HYPERLINK(""https://stackoverflow.com/a/67503672"", ""67503672"")",0.1282051282051282
"=HYPERLINK(""https://stackoverflow.com/a/67621869"", ""67621869"")",0.3693693693693694
"=HYPERLINK(""https://stackoverflow.com/a/67640789"", ""67640789"")",0.31178160919540227
"=HYPERLINK(""https://stackoverflow.com/a/67658794"", ""67658794"")",0.33676975945017185
"=HYPERLINK(""https://stackoverflow.com/a/67820981"", ""67820981"")",0.27831715210355984
"=HYPERLINK(""https://stackoverflow.com/a/68000517"", ""68000517"")",0.36274509803921573
"=HYPERLINK(""https://stackoverflow.com/a/68064612"", ""68064612"")",0.3397435897435898
"=HYPERLINK(""https://stackoverflow.com/a/68092878"", ""68092878"")",0.22094801223241592
"=HYPERLINK(""https://stackoverflow.com/a/68099249"", ""68099249"")",0.28508771929824567
"=HYPERLINK(""https://stackoverflow.com/a/68237344"", ""68237344"")",0.3181818181818181
"=HYPERLINK(""https://stackoverflow.com/a/68256105"", ""68256105"")",0.6233333333333334
"=HYPERLINK(""https://stackoverflow.com/a/68260374"", ""68260374"")",0.2608695652173913
"=HYPERLINK(""https://stackoverflow.com/a/68489321"", ""68489321"")",0.36078431372549025
"=HYPERLINK(""https://stackoverflow.com/a/68489678"", ""68489678"")",0.5647058823529413
"=HYPERLINK(""https://stackoverflow.com/a/68569536"", ""68569536"")",0.38095238095238104
"=HYPERLINK(""https://stackoverflow.com/a/68580170"", ""68580170"")",0.38845144356955374
"=HYPERLINK(""https://stackoverflow.com/a/68658916"", ""68658916"")",0.35159817351598166
"=HYPERLINK(""https://stackoverflow.com/a/68780187"", ""68780187"")",0.4703196347031964
"=HYPERLINK(""https://stackoverflow.com/a/69184844"", ""69184844"")",0.5502008032128514
"=HYPERLINK(""https://stackoverflow.com/a/69256523"", ""69256523"")",0.3513513513513514
"=HYPERLINK(""https://stackoverflow.com/a/69365219"", ""69365219"")",0.21705426356589147
"=HYPERLINK(""https://stackoverflow.com/a/69388169"", ""69388169"")",0.3089887640449438
"=HYPERLINK(""https://stackoverflow.com/a/69400605"", ""69400605"")",0.2575210589651023
"=HYPERLINK(""https://stackoverflow.com/a/69531588"", ""69531588"")",0.6935483870967741
"=HYPERLINK(""https://stackoverflow.com/a/69615797"", ""69615797"")",0.43537414965986376
"=HYPERLINK(""https://stackoverflow.com/a/69632538"", ""69632538"")",0.3489583333333333
"=HYPERLINK(""https://stackoverflow.com/a/69667732"", ""69667732"")",0.30952380952380953
"=HYPERLINK(""https://stackoverflow.com/a/69691655"", ""69691655"")",0.41176470588235303
"=HYPERLINK(""https://stackoverflow.com/a/69729133"", ""69729133"")",0.3333333333333333
"=HYPERLINK(""https://stackoverflow.com/a/69813849"", ""69813849"")",0.2773892773892773
"=HYPERLINK(""https://stackoverflow.com/a/69853178"", ""69853178"")",0.48421052631578937
"=HYPERLINK(""https://stackoverflow.com/a/69932676"", ""69932676"")",0.5705128205128205
"=HYPERLINK(""https://stackoverflow.com/a/70173619"", ""70173619"")",0.22499999999999998
"=HYPERLINK(""https://stackoverflow.com/a/70188476"", ""70188476"")",0.2923076923076923
"=HYPERLINK(""https://stackoverflow.com/a/70204408"", ""70204408"")",0.4634146341463415
"=HYPERLINK(""https://stackoverflow.com/a/70254169"", ""70254169"")",0.3151515151515151
"=HYPERLINK(""https://stackoverflow.com/a/70271902"", ""70271902"")",0.5960264900662251
"=HYPERLINK(""https://stackoverflow.com/a/70412229"", ""70412229"")",0.4079601990049751
"=HYPERLINK(""https://stackoverflow.com/a/70513415"", ""70513415"")",0.3452380952380952
"=HYPERLINK(""https://stackoverflow.com/a/70548551"", ""70548551"")",0.40182648401826476
"=HYPERLINK(""https://stackoverflow.com/a/70553961"", ""70553961"")",0.8036529680365295
"=HYPERLINK(""https://stackoverflow.com/a/70566482"", ""70566482"")",0.4019607843137256
"=HYPERLINK(""https://stackoverflow.com/a/70608819"", ""70608819"")",0.503030303030303
"=HYPERLINK(""https://stackoverflow.com/a/70620323"", ""70620323"")",0.6082474226804125
"=HYPERLINK(""https://stackoverflow.com/a/70699106"", ""70699106"")",0.30524344569288386
"=HYPERLINK(""https://stackoverflow.com/a/70929124"", ""70929124"")",0.3770491803278688
"=HYPERLINK(""https://stackoverflow.com/a/70951154"", ""70951154"")",0.5612648221343872
"=HYPERLINK(""https://stackoverflow.com/a/71085071"", ""71085071"")",0.6286919831223629
"=HYPERLINK(""https://stackoverflow.com/a/71242437"", ""71242437"")",0.29487179487179493
"=HYPERLINK(""https://stackoverflow.com/a/71255910"", ""71255910"")",0.37442922374429227
"=HYPERLINK(""https://stackoverflow.com/a/71266245"", ""71266245"")",0.30980392156862746
"=HYPERLINK(""https://stackoverflow.com/a/71527132"", ""71527132"")",0.3140495867768595
"=HYPERLINK(""https://stackoverflow.com/a/71705309"", ""71705309"")",0.46899224806201545
"=HYPERLINK(""https://stackoverflow.com/a/71757468"", ""71757468"")",0.3971631205673759
"=HYPERLINK(""https://stackoverflow.com/a/71763011"", ""71763011"")",0.3779527559055118
"=HYPERLINK(""https://stackoverflow.com/a/71813187"", ""71813187"")",0.4540229885057472
"=HYPERLINK(""https://stackoverflow.com/a/71880474"", ""71880474"")",0.5875706214689267
"=HYPERLINK(""https://stackoverflow.com/a/71994146"", ""71994146"")",0.4019607843137256
"=HYPERLINK(""https://stackoverflow.com/a/72103129"", ""72103129"")",0.4776119402985075
"=HYPERLINK(""https://stackoverflow.com/a/72232763"", ""72232763"")",0.38333333333333336
"=HYPERLINK(""https://stackoverflow.com/a/72255017"", ""72255017"")",0.42829457364341084
"=HYPERLINK(""https://stackoverflow.com/a/72281612"", ""72281612"")",0.43666666666666676
"=HYPERLINK(""https://stackoverflow.com/a/72364273"", ""72364273"")",0.6959706959706962
"=HYPERLINK(""https://stackoverflow.com/a/72399247"", ""72399247"")",0.3433333333333334
"=HYPERLINK(""https://stackoverflow.com/a/72492930"", ""72492930"")",0.39303482587064686
