link,Correlation
"=HYPERLINK(""https://stackoverflow.com/q/10207486"", ""10207486"")",0.7826887661141807
"=HYPERLINK(""https://stackoverflow.com/q/11078118"", ""11078118"")",0.24159021406727832
"=HYPERLINK(""https://stackoverflow.com/q/11527699"", ""11527699"")",0.5164835164835166
"=HYPERLINK(""https://stackoverflow.com/q/17297043"", ""17297043"")",0.42045454545454547
"=HYPERLINK(""https://stackoverflow.com/q/17661064"", ""17661064"")",0.46846846846846846
"=HYPERLINK(""https://stackoverflow.com/q/24673888"", ""24673888"")",0.3025641025641026
"=HYPERLINK(""https://stackoverflow.com/q/29095520"", ""29095520"")",0.2568306010928962
"=HYPERLINK(""https://stackoverflow.com/q/30133814"", ""30133814"")",0.1712538226299694
"=HYPERLINK(""https://stackoverflow.com/q/33407874"", ""33407874"")",0.4352941176470589
"=HYPERLINK(""https://stackoverflow.com/q/35444244"", ""35444244"")",0.44575936883629186
"=HYPERLINK(""https://stackoverflow.com/q/36126897"", ""36126897"")",0.4278215223097112
"=HYPERLINK(""https://stackoverflow.com/q/36194987"", ""36194987"")",0.38652482269503546
"=HYPERLINK(""https://stackoverflow.com/q/39190415"", ""39190415"")",0.2849462365591398
"=HYPERLINK(""https://stackoverflow.com/q/39512166"", ""39512166"")",0.393574297188755
"=HYPERLINK(""https://stackoverflow.com/q/39597726"", ""39597726"")",0.49367088607594944
"=HYPERLINK(""https://stackoverflow.com/q/41068348"", ""41068348"")",0.3517241379310346
"=HYPERLINK(""https://stackoverflow.com/q/41846083"", ""41846083"")",0.3645083932853717
"=HYPERLINK(""https://stackoverflow.com/q/42385855"", ""42385855"")",0.3552631578947368
"=HYPERLINK(""https://stackoverflow.com/q/43109655"", ""43109655"")",0.43939393939393945
"=HYPERLINK(""https://stackoverflow.com/q/43602357"", ""43602357"")",0.40453074433656955
"=HYPERLINK(""https://stackoverflow.com/q/45680457"", ""45680457"")",0.32520325203252026
"=HYPERLINK(""https://stackoverflow.com/q/46558913"", ""46558913"")",0.4000000000000001
"=HYPERLINK(""https://stackoverflow.com/q/46970343"", ""46970343"")",0.2797619047619048
"=HYPERLINK(""https://stackoverflow.com/q/47718876"", ""47718876"")",0.3980263157894736
"=HYPERLINK(""https://stackoverflow.com/q/47838705"", ""47838705"")",0.33647798742138363
"=HYPERLINK(""https://stackoverflow.com/q/47913649"", ""47913649"")",0.5333333333333335
"=HYPERLINK(""https://stackoverflow.com/q/47925196"", ""47925196"")",0.3134328358208956
"=HYPERLINK(""https://stackoverflow.com/q/47939120"", ""47939120"")",0.4158075601374572
"=HYPERLINK(""https://stackoverflow.com/q/47946790"", ""47946790"")",0.431924882629108
"=HYPERLINK(""https://stackoverflow.com/q/48014413"", ""48014413"")",0.3351449275362319
"=HYPERLINK(""https://stackoverflow.com/q/48098671"", ""48098671"")",0.7303182579564489
"=HYPERLINK(""https://stackoverflow.com/q/48264656"", ""48264656"")",0.4189602446483181
"=HYPERLINK(""https://stackoverflow.com/q/48267427"", ""48267427"")",0.32142857142857145
"=HYPERLINK(""https://stackoverflow.com/q/48522013"", ""48522013"")",0.28138528138528146
"=HYPERLINK(""https://stackoverflow.com/q/48539564"", ""48539564"")",0.3268398268398269
"=HYPERLINK(""https://stackoverflow.com/q/48650152"", ""48650152"")",0.7580645161290321
"=HYPERLINK(""https://stackoverflow.com/q/48897340"", ""48897340"")",0.340686274509804
"=HYPERLINK(""https://stackoverflow.com/q/49103679"", ""49103679"")",0.39950980392156865
"=HYPERLINK(""https://stackoverflow.com/q/49168673"", ""49168673"")",0.4398625429553266
"=HYPERLINK(""https://stackoverflow.com/q/49365900"", ""49365900"")",0.40697674418604657
"=HYPERLINK(""https://stackoverflow.com/q/49374476"", ""49374476"")",0.29353233830845776
"=HYPERLINK(""https://stackoverflow.com/q/49548422"", ""49548422"")",0.35460992907801414
"=HYPERLINK(""https://stackoverflow.com/q/49665836"", ""49665836"")",0.4238095238095239
"=HYPERLINK(""https://stackoverflow.com/q/49826004"", ""49826004"")",0.4588235294117648
"=HYPERLINK(""https://stackoverflow.com/q/49977679"", ""49977679"")",0.4186046511627907
"=HYPERLINK(""https://stackoverflow.com/q/50165669"", ""50165669"")",0.4432234432234433
"=HYPERLINK(""https://stackoverflow.com/q/50185044"", ""50185044"")",0.476923076923077
"=HYPERLINK(""https://stackoverflow.com/q/50303607"", ""50303607"")",0.4125560538116591
"=HYPERLINK(""https://stackoverflow.com/q/50352412"", ""50352412"")",0.20921985815602837
"=HYPERLINK(""https://stackoverflow.com/q/50669991"", ""50669991"")",0.5868544600938969
"=HYPERLINK(""https://stackoverflow.com/q/50691319"", ""50691319"")",0.3939393939393939
"=HYPERLINK(""https://stackoverflow.com/q/50725328"", ""50725328"")",0.41333333333333344
"=HYPERLINK(""https://stackoverflow.com/q/50732094"", ""50732094"")",0.45142857142857146
"=HYPERLINK(""https://stackoverflow.com/q/50758127"", ""50758127"")",0.4979919678714859
"=HYPERLINK(""https://stackoverflow.com/q/50971948"", ""50971948"")",0.5203252032520327
"=HYPERLINK(""https://stackoverflow.com/q/50983316"", ""50983316"")",0.41134751773049644
"=HYPERLINK(""https://stackoverflow.com/q/51110274"", ""51110274"")",0.530612244897959
"=HYPERLINK(""https://stackoverflow.com/q/51117133"", ""51117133"")",0.36178861788617894
"=HYPERLINK(""https://stackoverflow.com/q/51149201"", ""51149201"")",0.5342163355408387
"=HYPERLINK(""https://stackoverflow.com/q/51215092"", ""51215092"")",0.5525114155251141
"=HYPERLINK(""https://stackoverflow.com/q/51293471"", ""51293471"")",0.4016260162601626
"=HYPERLINK(""https://stackoverflow.com/q/51341336"", ""51341336"")",0.7605177993527505
"=HYPERLINK(""https://stackoverflow.com/q/51433339"", ""51433339"")",0.37179487179487186
"=HYPERLINK(""https://stackoverflow.com/q/51450610"", ""51450610"")",0.41501103752759394
"=HYPERLINK(""https://stackoverflow.com/q/51488308"", ""51488308"")",0.2992424242424242
"=HYPERLINK(""https://stackoverflow.com/q/51538071"", ""51538071"")",0.19070512820512825
"=HYPERLINK(""https://stackoverflow.com/q/51549048"", ""51549048"")",0.6391752577319589
"=HYPERLINK(""https://stackoverflow.com/q/51614091"", ""51614091"")",0.2742857142857143
"=HYPERLINK(""https://stackoverflow.com/q/51629435"", ""51629435"")",0.3879781420765027
"=HYPERLINK(""https://stackoverflow.com/q/51670563"", ""51670563"")",0.45017182130584205
"=HYPERLINK(""https://stackoverflow.com/q/51790720"", ""51790720"")",0.34848484848484856
"=HYPERLINK(""https://stackoverflow.com/q/51803032"", ""51803032"")",0.3711001642036124
"=HYPERLINK(""https://stackoverflow.com/q/51853249"", ""51853249"")",0.37398373983739835
"=HYPERLINK(""https://stackoverflow.com/q/51858379"", ""51858379"")",0.45569620253164556
"=HYPERLINK(""https://stackoverflow.com/q/51878668"", ""51878668"")",0.5818181818181819
"=HYPERLINK(""https://stackoverflow.com/q/51908448"", ""51908448"")",0.3994490358126721
"=HYPERLINK(""https://stackoverflow.com/q/51933366"", ""51933366"")",0.5015290519877676
"=HYPERLINK(""https://stackoverflow.com/q/52225743"", ""52225743"")",0.39892473118279576
"=HYPERLINK(""https://stackoverflow.com/q/52287398"", ""52287398"")",0.6299435028248589
"=HYPERLINK(""https://stackoverflow.com/q/52415136"", ""52415136"")",0.6438356164383563
"=HYPERLINK(""https://stackoverflow.com/q/52684987"", ""52684987"")",0.4007707129094412
"=HYPERLINK(""https://stackoverflow.com/q/52689758"", ""52689758"")",0.4231884057971015
"=HYPERLINK(""https://stackoverflow.com/q/52762367"", ""52762367"")",0.30434782608695654
"=HYPERLINK(""https://stackoverflow.com/q/52923569"", ""52923569"")",0.49425287356321845
"=HYPERLINK(""https://stackoverflow.com/q/52926610"", ""52926610"")",0.4783549783549785
"=HYPERLINK(""https://stackoverflow.com/q/52939732"", ""52939732"")",0.37804878048780505
"=HYPERLINK(""https://stackoverflow.com/q/52940677"", ""52940677"")",0.5445736434108527
"=HYPERLINK(""https://stackoverflow.com/q/53105741"", ""53105741"")",0.35164835164835173
"=HYPERLINK(""https://stackoverflow.com/q/53125108"", ""53125108"")",0.4959349593495936
"=HYPERLINK(""https://stackoverflow.com/q/53146140"", ""53146140"")",0.735294117647059
"=HYPERLINK(""https://stackoverflow.com/q/53224172"", ""53224172"")",0.5757575757575759
"=HYPERLINK(""https://stackoverflow.com/q/53259647"", ""53259647"")",0.6593137254901962
"=HYPERLINK(""https://stackoverflow.com/q/53280902"", ""53280902"")",0.28076062639821037
"=HYPERLINK(""https://stackoverflow.com/q/53307519"", ""53307519"")",0.4619422572178479
"=HYPERLINK(""https://stackoverflow.com/q/53423061"", ""53423061"")",0.38392857142857156
"=HYPERLINK(""https://stackoverflow.com/q/53426160"", ""53426160"")",0.41469816272965876
"=HYPERLINK(""https://stackoverflow.com/q/53493970"", ""53493970"")",0.3383458646616543
"=HYPERLINK(""https://stackoverflow.com/q/53495968"", ""53495968"")",0.40952380952380957
"=HYPERLINK(""https://stackoverflow.com/q/53530867"", ""53530867"")",0.44366197183098605
"=HYPERLINK(""https://stackoverflow.com/q/53542781"", ""53542781"")",0.47794117647058837
"=HYPERLINK(""https://stackoverflow.com/q/53549566"", ""53549566"")",0.33563218390804594
"=HYPERLINK(""https://stackoverflow.com/q/53556558"", ""53556558"")",0.5053763440860215
"=HYPERLINK(""https://stackoverflow.com/q/53562235"", ""53562235"")",0.6544117647058824
"=HYPERLINK(""https://stackoverflow.com/q/53609409"", ""53609409"")",0.446886446886447
"=HYPERLINK(""https://stackoverflow.com/q/53638457"", ""53638457"")",0.19166666666666668
"=HYPERLINK(""https://stackoverflow.com/q/53695161"", ""53695161"")",0.20652173913043476
"=HYPERLINK(""https://stackoverflow.com/q/53713660"", ""53713660"")",0.4534883720930233
"=HYPERLINK(""https://stackoverflow.com/q/53716342"", ""53716342"")",0.47766323024054996
"=HYPERLINK(""https://stackoverflow.com/q/53774570"", ""53774570"")",0.5633333333333335
"=HYPERLINK(""https://stackoverflow.com/q/53782956"", ""53782956"")",0.4191176470588236
"=HYPERLINK(""https://stackoverflow.com/q/53785117"", ""53785117"")",0.5647058823529413
"=HYPERLINK(""https://stackoverflow.com/q/53809556"", ""53809556"")",0.47154471544715454
"=HYPERLINK(""https://stackoverflow.com/q/53908529"", ""53908529"")",0.4669738863287252
"=HYPERLINK(""https://stackoverflow.com/q/54003052"", ""54003052"")",0.5203252032520326
"=HYPERLINK(""https://stackoverflow.com/q/54026623"", ""54026623"")",0.3908872901678658
"=HYPERLINK(""https://stackoverflow.com/q/54049025"", ""54049025"")",0.28421052631578947
"=HYPERLINK(""https://stackoverflow.com/q/54072811"", ""54072811"")",0.621761658031088
"=HYPERLINK(""https://stackoverflow.com/q/54134805"", ""54134805"")",0.28358208955223885
"=HYPERLINK(""https://stackoverflow.com/q/54184145"", ""54184145"")",0.5945945945945945
"=HYPERLINK(""https://stackoverflow.com/q/54225740"", ""54225740"")",0.34871794871794876
"=HYPERLINK(""https://stackoverflow.com/q/54249334"", ""54249334"")",0.40760869565217384
"=HYPERLINK(""https://stackoverflow.com/q/54408673"", ""54408673"")",0.6538461538461539
"=HYPERLINK(""https://stackoverflow.com/q/54461730"", ""54461730"")",0.715210355987055
"=HYPERLINK(""https://stackoverflow.com/q/54470904"", ""54470904"")",0.3180428134556574
"=HYPERLINK(""https://stackoverflow.com/q/54622191"", ""54622191"")",0.41423948220064727
"=HYPERLINK(""https://stackoverflow.com/q/54653359"", ""54653359"")",0.3790476190476191
"=HYPERLINK(""https://stackoverflow.com/q/54660994"", ""54660994"")",0.33216783216783213
"=HYPERLINK(""https://stackoverflow.com/q/54671841"", ""54671841"")",0.22820512820512825
"=HYPERLINK(""https://stackoverflow.com/q/54833077"", ""54833077"")",0.35333333333333344
"=HYPERLINK(""https://stackoverflow.com/q/54903860"", ""54903860"")",0.3796909492273732
"=HYPERLINK(""https://stackoverflow.com/q/54931270"", ""54931270"")",0.6174242424242424
"=HYPERLINK(""https://stackoverflow.com/q/54955268"", ""54955268"")",0.4696969696969697
"=HYPERLINK(""https://stackoverflow.com/q/55020390"", ""55020390"")",0.5659203980099501
"=HYPERLINK(""https://stackoverflow.com/q/55067802"", ""55067802"")",0.5186915887850466
"=HYPERLINK(""https://stackoverflow.com/q/55090311"", ""55090311"")",0.7414634146341463
"=HYPERLINK(""https://stackoverflow.com/q/55111651"", ""55111651"")",0.6436781609195401
"=HYPERLINK(""https://stackoverflow.com/q/55112494"", ""55112494"")",0.6206896551724137
"=HYPERLINK(""https://stackoverflow.com/q/55115686"", ""55115686"")",0.5304347826086957
"=HYPERLINK(""https://stackoverflow.com/q/55132599"", ""55132599"")",0.24390243902439024
"=HYPERLINK(""https://stackoverflow.com/q/55183086"", ""55183086"")",0.5598526703499079
"=HYPERLINK(""https://stackoverflow.com/q/55275491"", ""55275491"")",0.4951456310679612
"=HYPERLINK(""https://stackoverflow.com/q/55303865"", ""55303865"")",0.3321917808219178
"=HYPERLINK(""https://stackoverflow.com/q/55422941"", ""55422941"")",0.4202898550724637
"=HYPERLINK(""https://stackoverflow.com/q/55425199"", ""55425199"")",0.41100323624595475
"=HYPERLINK(""https://stackoverflow.com/q/55459903"", ""55459903"")",0.7499999999999998
"=HYPERLINK(""https://stackoverflow.com/q/55480467"", ""55480467"")",0.7548209366391185
"=HYPERLINK(""https://stackoverflow.com/q/55531608"", ""55531608"")",0.557471264367816
"=HYPERLINK(""https://stackoverflow.com/q/55554746"", ""55554746"")",0.3358395989974937
"=HYPERLINK(""https://stackoverflow.com/q/55580232"", ""55580232"")",0.4935897435897436
"=HYPERLINK(""https://stackoverflow.com/q/55593128"", ""55593128"")",0.3014492753623189
"=HYPERLINK(""https://stackoverflow.com/q/55645119"", ""55645119"")",0.46956521739130436
"=HYPERLINK(""https://stackoverflow.com/q/55674959"", ""55674959"")",0.6203208556149732
"=HYPERLINK(""https://stackoverflow.com/q/55731954"", ""55731954"")",0.47560975609756106
"=HYPERLINK(""https://stackoverflow.com/q/55752427"", ""55752427"")",0.2886597938144331
"=HYPERLINK(""https://stackoverflow.com/q/55769759"", ""55769759"")",0.7520325203252033
"=HYPERLINK(""https://stackoverflow.com/q/55781509"", ""55781509"")",0.7172284644194756
"=HYPERLINK(""https://stackoverflow.com/q/55829940"", ""55829940"")",0.6523809523809525
"=HYPERLINK(""https://stackoverflow.com/q/55869651"", ""55869651"")",0.6785009861932938
"=HYPERLINK(""https://stackoverflow.com/q/55874657"", ""55874657"")",0.4225053078556263
"=HYPERLINK(""https://stackoverflow.com/q/55987935"", ""55987935"")",0.7882352941176471
"=HYPERLINK(""https://stackoverflow.com/q/56031922"", ""56031922"")",0.37343358395989984
"=HYPERLINK(""https://stackoverflow.com/q/56058530"", ""56058530"")",0.30833333333333335
"=HYPERLINK(""https://stackoverflow.com/q/56083148"", ""56083148"")",0.5043478260869567
"=HYPERLINK(""https://stackoverflow.com/q/56121070"", ""56121070"")",0.6912442396313364
"=HYPERLINK(""https://stackoverflow.com/q/56137377"", ""56137377"")",0.8262910798122066
"=HYPERLINK(""https://stackoverflow.com/q/56260720"", ""56260720"")",0.5955882352941179
"=HYPERLINK(""https://stackoverflow.com/q/56263995"", ""56263995"")",0.6666666666666667
"=HYPERLINK(""https://stackoverflow.com/q/56336777"", ""56336777"")",0.2795216741405082
"=HYPERLINK(""https://stackoverflow.com/q/56341012"", ""56341012"")",0.24955436720142607
"=HYPERLINK(""https://stackoverflow.com/q/56408976"", ""56408976"")",0.7261904761904763
"=HYPERLINK(""https://stackoverflow.com/q/56466592"", ""56466592"")",0.38056680161943324
"=HYPERLINK(""https://stackoverflow.com/q/56497428"", ""56497428"")",0.49048800661703884
"=HYPERLINK(""https://stackoverflow.com/q/56513409"", ""56513409"")",0.3005464480874316
"=HYPERLINK(""https://stackoverflow.com/q/56721821"", ""56721821"")",0.6265664160401003
"=HYPERLINK(""https://stackoverflow.com/q/56780426"", ""56780426"")",0.5242047026279393
"=HYPERLINK(""https://stackoverflow.com/q/56799763"", ""56799763"")",0.5539906103286385
"=HYPERLINK(""https://stackoverflow.com/q/56810011"", ""56810011"")",0.5742296918767508
"=HYPERLINK(""https://stackoverflow.com/q/56821807"", ""56821807"")",0.5022706630336057
"=HYPERLINK(""https://stackoverflow.com/q/56835306"", ""56835306"")",0.4594594594594593
"=HYPERLINK(""https://stackoverflow.com/q/56843216"", ""56843216"")",0.3976083707025411
"=HYPERLINK(""https://stackoverflow.com/q/56860955"", ""56860955"")",0.5330261136712752
"=HYPERLINK(""https://stackoverflow.com/q/56863907"", ""56863907"")",0.7763713080168776
"=HYPERLINK(""https://stackoverflow.com/q/56876706"", ""56876706"")",0.42825607064017657
"=HYPERLINK(""https://stackoverflow.com/q/56952741"", ""56952741"")",0.36619718309859167
"=HYPERLINK(""https://stackoverflow.com/q/56959953"", ""56959953"")",0.5598705501618123
"=HYPERLINK(""https://stackoverflow.com/q/56969859"", ""56969859"")",0.47766323024054996
"=HYPERLINK(""https://stackoverflow.com/q/57048765"", ""57048765"")",0.5459317585301838
"=HYPERLINK(""https://stackoverflow.com/q/57126765"", ""57126765"")",0.7113402061855671
"=HYPERLINK(""https://stackoverflow.com/q/57154630"", ""57154630"")",0.36996336996337
"=HYPERLINK(""https://stackoverflow.com/q/57157608"", ""57157608"")",0.781818181818182
"=HYPERLINK(""https://stackoverflow.com/q/57187148"", ""57187148"")",0.5418894830659535
"=HYPERLINK(""https://stackoverflow.com/q/57213293"", ""57213293"")",0.4999999999999999
"=HYPERLINK(""https://stackoverflow.com/q/57308335"", ""57308335"")",0.2784810126582279
"=HYPERLINK(""https://stackoverflow.com/q/57362038"", ""57362038"")",0.7951653944020356
"=HYPERLINK(""https://stackoverflow.com/q/57391387"", ""57391387"")",0.38511326860841427
"=HYPERLINK(""https://stackoverflow.com/q/57436140"", ""57436140"")",0.3320895522388059
"=HYPERLINK(""https://stackoverflow.com/q/57494223"", ""57494223"")",0.4483568075117372
"=HYPERLINK(""https://stackoverflow.com/q/57504109"", ""57504109"")",0.2829977628635347
"=HYPERLINK(""https://stackoverflow.com/q/57527791"", ""57527791"")",0.5242718446601942
"=HYPERLINK(""https://stackoverflow.com/q/57596224"", ""57596224"")",0.37212643678160917
"=HYPERLINK(""https://stackoverflow.com/q/57596841"", ""57596841"")",0.47249190938511326
"=HYPERLINK(""https://stackoverflow.com/q/57600154"", ""57600154"")",0.5010615711252655
"=HYPERLINK(""https://stackoverflow.com/q/57601733"", ""57601733"")",0.4606060606060607
"=HYPERLINK(""https://stackoverflow.com/q/57655516"", ""57655516"")",0.3941441441441441
"=HYPERLINK(""https://stackoverflow.com/q/57660251"", ""57660251"")",0.4772727272727273
"=HYPERLINK(""https://stackoverflow.com/q/57661142"", ""57661142"")",0.6289308176100629
"=HYPERLINK(""https://stackoverflow.com/q/57663282"", ""57663282"")",0.5706521739130435
"=HYPERLINK(""https://stackoverflow.com/q/57686852"", ""57686852"")",0.468864468864469
"=HYPERLINK(""https://stackoverflow.com/q/57808963"", ""57808963"")",0.5803921568627451
"=HYPERLINK(""https://stackoverflow.com/q/57811873"", ""57811873"")",0.34177215189873417
"=HYPERLINK(""https://stackoverflow.com/q/57857195"", ""57857195"")",0.6009389671361502
"=HYPERLINK(""https://stackoverflow.com/q/57857726"", ""57857726"")",0.3885209713024284
"=HYPERLINK(""https://stackoverflow.com/q/57892580"", ""57892580"")",0.5223367697594503
"=HYPERLINK(""https://stackoverflow.com/q/57986778"", ""57986778"")",0.6877637130801688
"=HYPERLINK(""https://stackoverflow.com/q/57987341"", ""57987341"")",0.5618279569892474
"=HYPERLINK(""https://stackoverflow.com/q/58060764"", ""58060764"")",0.2765957446808511
"=HYPERLINK(""https://stackoverflow.com/q/58105098"", ""58105098"")",0.5840220385674934
"=HYPERLINK(""https://stackoverflow.com/q/58110595"", ""58110595"")",0.2623762376237624
"=HYPERLINK(""https://stackoverflow.com/q/58181917"", ""58181917"")",0.4592933947772658
"=HYPERLINK(""https://stackoverflow.com/q/58194899"", ""58194899"")",0.4704301075268817
"=HYPERLINK(""https://stackoverflow.com/q/58237749"", ""58237749"")",0.648809523809524
"=HYPERLINK(""https://stackoverflow.com/q/58260409"", ""58260409"")",0.704225352112676
"=HYPERLINK(""https://stackoverflow.com/q/58300841"", ""58300841"")",0.4564755838641188
"=HYPERLINK(""https://stackoverflow.com/q/58311651"", ""58311651"")",0.381578947368421
"=HYPERLINK(""https://stackoverflow.com/q/58321545"", ""58321545"")",0.5015290519877676
"=HYPERLINK(""https://stackoverflow.com/q/58323029"", ""58323029"")",0.47619047619047605
"=HYPERLINK(""https://stackoverflow.com/q/58345935"", ""58345935"")",0.36630036630036633
"=HYPERLINK(""https://stackoverflow.com/q/58388830"", ""58388830"")",0.47047619047619055
"=HYPERLINK(""https://stackoverflow.com/q/58399417"", ""58399417"")",0.3133333333333333
"=HYPERLINK(""https://stackoverflow.com/q/58402319"", ""58402319"")",0.7213930348258707
"=HYPERLINK(""https://stackoverflow.com/q/58439444"", ""58439444"")",0.3883161512027492
"=HYPERLINK(""https://stackoverflow.com/q/58487710"", ""58487710"")",0.5753424657534247
"=HYPERLINK(""https://stackoverflow.com/q/58507066"", ""58507066"")",0.684931506849315
"=HYPERLINK(""https://stackoverflow.com/q/58517399"", ""58517399"")",0.41237113402061865
"=HYPERLINK(""https://stackoverflow.com/q/58553948"", ""58553948"")",0.44356955380577423
"=HYPERLINK(""https://stackoverflow.com/q/58630426"", ""58630426"")",0.2895238095238096
"=HYPERLINK(""https://stackoverflow.com/q/58645661"", ""58645661"")",0.5106382978723404
"=HYPERLINK(""https://stackoverflow.com/q/58659160"", ""58659160"")",0.38095238095238093
"=HYPERLINK(""https://stackoverflow.com/q/58663750"", ""58663750"")",0.4028436018957346
"=HYPERLINK(""https://stackoverflow.com/q/58755708"", ""58755708"")",0.28270042194092826
"=HYPERLINK(""https://stackoverflow.com/q/58772261"", ""58772261"")",0.34556574923547406
"=HYPERLINK(""https://stackoverflow.com/q/58806807"", ""58806807"")",0.36879432624113473
"=HYPERLINK(""https://stackoverflow.com/q/58892606"", ""58892606"")",0.4692144373673035
"=HYPERLINK(""https://stackoverflow.com/q/58892964"", ""58892964"")",0.29976019184652286
"=HYPERLINK(""https://stackoverflow.com/q/58956154"", ""58956154"")",0.5222929936305732
"=HYPERLINK(""https://stackoverflow.com/q/58956312"", ""58956312"")",0.5461538461538462
"=HYPERLINK(""https://stackoverflow.com/q/58992447"", ""58992447"")",0.5739750445632799
"=HYPERLINK(""https://stackoverflow.com/q/58992679"", ""58992679"")",0.5985915492957747
"=HYPERLINK(""https://stackoverflow.com/q/59078589"", ""59078589"")",0.7011494252873565
"=HYPERLINK(""https://stackoverflow.com/q/59094443"", ""59094443"")",0.6813186813186815
"=HYPERLINK(""https://stackoverflow.com/q/59111930"", ""59111930"")",0.6985815602836879
"=HYPERLINK(""https://stackoverflow.com/q/59113405"", ""59113405"")",0.46421267893660534
"=HYPERLINK(""https://stackoverflow.com/q/59193859"", ""59193859"")",0.42493638676844797
"=HYPERLINK(""https://stackoverflow.com/q/59289258"", ""59289258"")",0.6609195402298851
"=HYPERLINK(""https://stackoverflow.com/q/59337180"", ""59337180"")",0.4363636363636364
"=HYPERLINK(""https://stackoverflow.com/q/59349805"", ""59349805"")",0.5487627365356623
"=HYPERLINK(""https://stackoverflow.com/q/59430560"", ""59430560"")",0.5405405405405405
"=HYPERLINK(""https://stackoverflow.com/q/59445162"", ""59445162"")",0.519047619047619
"=HYPERLINK(""https://stackoverflow.com/q/59448351"", ""59448351"")",0.5501618122977345
"=HYPERLINK(""https://stackoverflow.com/q/59472551"", ""59472551"")",0.48373983739837406
"=HYPERLINK(""https://stackoverflow.com/q/59599721"", ""59599721"")",0.2965879265091863
"=HYPERLINK(""https://stackoverflow.com/q/59627875"", ""59627875"")",0.42257217847769035
"=HYPERLINK(""https://stackoverflow.com/q/59638097"", ""59638097"")",0.5757575757575756
"=HYPERLINK(""https://stackoverflow.com/q/59711677"", ""59711677"")",0.39166666666666666
"=HYPERLINK(""https://stackoverflow.com/q/59738063"", ""59738063"")",0.45348837209302323
"=HYPERLINK(""https://stackoverflow.com/q/59762829"", ""59762829"")",0.3285714285714286
"=HYPERLINK(""https://stackoverflow.com/q/59823119"", ""59823119"")",0.3794326241134751
"=HYPERLINK(""https://stackoverflow.com/q/59833019"", ""59833019"")",0.36078431372549025
"=HYPERLINK(""https://stackoverflow.com/q/59861165"", ""59861165"")",0.48188405797101436
"=HYPERLINK(""https://stackoverflow.com/q/59899533"", ""59899533"")",0.3238095238095238
"=HYPERLINK(""https://stackoverflow.com/q/59949130"", ""59949130"")",0.5934959349593496
"=HYPERLINK(""https://stackoverflow.com/q/59956042"", ""59956042"")",0.4610591900311526
"=HYPERLINK(""https://stackoverflow.com/q/60017893"", ""60017893"")",0.21985815602836878
"=HYPERLINK(""https://stackoverflow.com/q/60036916"", ""60036916"")",0.6666666666666669
"=HYPERLINK(""https://stackoverflow.com/q/60037376"", ""60037376"")",0.3246471226927253
"=HYPERLINK(""https://stackoverflow.com/q/60072981"", ""60072981"")",0.5037878787878788
"=HYPERLINK(""https://stackoverflow.com/q/60078143"", ""60078143"")",0.47058823529411764
"=HYPERLINK(""https://stackoverflow.com/q/60092509"", ""60092509"")",0.34545454545454557
"=HYPERLINK(""https://stackoverflow.com/q/60156370"", ""60156370"")",0.6363636363636365
"=HYPERLINK(""https://stackoverflow.com/q/60159875"", ""60159875"")",0.5754716981132075
"=HYPERLINK(""https://stackoverflow.com/q/60200449"", ""60200449"")",0.39890710382513667
"=HYPERLINK(""https://stackoverflow.com/q/60201321"", ""60201321"")",0.39830508474576276
"=HYPERLINK(""https://stackoverflow.com/q/60314319"", ""60314319"")",0.5157232704402516
"=HYPERLINK(""https://stackoverflow.com/q/60334889"", ""60334889"")",0.44915254237288144
"=HYPERLINK(""https://stackoverflow.com/q/60341782"", ""60341782"")",0.5410256410256411
"=HYPERLINK(""https://stackoverflow.com/q/60344876"", ""60344876"")",0.6090225563909775
"=HYPERLINK(""https://stackoverflow.com/q/60385799"", ""60385799"")",0.5265392781316348
"=HYPERLINK(""https://stackoverflow.com/q/60400611"", ""60400611"")",0.5091863517060368
"=HYPERLINK(""https://stackoverflow.com/q/60451782"", ""60451782"")",0.5288220551378446
"=HYPERLINK(""https://stackoverflow.com/q/60506398"", ""60506398"")",0.505813953488372
"=HYPERLINK(""https://stackoverflow.com/q/60534972"", ""60534972"")",0.4026548672566372
"=HYPERLINK(""https://stackoverflow.com/q/60607041"", ""60607041"")",0.5855855855855856
"=HYPERLINK(""https://stackoverflow.com/q/60627590"", ""60627590"")",0.5025641025641028
"=HYPERLINK(""https://stackoverflow.com/q/60636558"", ""60636558"")",0.3145833333333334
"=HYPERLINK(""https://stackoverflow.com/q/60644771"", ""60644771"")",0.411764705882353
"=HYPERLINK(""https://stackoverflow.com/q/60655275"", ""60655275"")",0.47517730496453897
"=HYPERLINK(""https://stackoverflow.com/q/60656978"", ""60656978"")",0.35942028985507257
"=HYPERLINK(""https://stackoverflow.com/q/60668635"", ""60668635"")",0.46357615894039744
"=HYPERLINK(""https://stackoverflow.com/q/60684191"", ""60684191"")",0.29523809523809524
"=HYPERLINK(""https://stackoverflow.com/q/60707985"", ""60707985"")",0.4813333333333333
"=HYPERLINK(""https://stackoverflow.com/q/60716202"", ""60716202"")",0.34117647058823536
"=HYPERLINK(""https://stackoverflow.com/q/60728443"", ""60728443"")",0.4395604395604396
"=HYPERLINK(""https://stackoverflow.com/q/60748509"", ""60748509"")",0.5440251572327044
"=HYPERLINK(""https://stackoverflow.com/q/60748772"", ""60748772"")",0.31249999999999994
"=HYPERLINK(""https://stackoverflow.com/q/60801292"", ""60801292"")",0.4092827004219409
"=HYPERLINK(""https://stackoverflow.com/q/60816944"", ""60816944"")",0.4687499999999999
"=HYPERLINK(""https://stackoverflow.com/q/60848427"", ""60848427"")",0.752450980392157
"=HYPERLINK(""https://stackoverflow.com/q/60866431"", ""60866431"")",0.288107202680067
"=HYPERLINK(""https://stackoverflow.com/q/60868257"", ""60868257"")",0.4104683195592288
"=HYPERLINK(""https://stackoverflow.com/q/60910863"", ""60910863"")",0.3658536585365854
"=HYPERLINK(""https://stackoverflow.com/q/60976891"", ""60976891"")",0.5633333333333336
"=HYPERLINK(""https://stackoverflow.com/q/61059996"", ""61059996"")",0.36011904761904767
"=HYPERLINK(""https://stackoverflow.com/q/61090530"", ""61090530"")",0.35540838852097134
"=HYPERLINK(""https://stackoverflow.com/q/61091659"", ""61091659"")",0.30392156862745096
"=HYPERLINK(""https://stackoverflow.com/q/61122143"", ""61122143"")",0.4848484848484849
"=HYPERLINK(""https://stackoverflow.com/q/61152276"", ""61152276"")",0.3532008830022075
"=HYPERLINK(""https://stackoverflow.com/q/61180209"", ""61180209"")",0.31645569620253167
"=HYPERLINK(""https://stackoverflow.com/q/61181955"", ""61181955"")",0.2975206611570249
"=HYPERLINK(""https://stackoverflow.com/q/61191412"", ""61191412"")",0.5218390804597701
"=HYPERLINK(""https://stackoverflow.com/q/61214419"", ""61214419"")",0.4047619047619048
"=HYPERLINK(""https://stackoverflow.com/q/61380051"", ""61380051"")",0.4337899543378995
"=HYPERLINK(""https://stackoverflow.com/q/61415420"", ""61415420"")",0.4342507645259939
"=HYPERLINK(""https://stackoverflow.com/q/61459114"", ""61459114"")",0.3724137931034483
"=HYPERLINK(""https://stackoverflow.com/q/61520346"", ""61520346"")",0.7297297297297299
"=HYPERLINK(""https://stackoverflow.com/q/61597442"", ""61597442"")",0.5212765957446808
"=HYPERLINK(""https://stackoverflow.com/q/61626685"", ""61626685"")",0.4435028248587571
"=HYPERLINK(""https://stackoverflow.com/q/61713239"", ""61713239"")",0.6226415094339621
"=HYPERLINK(""https://stackoverflow.com/q/61714177"", ""61714177"")",0.36133333333333334
"=HYPERLINK(""https://stackoverflow.com/q/61768904"", ""61768904"")",0.37499999999999994
"=HYPERLINK(""https://stackoverflow.com/q/61804137"", ""61804137"")",0.34415584415584427
"=HYPERLINK(""https://stackoverflow.com/q/61832086"", ""61832086"")",0.42925659472422073
"=HYPERLINK(""https://stackoverflow.com/q/61842665"", ""61842665"")",0.34782608695652184
"=HYPERLINK(""https://stackoverflow.com/q/61875682"", ""61875682"")",0.23333333333333334
"=HYPERLINK(""https://stackoverflow.com/q/61878860"", ""61878860"")",0.5297619047619049
"=HYPERLINK(""https://stackoverflow.com/q/61893012"", ""61893012"")",0.5212121212121212
"=HYPERLINK(""https://stackoverflow.com/q/61897114"", ""61897114"")",0.34375
"=HYPERLINK(""https://stackoverflow.com/q/61912819"", ""61912819"")",0.29019607843137263
"=HYPERLINK(""https://stackoverflow.com/q/61953977"", ""61953977"")",0.6470588235294118
"=HYPERLINK(""https://stackoverflow.com/q/61984217"", ""61984217"")",0.3857677902621724
"=HYPERLINK(""https://stackoverflow.com/q/61994821"", ""61994821"")",0.27860696517412936
"=HYPERLINK(""https://stackoverflow.com/q/62077199"", ""62077199"")",0.7200000000000001
"=HYPERLINK(""https://stackoverflow.com/q/62111580"", ""62111580"")",0.6157112526539278
"=HYPERLINK(""https://stackoverflow.com/q/62137347"", ""62137347"")",0.6086956521739131
"=HYPERLINK(""https://stackoverflow.com/q/62140446"", ""62140446"")",0.40127388535031844
"=HYPERLINK(""https://stackoverflow.com/q/62255062"", ""62255062"")",0.318452380952381
"=HYPERLINK(""https://stackoverflow.com/q/62319753"", ""62319753"")",0.5609195402298851
"=HYPERLINK(""https://stackoverflow.com/q/62343048"", ""62343048"")",0.441717791411043
"=HYPERLINK(""https://stackoverflow.com/q/62534230"", ""62534230"")",0.7689393939393939
"=HYPERLINK(""https://stackoverflow.com/q/62541587"", ""62541587"")",0.8317152103559867
"=HYPERLINK(""https://stackoverflow.com/q/62557113"", ""62557113"")",0.3431372549019609
"=HYPERLINK(""https://stackoverflow.com/q/62630613"", ""62630613"")",0.3159420289855072
"=HYPERLINK(""https://stackoverflow.com/q/62635242"", ""62635242"")",0.532051282051282
"=HYPERLINK(""https://stackoverflow.com/q/62654794"", ""62654794"")",0.528052805280528
"=HYPERLINK(""https://stackoverflow.com/q/62657204"", ""62657204"")",0.7142857142857144
"=HYPERLINK(""https://stackoverflow.com/q/62705148"", ""62705148"")",0.4820143884892087
"=HYPERLINK(""https://stackoverflow.com/q/62725467"", ""62725467"")",0.7338709677419354
"=HYPERLINK(""https://stackoverflow.com/q/62733919"", ""62733919"")",0.310077519379845
"=HYPERLINK(""https://stackoverflow.com/q/62734059"", ""62734059"")",0.6244725738396625
"=HYPERLINK(""https://stackoverflow.com/q/62734994"", ""62734994"")",0.6492753623188405
"=HYPERLINK(""https://stackoverflow.com/q/62758655"", ""62758655"")",0.571794871794872
"=HYPERLINK(""https://stackoverflow.com/q/62777952"", ""62777952"")",0.575268817204301
"=HYPERLINK(""https://stackoverflow.com/q/62886435"", ""62886435"")",0.3797468354430379
"=HYPERLINK(""https://stackoverflow.com/q/62889284"", ""62889284"")",0.4973333333333334
"=HYPERLINK(""https://stackoverflow.com/q/62896407"", ""62896407"")",0.32067510548523204
"=HYPERLINK(""https://stackoverflow.com/q/62919671"", ""62919671"")",0.4042081949058693
"=HYPERLINK(""https://stackoverflow.com/q/62924837"", ""62924837"")",0.6005509641873279
"=HYPERLINK(""https://stackoverflow.com/q/62928892"", ""62928892"")",0.6813725490196081
"=HYPERLINK(""https://stackoverflow.com/q/63005122"", ""63005122"")",0.38320209973753283
"=HYPERLINK(""https://stackoverflow.com/q/63024900"", ""63024900"")",0.4295774647887324
"=HYPERLINK(""https://stackoverflow.com/q/63035151"", ""63035151"")",0.31175059952038375
"=HYPERLINK(""https://stackoverflow.com/q/63073171"", ""63073171"")",0.6105769230769231
"=HYPERLINK(""https://stackoverflow.com/q/63145277"", ""63145277"")",0.3783939919121895
"=HYPERLINK(""https://stackoverflow.com/q/63158394"", ""63158394"")",0.5099009900990098
"=HYPERLINK(""https://stackoverflow.com/q/63179080"", ""63179080"")",0.6447368421052632
"=HYPERLINK(""https://stackoverflow.com/q/63199239"", ""63199239"")",0.8002699055330635
"=HYPERLINK(""https://stackoverflow.com/q/63255556"", ""63255556"")",0.44648318042813456
"=HYPERLINK(""https://stackoverflow.com/q/63268849"", ""63268849"")",0.41013824884792627
"=HYPERLINK(""https://stackoverflow.com/q/63304005"", ""63304005"")",0.8059701492537316
"=HYPERLINK(""https://stackoverflow.com/q/63305569"", ""63305569"")",0.7559055118110235
"=HYPERLINK(""https://stackoverflow.com/q/63328246"", ""63328246"")",0.6932515337423313
"=HYPERLINK(""https://stackoverflow.com/q/63338577"", ""63338577"")",0.6563573883161512
"=HYPERLINK(""https://stackoverflow.com/q/63350039"", ""63350039"")",0.7477477477477477
"=HYPERLINK(""https://stackoverflow.com/q/63361229"", ""63361229"")",0.42753623188405804
"=HYPERLINK(""https://stackoverflow.com/q/63371149"", ""63371149"")",0.2747967479674797
"=HYPERLINK(""https://stackoverflow.com/q/63389383"", ""63389383"")",0.29761904761904767
"=HYPERLINK(""https://stackoverflow.com/q/63389461"", ""63389461"")",0.5772357723577238
"=HYPERLINK(""https://stackoverflow.com/q/63405080"", ""63405080"")",0.6161048689138576
"=HYPERLINK(""https://stackoverflow.com/q/63427965"", ""63427965"")",0.3700980392156864
"=HYPERLINK(""https://stackoverflow.com/q/63457857"", ""63457857"")",0.29702970297029707
"=HYPERLINK(""https://stackoverflow.com/q/63477448"", ""63477448"")",0.6126760563380282
"=HYPERLINK(""https://stackoverflow.com/q/63544251"", ""63544251"")",0.6164383561643835
"=HYPERLINK(""https://stackoverflow.com/q/63568274"", ""63568274"")",0.22051282051282053
"=HYPERLINK(""https://stackoverflow.com/q/63639928"", ""63639928"")",0.32549019607843144
"=HYPERLINK(""https://stackoverflow.com/q/63698011"", ""63698011"")",0.29904761904761906
"=HYPERLINK(""https://stackoverflow.com/q/63728507"", ""63728507"")",0.28248587570621475
"=HYPERLINK(""https://stackoverflow.com/q/63729502"", ""63729502"")",0.6289308176100629
"=HYPERLINK(""https://stackoverflow.com/q/63775893"", ""63775893"")",0.5275080906148867
"=HYPERLINK(""https://stackoverflow.com/q/63777462"", ""63777462"")",0.6051282051282052
"=HYPERLINK(""https://stackoverflow.com/q/63783682"", ""63783682"")",0.5340136054421768
"=HYPERLINK(""https://stackoverflow.com/q/63805114"", ""63805114"")",0.617737003058104
"=HYPERLINK(""https://stackoverflow.com/q/63811726"", ""63811726"")",0.4954954954954955
"=HYPERLINK(""https://stackoverflow.com/q/63842995"", ""63842995"")",0.3262411347517731
"=HYPERLINK(""https://stackoverflow.com/q/63849893"", ""63849893"")",0.42829457364341084
"=HYPERLINK(""https://stackoverflow.com/q/63895316"", ""63895316"")",0.7261146496815286
"=HYPERLINK(""https://stackoverflow.com/q/64029454"", ""64029454"")",0.4724919093851134
"=HYPERLINK(""https://stackoverflow.com/q/64141003"", ""64141003"")",0.355889724310777
"=HYPERLINK(""https://stackoverflow.com/q/64143263"", ""64143263"")",0.48858447488584467
"=HYPERLINK(""https://stackoverflow.com/q/64157391"", ""64157391"")",0.3078231292517008
"=HYPERLINK(""https://stackoverflow.com/q/64158911"", ""64158911"")",0.3521126760563381
"=HYPERLINK(""https://stackoverflow.com/q/64167233"", ""64167233"")",0.30392156862745107
"=HYPERLINK(""https://stackoverflow.com/q/64207678"", ""64207678"")",0.2740447957839262
"=HYPERLINK(""https://stackoverflow.com/q/64211755"", ""64211755"")",0.5079950799507994
"=HYPERLINK(""https://stackoverflow.com/q/64238362"", ""64238362"")",0.7475728155339805
"=HYPERLINK(""https://stackoverflow.com/q/64247065"", ""64247065"")",0.3652482269503546
"=HYPERLINK(""https://stackoverflow.com/q/64256639"", ""64256639"")",0.36956521739130427
"=HYPERLINK(""https://stackoverflow.com/q/64300737"", ""64300737"")",0.7636363636363638
"=HYPERLINK(""https://stackoverflow.com/q/64407452"", ""64407452"")",0.5104761904761905
"=HYPERLINK(""https://stackoverflow.com/q/64449982"", ""64449982"")",0.546979865771812
"=HYPERLINK(""https://stackoverflow.com/q/64563538"", ""64563538"")",0.4010416666666666
"=HYPERLINK(""https://stackoverflow.com/q/64703268"", ""64703268"")",0.3732876712328767
"=HYPERLINK(""https://stackoverflow.com/q/64750798"", ""64750798"")",0.5635738831615121
"=HYPERLINK(""https://stackoverflow.com/q/64772514"", ""64772514"")",0.5091575091575093
"=HYPERLINK(""https://stackoverflow.com/q/64784040"", ""64784040"")",0.2649006622516557
"=HYPERLINK(""https://stackoverflow.com/q/64889596"", ""64889596"")",0.34117647058823536
"=HYPERLINK(""https://stackoverflow.com/q/64909903"", ""64909903"")",0.5421686746987953
"=HYPERLINK(""https://stackoverflow.com/q/64964435"", ""64964435"")",0.7351598173515982
"=HYPERLINK(""https://stackoverflow.com/q/64974572"", ""64974572"")",0.3107769423558898
"=HYPERLINK(""https://stackoverflow.com/q/64979752"", ""64979752"")",0.20647773279352222
"=HYPERLINK(""https://stackoverflow.com/q/64980201"", ""64980201"")",0.40512820512820524
"=HYPERLINK(""https://stackoverflow.com/q/65054187"", ""65054187"")",0.5485232067510549
"=HYPERLINK(""https://stackoverflow.com/q/65084685"", ""65084685"")",0.4516765285996055
"=HYPERLINK(""https://stackoverflow.com/q/65128588"", ""65128588"")",0.45941278065630403
"=HYPERLINK(""https://stackoverflow.com/q/65159308"", ""65159308"")",0.5333333333333334
"=HYPERLINK(""https://stackoverflow.com/q/65159394"", ""65159394"")",0.4975124378109454
"=HYPERLINK(""https://stackoverflow.com/q/65159557"", ""65159557"")",0.5344827586206896
"=HYPERLINK(""https://stackoverflow.com/q/65166372"", ""65166372"")",0.34117647058823536
"=HYPERLINK(""https://stackoverflow.com/q/65195546"", ""65195546"")",0.47679324894514763
"=HYPERLINK(""https://stackoverflow.com/q/65238339"", ""65238339"")",0.471264367816092
"=HYPERLINK(""https://stackoverflow.com/q/65243886"", ""65243886"")",0.5509950248756217
"=HYPERLINK(""https://stackoverflow.com/q/65253655"", ""65253655"")",0.52
"=HYPERLINK(""https://stackoverflow.com/q/65349712"", ""65349712"")",0.35534591194968546
"=HYPERLINK(""https://stackoverflow.com/q/65384846"", ""65384846"")",0.3346508563899869
"=HYPERLINK(""https://stackoverflow.com/q/65407274"", ""65407274"")",0.4617737003058105
"=HYPERLINK(""https://stackoverflow.com/q/65532627"", ""65532627"")",0.36250000000000004
"=HYPERLINK(""https://stackoverflow.com/q/65546361"", ""65546361"")",0.2972972972972974
"=HYPERLINK(""https://stackoverflow.com/q/65561432"", ""65561432"")",0.4220183486238532
"=HYPERLINK(""https://stackoverflow.com/q/65569634"", ""65569634"")",0.26220016542597185
"=HYPERLINK(""https://stackoverflow.com/q/65613893"", ""65613893"")",0.31920903954802266
"=HYPERLINK(""https://stackoverflow.com/q/65628085"", ""65628085"")",0.36497890295358654
"=HYPERLINK(""https://stackoverflow.com/q/65686419"", ""65686419"")",0.5178571428571429
"=HYPERLINK(""https://stackoverflow.com/q/65699629"", ""65699629"")",0.3680318543799773
"=HYPERLINK(""https://stackoverflow.com/q/65706899"", ""65706899"")",0.5779220779220781
"=HYPERLINK(""https://stackoverflow.com/q/65719292"", ""65719292"")",0.37280701754385964
"=HYPERLINK(""https://stackoverflow.com/q/65743942"", ""65743942"")",0.5701415701415702
"=HYPERLINK(""https://stackoverflow.com/q/65753455"", ""65753455"")",0.5175438596491226
"=HYPERLINK(""https://stackoverflow.com/q/65756017"", ""65756017"")",0.4462025316455696
"=HYPERLINK(""https://stackoverflow.com/q/65770913"", ""65770913"")",0.784090909090909
"=HYPERLINK(""https://stackoverflow.com/q/65781409"", ""65781409"")",0.35875706214689285
"=HYPERLINK(""https://stackoverflow.com/q/65832720"", ""65832720"")",0.5011494252873565
"=HYPERLINK(""https://stackoverflow.com/q/65889143"", ""65889143"")",0.3241590214067278
"=HYPERLINK(""https://stackoverflow.com/q/65925975"", ""65925975"")",0.5276073619631901
"=HYPERLINK(""https://stackoverflow.com/q/65995020"", ""65995020"")",0.3825136612021859
"=HYPERLINK(""https://stackoverflow.com/q/66061721"", ""66061721"")",0.7004504504504505
"=HYPERLINK(""https://stackoverflow.com/q/66084649"", ""66084649"")",0.40375586854460094
"=HYPERLINK(""https://stackoverflow.com/q/66239966"", ""66239966"")",0.5112994350282487
"=HYPERLINK(""https://stackoverflow.com/q/66258663"", ""66258663"")",0.2638036809815952
"=HYPERLINK(""https://stackoverflow.com/q/66266759"", ""66266759"")",0.47402597402597413
"=HYPERLINK(""https://stackoverflow.com/q/66273100"", ""66273100"")",0.6457142857142858
"=HYPERLINK(""https://stackoverflow.com/q/66282143"", ""66282143"")",0.3484276729559748
"=HYPERLINK(""https://stackoverflow.com/q/66389708"", ""66389708"")",0.5977961432506886
"=HYPERLINK(""https://stackoverflow.com/q/66433365"", ""66433365"")",0.429718875502008
"=HYPERLINK(""https://stackoverflow.com/q/66469322"", ""66469322"")",0.3512820512820514
"=HYPERLINK(""https://stackoverflow.com/q/66545743"", ""66545743"")",0.45054945054945067
"=HYPERLINK(""https://stackoverflow.com/q/66554893"", ""66554893"")",0.6017316017316018
"=HYPERLINK(""https://stackoverflow.com/q/66560548"", ""66560548"")",0.8234649122807021
"=HYPERLINK(""https://stackoverflow.com/q/66646237"", ""66646237"")",0.7253521126760565
"=HYPERLINK(""https://stackoverflow.com/q/66653093"", ""66653093"")",0.34397163120567376
"=HYPERLINK(""https://stackoverflow.com/q/66701002"", ""66701002"")",0.8405797101449275
"=HYPERLINK(""https://stackoverflow.com/q/66793845"", ""66793845"")",0.3050847457627119
"=HYPERLINK(""https://stackoverflow.com/q/66818397"", ""66818397"")",0.5660377358490565
"=HYPERLINK(""https://stackoverflow.com/q/66820884"", ""66820884"")",0.48340874811463047
"=HYPERLINK(""https://stackoverflow.com/q/66911321"", ""66911321"")",0.3422459893048128
"=HYPERLINK(""https://stackoverflow.com/q/66912388"", ""66912388"")",0.30721393034825867
"=HYPERLINK(""https://stackoverflow.com/q/66915920"", ""66915920"")",0.37288135593220345
"=HYPERLINK(""https://stackoverflow.com/q/66953447"", ""66953447"")",0.5024875621890548
"=HYPERLINK(""https://stackoverflow.com/q/66999402"", ""66999402"")",0.5390070921985816
"=HYPERLINK(""https://stackoverflow.com/q/67056363"", ""67056363"")",0.5208333333333335
"=HYPERLINK(""https://stackoverflow.com/q/67093041"", ""67093041"")",0.44366197183098594
"=HYPERLINK(""https://stackoverflow.com/q/67123040"", ""67123040"")",0.29353233830845776
"=HYPERLINK(""https://stackoverflow.com/q/67131617"", ""67131617"")",0.5946969696969696
"=HYPERLINK(""https://stackoverflow.com/q/67185505"", ""67185505"")",0.43243243243243246
"=HYPERLINK(""https://stackoverflow.com/q/67186515"", ""67186515"")",0.6330935251798563
"=HYPERLINK(""https://stackoverflow.com/q/67205469"", ""67205469"")",0.3103448275862069
"=HYPERLINK(""https://stackoverflow.com/q/67210677"", ""67210677"")",0.5072463768115941
"=HYPERLINK(""https://stackoverflow.com/q/67310256"", ""67310256"")",0.33333333333333337
"=HYPERLINK(""https://stackoverflow.com/q/67333475"", ""67333475"")",0.5654761904761906
"=HYPERLINK(""https://stackoverflow.com/q/67361483"", ""67361483"")",0.5601374570446737
"=HYPERLINK(""https://stackoverflow.com/q/67375607"", ""67375607"")",0.6635220125786162
"=HYPERLINK(""https://stackoverflow.com/q/67380942"", ""67380942"")",0.7172413793103449
"=HYPERLINK(""https://stackoverflow.com/q/67385647"", ""67385647"")",0.22651933701657467
"=HYPERLINK(""https://stackoverflow.com/q/67396101"", ""67396101"")",0.3490566037735849
"=HYPERLINK(""https://stackoverflow.com/q/67404280"", ""67404280"")",0.3715498938428875
"=HYPERLINK(""https://stackoverflow.com/q/67504900"", ""67504900"")",0.42250530785562634
"=HYPERLINK(""https://stackoverflow.com/q/67515935"", ""67515935"")",0.270906949352179
"=HYPERLINK(""https://stackoverflow.com/q/67570694"", ""67570694"")",0.3489583333333333
"=HYPERLINK(""https://stackoverflow.com/q/67583469"", ""67583469"")",0.41247002398081545
"=HYPERLINK(""https://stackoverflow.com/q/67611211"", ""67611211"")",0.6832641770401106
"=HYPERLINK(""https://stackoverflow.com/q/67634409"", ""67634409"")",0.3353413654618474
"=HYPERLINK(""https://stackoverflow.com/q/67639665"", ""67639665"")",0.34854771784232375
"=HYPERLINK(""https://stackoverflow.com/q/67677780"", ""67677780"")",0.29838709677419356
"=HYPERLINK(""https://stackoverflow.com/q/67745141"", ""67745141"")",0.45728643216080406
"=HYPERLINK(""https://stackoverflow.com/q/67814325"", ""67814325"")",0.5773809523809523
"=HYPERLINK(""https://stackoverflow.com/q/67814409"", ""67814409"")",0.697247706422018
"=HYPERLINK(""https://stackoverflow.com/q/67818831"", ""67818831"")",0.23655913978494625
"=HYPERLINK(""https://stackoverflow.com/q/67854148"", ""67854148"")",0.4755838641188959
"=HYPERLINK(""https://stackoverflow.com/q/67878535"", ""67878535"")",0.43589743589743585
"=HYPERLINK(""https://stackoverflow.com/q/67897947"", ""67897947"")",0.3900709219858157
"=HYPERLINK(""https://stackoverflow.com/q/67899421"", ""67899421"")",0.38320209973753283
"=HYPERLINK(""https://stackoverflow.com/q/67942677"", ""67942677"")",0.5443786982248521
"=HYPERLINK(""https://stackoverflow.com/q/68024476"", ""68024476"")",0.5037878787878788
"=HYPERLINK(""https://stackoverflow.com/q/68053873"", ""68053873"")",0.24253731343283583
"=HYPERLINK(""https://stackoverflow.com/q/68090119"", ""68090119"")",0.483739837398374
"=HYPERLINK(""https://stackoverflow.com/q/68115162"", ""68115162"")",0.5966029723991506
"=HYPERLINK(""https://stackoverflow.com/q/68129143"", ""68129143"")",0.37647058823529417
"=HYPERLINK(""https://stackoverflow.com/q/68143997"", ""68143997"")",0.7942028985507246
"=HYPERLINK(""https://stackoverflow.com/q/68180770"", ""68180770"")",0.6197916666666666
"=HYPERLINK(""https://stackoverflow.com/q/68186468"", ""68186468"")",0.36811594202898557
"=HYPERLINK(""https://stackoverflow.com/q/68193944"", ""68193944"")",0.6754385964912282
"=HYPERLINK(""https://stackoverflow.com/q/68204373"", ""68204373"")",0.3606965174129353
"=HYPERLINK(""https://stackoverflow.com/q/68224550"", ""68224550"")",0.7069597069597071
"=HYPERLINK(""https://stackoverflow.com/q/68237132"", ""68237132"")",0.330188679245283
"=HYPERLINK(""https://stackoverflow.com/q/68251533"", ""68251533"")",0.4275862068965517
"=HYPERLINK(""https://stackoverflow.com/q/68283555"", ""68283555"")",0.6060606060606061
"=HYPERLINK(""https://stackoverflow.com/q/68288096"", ""68288096"")",0.3143350604490501
"=HYPERLINK(""https://stackoverflow.com/q/68390066"", ""68390066"")",0.27536231884057977
"=HYPERLINK(""https://stackoverflow.com/q/68422680"", ""68422680"")",0.24827586206896554
"=HYPERLINK(""https://stackoverflow.com/q/68485396"", ""68485396"")",0.43768115942028996
"=HYPERLINK(""https://stackoverflow.com/q/68489311"", ""68489311"")",0.5151515151515152
"=HYPERLINK(""https://stackoverflow.com/q/68499721"", ""68499721"")",0.7074340527577938
"=HYPERLINK(""https://stackoverflow.com/q/68503580"", ""68503580"")",0.4748858447488584
"=HYPERLINK(""https://stackoverflow.com/q/68506217"", ""68506217"")",0.4703196347031964
"=HYPERLINK(""https://stackoverflow.com/q/68512691"", ""68512691"")",0.33884297520661166
"=HYPERLINK(""https://stackoverflow.com/q/68545477"", ""68545477"")",0.24612403100775196
"=HYPERLINK(""https://stackoverflow.com/q/68556240"", ""68556240"")",0.7161458333333333
"=HYPERLINK(""https://stackoverflow.com/q/68560375"", ""68560375"")",0.4285714285714286
"=HYPERLINK(""https://stackoverflow.com/q/68616817"", ""68616817"")",0.5704099821746881
"=HYPERLINK(""https://stackoverflow.com/q/68628185"", ""68628185"")",0.4986876640419947
"=HYPERLINK(""https://stackoverflow.com/q/68656497"", ""68656497"")",0.6057971014492753
"=HYPERLINK(""https://stackoverflow.com/q/68660085"", ""68660085"")",0.7409638554216866
"=HYPERLINK(""https://stackoverflow.com/q/68664039"", ""68664039"")",0.47482014388489224
"=HYPERLINK(""https://stackoverflow.com/q/68664932"", ""68664932"")",0.605294825511432
"=HYPERLINK(""https://stackoverflow.com/q/68682085"", ""68682085"")",0.5946843853820598
"=HYPERLINK(""https://stackoverflow.com/q/68686881"", ""68686881"")",0.6724637681159422
"=HYPERLINK(""https://stackoverflow.com/q/68706062"", ""68706062"")",0.5019379844961239
"=HYPERLINK(""https://stackoverflow.com/q/68712151"", ""68712151"")",0.3663003663003663
"=HYPERLINK(""https://stackoverflow.com/q/68729899"", ""68729899"")",0.23879380603096986
"=HYPERLINK(""https://stackoverflow.com/q/68736614"", ""68736614"")",0.44047619047619063
"=HYPERLINK(""https://stackoverflow.com/q/68738337"", ""68738337"")",0.2920110192837467
"=HYPERLINK(""https://stackoverflow.com/q/68753045"", ""68753045"")",0.5466666666666666
"=HYPERLINK(""https://stackoverflow.com/q/68753717"", ""68753717"")",0.42982456140350855
"=HYPERLINK(""https://stackoverflow.com/q/68804695"", ""68804695"")",0.7404761904761905
"=HYPERLINK(""https://stackoverflow.com/q/68819792"", ""68819792"")",0.45803357314148685
"=HYPERLINK(""https://stackoverflow.com/q/68825648"", ""68825648"")",0.400749063670412
"=HYPERLINK(""https://stackoverflow.com/q/68841789"", ""68841789"")",0.8011049723756908
"=HYPERLINK(""https://stackoverflow.com/q/68858365"", ""68858365"")",0.6512820512820513
"=HYPERLINK(""https://stackoverflow.com/q/68892815"", ""68892815"")",0.7012987012987013
"=HYPERLINK(""https://stackoverflow.com/q/68900265"", ""68900265"")",0.5145985401459855
"=HYPERLINK(""https://stackoverflow.com/q/68910510"", ""68910510"")",0.5632183908045977
"=HYPERLINK(""https://stackoverflow.com/q/68930304"", ""68930304"")",0.37192982456140355
"=HYPERLINK(""https://stackoverflow.com/q/68935545"", ""68935545"")",0.2469879518072289
"=HYPERLINK(""https://stackoverflow.com/q/68960312"", ""68960312"")",0.36073059360730586
"=HYPERLINK(""https://stackoverflow.com/q/68970233"", ""68970233"")",0.23673469387755103
"=HYPERLINK(""https://stackoverflow.com/q/69046990"", ""69046990"")",0.3195402298850574
"=HYPERLINK(""https://stackoverflow.com/q/69093204"", ""69093204"")",0.542719614921781
"=HYPERLINK(""https://stackoverflow.com/q/69099123"", ""69099123"")",0.36811594202898557
"=HYPERLINK(""https://stackoverflow.com/q/69103780"", ""69103780"")",0.5463414634146342
"=HYPERLINK(""https://stackoverflow.com/q/69104302"", ""69104302"")",0.2661955241460542
"=HYPERLINK(""https://stackoverflow.com/q/69109434"", ""69109434"")",0.3303571428571429
"=HYPERLINK(""https://stackoverflow.com/q/69119171"", ""69119171"")",0.27828746177370034
"=HYPERLINK(""https://stackoverflow.com/q/69158205"", ""69158205"")",0.4659863945578231
"=HYPERLINK(""https://stackoverflow.com/q/69176657"", ""69176657"")",0.7067307692307693
"=HYPERLINK(""https://stackoverflow.com/q/69182023"", ""69182023"")",0.4611872146118721
"=HYPERLINK(""https://stackoverflow.com/q/69193784"", ""69193784"")",0.30705394190871377
"=HYPERLINK(""https://stackoverflow.com/q/69198971"", ""69198971"")",0.21868365180467086
"=HYPERLINK(""https://stackoverflow.com/q/69201461"", ""69201461"")",0.6372007366482506
"=HYPERLINK(""https://stackoverflow.com/q/69218162"", ""69218162"")",0.7838541666666666
"=HYPERLINK(""https://stackoverflow.com/q/69253880"", ""69253880"")",0.365217391304348
"=HYPERLINK(""https://stackoverflow.com/q/69274643"", ""69274643"")",0.37084398976982097
"=HYPERLINK(""https://stackoverflow.com/q/69302528"", ""69302528"")",0.37944664031620545
"=HYPERLINK(""https://stackoverflow.com/q/69351124"", ""69351124"")",0.3586497890295359
"=HYPERLINK(""https://stackoverflow.com/q/69356567"", ""69356567"")",0.4075993091537133
"=HYPERLINK(""https://stackoverflow.com/q/69373159"", ""69373159"")",0.4920127795527158
"=HYPERLINK(""https://stackoverflow.com/q/69384428"", ""69384428"")",0.4450261780104713
"=HYPERLINK(""https://stackoverflow.com/q/69447558"", ""69447558"")",0.25563909774436094
"=HYPERLINK(""https://stackoverflow.com/q/69448637"", ""69448637"")",0.3531073446327684
"=HYPERLINK(""https://stackoverflow.com/q/69495213"", ""69495213"")",0.6063829787234042
"=HYPERLINK(""https://stackoverflow.com/q/69495475"", ""69495475"")",0.6065891472868216
"=HYPERLINK(""https://stackoverflow.com/q/69526483"", ""69526483"")",0.509933774834437
"=HYPERLINK(""https://stackoverflow.com/q/69534189"", ""69534189"")",0.4166666666666668
"=HYPERLINK(""https://stackoverflow.com/q/69536864"", ""69536864"")",0.5480093676814989
"=HYPERLINK(""https://stackoverflow.com/q/69538469"", ""69538469"")",0.3548387096774194
"=HYPERLINK(""https://stackoverflow.com/q/69577161"", ""69577161"")",0.40419947506561676
"=HYPERLINK(""https://stackoverflow.com/q/69577842"", ""69577842"")",0.25114155251141546
"=HYPERLINK(""https://stackoverflow.com/q/69587230"", ""69587230"")",0.5066666666666667
"=HYPERLINK(""https://stackoverflow.com/q/69608264"", ""69608264"")",0.32121212121212117
"=HYPERLINK(""https://stackoverflow.com/q/69624105"", ""69624105"")",0.8376811594202899
"=HYPERLINK(""https://stackoverflow.com/q/69632901"", ""69632901"")",0.47282608695652173
"=HYPERLINK(""https://stackoverflow.com/q/69648442"", ""69648442"")",0.49400479616306964
"=HYPERLINK(""https://stackoverflow.com/q/69665232"", ""69665232"")",0.5991561181434599
"=HYPERLINK(""https://stackoverflow.com/q/69668264"", ""69668264"")",0.6000000000000001
"=HYPERLINK(""https://stackoverflow.com/q/69678393"", ""69678393"")",0.5461847389558233
"=HYPERLINK(""https://stackoverflow.com/q/69704805"", ""69704805"")",0.6809815950920246
"=HYPERLINK(""https://stackoverflow.com/q/69718265"", ""69718265"")",0.3522727272727273
"=HYPERLINK(""https://stackoverflow.com/q/69728847"", ""69728847"")",0.6537216828478964
"=HYPERLINK(""https://stackoverflow.com/q/69738478"", ""69738478"")",0.6271929824561403
"=HYPERLINK(""https://stackoverflow.com/q/69746897"", ""69746897"")",0.2714776632302406
"=HYPERLINK(""https://stackoverflow.com/q/69767383"", ""69767383"")",0.31271477663230246
"=HYPERLINK(""https://stackoverflow.com/q/69775255"", ""69775255"")",0.6666666666666667
"=HYPERLINK(""https://stackoverflow.com/q/69779916"", ""69779916"")",0.465564738292011
"=HYPERLINK(""https://stackoverflow.com/q/69795424"", ""69795424"")",0.7191011235955056
"=HYPERLINK(""https://stackoverflow.com/q/69806432"", ""69806432"")",0.24493554327808484
"=HYPERLINK(""https://stackoverflow.com/q/69809542"", ""69809542"")",0.36220472440944884
"=HYPERLINK(""https://stackoverflow.com/q/69821314"", ""69821314"")",0.3948220064724919
"=HYPERLINK(""https://stackoverflow.com/q/69843184"", ""69843184"")",0.33098591549295786
"=HYPERLINK(""https://stackoverflow.com/q/69849470"", ""69849470"")",0.4530744336569579
"=HYPERLINK(""https://stackoverflow.com/q/69853177"", ""69853177"")",0.5870646766169155
"=HYPERLINK(""https://stackoverflow.com/q/69931411"", ""69931411"")",0.7314148681055156
"=HYPERLINK(""https://stackoverflow.com/q/69973955"", ""69973955"")",0.3370165745856354
"=HYPERLINK(""https://stackoverflow.com/q/70057188"", ""70057188"")",0.33568075117370894
"=HYPERLINK(""https://stackoverflow.com/q/70065420"", ""70065420"")",0.4534450651769087
"=HYPERLINK(""https://stackoverflow.com/q/70137011"", ""70137011"")",0.5904761904761907
"=HYPERLINK(""https://stackoverflow.com/q/70149158"", ""70149158"")",0.6631016042780749
"=HYPERLINK(""https://stackoverflow.com/q/70163094"", ""70163094"")",0.439080459770115
"=HYPERLINK(""https://stackoverflow.com/q/70172572"", ""70172572"")",0.3807909604519773
"=HYPERLINK(""https://stackoverflow.com/q/70181604"", ""70181604"")",0.4347826086956523
"=HYPERLINK(""https://stackoverflow.com/q/70181884"", ""70181884"")",0.425531914893617
"=HYPERLINK(""https://stackoverflow.com/q/70187024"", ""70187024"")",0.3622047244094489
"=HYPERLINK(""https://stackoverflow.com/q/70202848"", ""70202848"")",0.7198581560283687
"=HYPERLINK(""https://stackoverflow.com/q/70205432"", ""70205432"")",0.4130434782608695
"=HYPERLINK(""https://stackoverflow.com/q/70217529"", ""70217529"")",0.7207207207207207
"=HYPERLINK(""https://stackoverflow.com/q/70222875"", ""70222875"")",0.5663430420711976
"=HYPERLINK(""https://stackoverflow.com/q/70223460"", ""70223460"")",0.5366666666666667
"=HYPERLINK(""https://stackoverflow.com/q/70225564"", ""70225564"")",0.39024390243902446
"=HYPERLINK(""https://stackoverflow.com/q/70259139"", ""70259139"")",0.4803921568627452
"=HYPERLINK(""https://stackoverflow.com/q/70261075"", ""70261075"")",0.2878787878787879
"=HYPERLINK(""https://stackoverflow.com/q/70290180"", ""70290180"")",0.502283105022831
"=HYPERLINK(""https://stackoverflow.com/q/70291455"", ""70291455"")",0.44607843137254916
"=HYPERLINK(""https://stackoverflow.com/q/70321662"", ""70321662"")",0.4266666666666667
"=HYPERLINK(""https://stackoverflow.com/q/70335470"", ""70335470"")",0.6611570247933884
"=HYPERLINK(""https://stackoverflow.com/q/70335823"", ""70335823"")",0.4505747126436782
"=HYPERLINK(""https://stackoverflow.com/q/70338795"", ""70338795"")",0.44693572496263073
"=HYPERLINK(""https://stackoverflow.com/q/70363229"", ""70363229"")",0.4431372549019608
"=HYPERLINK(""https://stackoverflow.com/q/70363230"", ""70363230"")",0.3942028985507247
"=HYPERLINK(""https://stackoverflow.com/q/70378085"", ""70378085"")",0.7217630853994489
"=HYPERLINK(""https://stackoverflow.com/q/70411715"", ""70411715"")",0.4659090909090909
"=HYPERLINK(""https://stackoverflow.com/q/70422687"", ""70422687"")",0.3930817610062893
"=HYPERLINK(""https://stackoverflow.com/q/70454065"", ""70454065"")",0.3793103448275862
"=HYPERLINK(""https://stackoverflow.com/q/70459686"", ""70459686"")",0.2606060606060606
"=HYPERLINK(""https://stackoverflow.com/q/70481798"", ""70481798"")",0.3559870550161812
"=HYPERLINK(""https://stackoverflow.com/q/70486162"", ""70486162"")",0.6015779092702169
"=HYPERLINK(""https://stackoverflow.com/q/70492191"", ""70492191"")",0.31041666666666673
"=HYPERLINK(""https://stackoverflow.com/q/70494276"", ""70494276"")",0.5598705501618122
"=HYPERLINK(""https://stackoverflow.com/q/70504183"", ""70504183"")",0.619607843137255
"=HYPERLINK(""https://stackoverflow.com/q/70513398"", ""70513398"")",0.7820512820512822
"=HYPERLINK(""https://stackoverflow.com/q/70515272"", ""70515272"")",0.7184466019417475
"=HYPERLINK(""https://stackoverflow.com/q/70515292"", ""70515292"")",0.7103825136612022
"=HYPERLINK(""https://stackoverflow.com/q/70535237"", ""70535237"")",0.3420289855072465
"=HYPERLINK(""https://stackoverflow.com/q/70546496"", ""70546496"")",0.6988505747126437
"=HYPERLINK(""https://stackoverflow.com/q/70553701"", ""70553701"")",0.6701030927835052
"=HYPERLINK(""https://stackoverflow.com/q/70571948"", ""70571948"")",0.4784946236559139
"=HYPERLINK(""https://stackoverflow.com/q/70582506"", ""70582506"")",0.7637130801687763
"=HYPERLINK(""https://stackoverflow.com/q/70603137"", ""70603137"")",0.2820512820512821
"=HYPERLINK(""https://stackoverflow.com/q/70644991"", ""70644991"")",0.545787545787546
"=HYPERLINK(""https://stackoverflow.com/q/70689575"", ""70689575"")",0.4210526315789474
"=HYPERLINK(""https://stackoverflow.com/q/70707894"", ""70707894"")",0.6057971014492753
"=HYPERLINK(""https://stackoverflow.com/q/70730897"", ""70730897"")",0.3042212518195051
"=HYPERLINK(""https://stackoverflow.com/q/70738638"", ""70738638"")",0.7607843137254904
"=HYPERLINK(""https://stackoverflow.com/q/70745798"", ""70745798"")",0.590686274509804
"=HYPERLINK(""https://stackoverflow.com/q/70753881"", ""70753881"")",0.3413978494623656
"=HYPERLINK(""https://stackoverflow.com/q/70779322"", ""70779322"")",0.8445692883895131
"=HYPERLINK(""https://stackoverflow.com/q/70780638"", ""70780638"")",0.3648648648648648
"=HYPERLINK(""https://stackoverflow.com/q/70794503"", ""70794503"")",0.3715846994535519
"=HYPERLINK(""https://stackoverflow.com/q/70797126"", ""70797126"")",0.3210784313725491
"=HYPERLINK(""https://stackoverflow.com/q/70803508"", ""70803508"")",0.3714285714285715
"=HYPERLINK(""https://stackoverflow.com/q/70803996"", ""70803996"")",0.6365403304178814
"=HYPERLINK(""https://stackoverflow.com/q/70825456"", ""70825456"")",0.5081967213114753
"=HYPERLINK(""https://stackoverflow.com/q/70833206"", ""70833206"")",0.23004694835680753
"=HYPERLINK(""https://stackoverflow.com/q/70863846"", ""70863846"")",0.696078431372549
"=HYPERLINK(""https://stackoverflow.com/q/70877982"", ""70877982"")",0.26963906581740976
"=HYPERLINK(""https://stackoverflow.com/q/70887516"", ""70887516"")",0.40293040293040305
"=HYPERLINK(""https://stackoverflow.com/q/70900116"", ""70900116"")",0.511737089201878
"=HYPERLINK(""https://stackoverflow.com/q/70908121"", ""70908121"")",0.6446540880503144
"=HYPERLINK(""https://stackoverflow.com/q/70909916"", ""70909916"")",0.7730923694779116
"=HYPERLINK(""https://stackoverflow.com/q/70920194"", ""70920194"")",0.38152610441767065
"=HYPERLINK(""https://stackoverflow.com/q/70927461"", ""70927461"")",0.5661577608142494
"=HYPERLINK(""https://stackoverflow.com/q/70932012"", ""70932012"")",0.259009009009009
"=HYPERLINK(""https://stackoverflow.com/q/70955992"", ""70955992"")",0.42604856512141287
"=HYPERLINK(""https://stackoverflow.com/q/70956441"", ""70956441"")",0.5098039215686274
"=HYPERLINK(""https://stackoverflow.com/q/71009191"", ""71009191"")",0.5089285714285715
"=HYPERLINK(""https://stackoverflow.com/q/71013697"", ""71013697"")",0.5390070921985816
"=HYPERLINK(""https://stackoverflow.com/q/71023918"", ""71023918"")",0.48511904761904767
"=HYPERLINK(""https://stackoverflow.com/q/71033295"", ""71033295"")",0.5220588235294118
"=HYPERLINK(""https://stackoverflow.com/q/71058464"", ""71058464"")",0.4904761904761905
"=HYPERLINK(""https://stackoverflow.com/q/71073934"", ""71073934"")",0.5348837209302324
"=HYPERLINK(""https://stackoverflow.com/q/71087045"", ""71087045"")",0.5494505494505496
"=HYPERLINK(""https://stackoverflow.com/q/71131403"", ""71131403"")",0.3984771573604062
"=HYPERLINK(""https://stackoverflow.com/q/71136057"", ""71136057"")",0.4456721915285452
"=HYPERLINK(""https://stackoverflow.com/q/71172207"", ""71172207"")",0.6300366300366302
"=HYPERLINK(""https://stackoverflow.com/q/71183299"", ""71183299"")",0.6586021505376344
"=HYPERLINK(""https://stackoverflow.com/q/71222258"", ""71222258"")",0.5642276422764227
"=HYPERLINK(""https://stackoverflow.com/q/71278400"", ""71278400"")",0.5633333333333334
"=HYPERLINK(""https://stackoverflow.com/q/71317506"", ""71317506"")",0.5820512820512822
"=HYPERLINK(""https://stackoverflow.com/q/71350429"", ""71350429"")",0.5208333333333335
"=HYPERLINK(""https://stackoverflow.com/q/71371551"", ""71371551"")",0.4886363636363636
"=HYPERLINK(""https://stackoverflow.com/q/71374760"", ""71374760"")",0.3581560283687943
"=HYPERLINK(""https://stackoverflow.com/q/71382998"", ""71382998"")",0.4588014981273408
"=HYPERLINK(""https://stackoverflow.com/q/71386011"", ""71386011"")",0.5395833333333334
"=HYPERLINK(""https://stackoverflow.com/q/71389083"", ""71389083"")",0.43081761006289304
"=HYPERLINK(""https://stackoverflow.com/q/71425842"", ""71425842"")",0.6627906976744186
"=HYPERLINK(""https://stackoverflow.com/q/71441244"", ""71441244"")",0.7248995983935744
"=HYPERLINK(""https://stackoverflow.com/q/71553217"", ""71553217"")",0.6848739495798319
"=HYPERLINK(""https://stackoverflow.com/q/71583442"", ""71583442"")",0.5400843881856541
"=HYPERLINK(""https://stackoverflow.com/q/71597169"", ""71597169"")",0.604810996563574
"=HYPERLINK(""https://stackoverflow.com/q/71611419"", ""71611419"")",0.46787148594377503
"=HYPERLINK(""https://stackoverflow.com/q/71623200"", ""71623200"")",0.7409909909909909
"=HYPERLINK(""https://stackoverflow.com/q/71623732"", ""71623732"")",0.5148514851485148
"=HYPERLINK(""https://stackoverflow.com/q/71660619"", ""71660619"")",0.520408163265306
"=HYPERLINK(""https://stackoverflow.com/q/71669344"", ""71669344"")",0.3504761904761905
"=HYPERLINK(""https://stackoverflow.com/q/71684742"", ""71684742"")",0.3565891472868218
"=HYPERLINK(""https://stackoverflow.com/q/71708147"", ""71708147"")",0.4023668639053254
"=HYPERLINK(""https://stackoverflow.com/q/71746511"", ""71746511"")",0.4987468671679198
"=HYPERLINK(""https://stackoverflow.com/q/71747545"", ""71747545"")",0.37442922374429216
"=HYPERLINK(""https://stackoverflow.com/q/71851981"", ""71851981"")",0.5908045977011493
"=HYPERLINK(""https://stackoverflow.com/q/71854055"", ""71854055"")",0.52
"=HYPERLINK(""https://stackoverflow.com/q/71859083"", ""71859083"")",0.6160714285714287
"=HYPERLINK(""https://stackoverflow.com/q/71860650"", ""71860650"")",0.37681159420289856
"=HYPERLINK(""https://stackoverflow.com/q/71880336"", ""71880336"")",0.5847457627118645
"=HYPERLINK(""https://stackoverflow.com/q/71909360"", ""71909360"")",0.4285714285714287
"=HYPERLINK(""https://stackoverflow.com/q/71979012"", ""71979012"")",0.33513513513513504
"=HYPERLINK(""https://stackoverflow.com/q/71993445"", ""71993445"")",0.33789954337899547
"=HYPERLINK(""https://stackoverflow.com/q/72002863"", ""72002863"")",0.576051779935275
"=HYPERLINK(""https://stackoverflow.com/q/72015623"", ""72015623"")",0.6821192052980133
"=HYPERLINK(""https://stackoverflow.com/q/72042363"", ""72042363"")",0.7310734463276835
"=HYPERLINK(""https://stackoverflow.com/q/72053119"", ""72053119"")",0.7088607594936709
"=HYPERLINK(""https://stackoverflow.com/q/72093316"", ""72093316"")",0.3204022988505747
"=HYPERLINK(""https://stackoverflow.com/q/72097417"", ""72097417"")",0.5609756097560977
"=HYPERLINK(""https://stackoverflow.com/q/72113114"", ""72113114"")",0.4976303317535545
"=HYPERLINK(""https://stackoverflow.com/q/72120382"", ""72120382"")",0.1904761904761905
"=HYPERLINK(""https://stackoverflow.com/q/72143195"", ""72143195"")",0.4411764705882354
"=HYPERLINK(""https://stackoverflow.com/q/72151002"", ""72151002"")",0.2358490566037735
"=HYPERLINK(""https://stackoverflow.com/q/72203561"", ""72203561"")",0.4770642201834862
"=HYPERLINK(""https://stackoverflow.com/q/72214443"", ""72214443"")",0.36470588235294127
"=HYPERLINK(""https://stackoverflow.com/q/72237600"", ""72237600"")",0.665283540802213
"=HYPERLINK(""https://stackoverflow.com/q/72251787"", ""72251787"")",0.5433333333333334
"=HYPERLINK(""https://stackoverflow.com/q/72258415"", ""72258415"")",0.3121019108280254
"=HYPERLINK(""https://stackoverflow.com/q/72272952"", ""72272952"")",0.3595505617977527
"=HYPERLINK(""https://stackoverflow.com/q/72316498"", ""72316498"")",0.30454042081949056
"=HYPERLINK(""https://stackoverflow.com/q/72319750"", ""72319750"")",0.5204991087344029
"=HYPERLINK(""https://stackoverflow.com/q/72325264"", ""72325264"")",0.2916666666666667
"=HYPERLINK(""https://stackoverflow.com/q/72326894"", ""72326894"")",0.3462783171521035
"=HYPERLINK(""https://stackoverflow.com/q/72333237"", ""72333237"")",0.31720430107526887
"=HYPERLINK(""https://stackoverflow.com/q/72334923"", ""72334923"")",0.5266666666666668
"=HYPERLINK(""https://stackoverflow.com/q/72378701"", ""72378701"")",0.3497267759562841
"=HYPERLINK(""https://stackoverflow.com/q/72389357"", ""72389357"")",0.4013605442176871
"=HYPERLINK(""https://stackoverflow.com/q/72393620"", ""72393620"")",0.2835820895522388
"=HYPERLINK(""https://stackoverflow.com/q/72396803"", ""72396803"")",0.3507246376811595
"=HYPERLINK(""https://stackoverflow.com/q/72398173"", ""72398173"")",0.4727272727272727
"=HYPERLINK(""https://stackoverflow.com/q/72414149"", ""72414149"")",0.795880149812734
"=HYPERLINK(""https://stackoverflow.com/q/72429184"", ""72429184"")",0.2750000000000001
"=HYPERLINK(""https://stackoverflow.com/q/72464190"", ""72464190"")",0.46048109965635753
"=HYPERLINK(""https://stackoverflow.com/q/72478572"", ""72478572"")",0.6357615894039735
