link,Correlation
"=HYPERLINK(""https://stackoverflow.com/a/7479254"", ""7479254"")",0.24242424242424238
"=HYPERLINK(""https://stackoverflow.com/a/11078562"", ""11078562"")",0.46846846846846846
"=HYPERLINK(""https://stackoverflow.com/a/11528060"", ""11528060"")",0.3063063063063064
"=HYPERLINK(""https://stackoverflow.com/a/13124087"", ""13124087"")",0.15789473684210523
"=HYPERLINK(""https://stackoverflow.com/a/23995806"", ""23995806"")",0.16666666666666663
"=HYPERLINK(""https://stackoverflow.com/a/25270757"", ""25270757"")",0.3600000000000001
"=HYPERLINK(""https://stackoverflow.com/a/31728093"", ""31728093"")",0.4261603375527426
"=HYPERLINK(""https://stackoverflow.com/a/32005243"", ""32005243"")",0.31034482758620696
"=HYPERLINK(""https://stackoverflow.com/a/33994237"", ""33994237"")",0.1282051282051282
"=HYPERLINK(""https://stackoverflow.com/a/35634270"", ""35634270"")",0.3873873873873874
"=HYPERLINK(""https://stackoverflow.com/a/37265026"", ""37265026"")",0.17857142857142858
"=HYPERLINK(""https://stackoverflow.com/a/37971585"", ""37971585"")",0.3151515151515151
"=HYPERLINK(""https://stackoverflow.com/a/38020504"", ""38020504"")",0.23809523809523805
"=HYPERLINK(""https://stackoverflow.com/a/38629138"", ""38629138"")",0.39393939393939376
"=HYPERLINK(""https://stackoverflow.com/a/38927256"", ""38927256"")",0.1538461538461538
"=HYPERLINK(""https://stackoverflow.com/a/39327742"", ""39327742"")",0.33333333333333326
"=HYPERLINK(""https://stackoverflow.com/a/44392981"", ""44392981"")",0.23999999999999996
"=HYPERLINK(""https://stackoverflow.com/a/44426118"", ""44426118"")",0.36842105263157887
"=HYPERLINK(""https://stackoverflow.com/a/45837544"", ""45837544"")",0.38759689922480633
"=HYPERLINK(""https://stackoverflow.com/a/46113255"", ""46113255"")",0.33333333333333337
"=HYPERLINK(""https://stackoverflow.com/a/46977493"", ""46977493"")",0.4806201550387598
"=HYPERLINK(""https://stackoverflow.com/a/47775111"", ""47775111"")",0.13636363636363638
"=HYPERLINK(""https://stackoverflow.com/a/48075023"", ""48075023"")",0.21052631578947364
"=HYPERLINK(""https://stackoverflow.com/a/48168368"", ""48168368"")",0.3594202898550725
"=HYPERLINK(""https://stackoverflow.com/a/48985220"", ""48985220"")",0.27083333333333326
"=HYPERLINK(""https://stackoverflow.com/a/50088925"", ""50088925"")",0.2380952380952381
"=HYPERLINK(""https://stackoverflow.com/a/50928721"", ""50928721"")",0.391941391941392
"=HYPERLINK(""https://stackoverflow.com/a/50929364"", ""50929364"")",0.3741496598639455
"=HYPERLINK(""https://stackoverflow.com/a/51737534"", ""51737534"")",0.29166666666666663
"=HYPERLINK(""https://stackoverflow.com/a/51957152"", ""51957152"")",0.2916666666666667
"=HYPERLINK(""https://stackoverflow.com/a/52304335"", ""52304335"")",0.3333333333333332
"=HYPERLINK(""https://stackoverflow.com/a/52505245"", ""52505245"")",0.10256410256410257
"=HYPERLINK(""https://stackoverflow.com/a/53165954"", ""53165954"")",0.25000000000000006
"=HYPERLINK(""https://stackoverflow.com/a/53184188"", ""53184188"")",0.33333333333333315
"=HYPERLINK(""https://stackoverflow.com/a/53310024"", ""53310024"")",0.1836734693877551
"=HYPERLINK(""https://stackoverflow.com/a/53607200"", ""53607200"")",0.29333333333333333
"=HYPERLINK(""https://stackoverflow.com/a/54174808"", ""54174808"")",0.1515151515151515
"=HYPERLINK(""https://stackoverflow.com/a/54246913"", ""54246913"")",0.14583333333333334
"=HYPERLINK(""https://stackoverflow.com/a/54813046"", ""54813046"")",0.325
"=HYPERLINK(""https://stackoverflow.com/a/55052209"", ""55052209"")",0.2787878787878788
"=HYPERLINK(""https://stackoverflow.com/a/55290120"", ""55290120"")",0.3410852713178295
"=HYPERLINK(""https://stackoverflow.com/a/55920737"", ""55920737"")",0.2941176470588236
"=HYPERLINK(""https://stackoverflow.com/a/55933267"", ""55933267"")",0.4000000000000001
"=HYPERLINK(""https://stackoverflow.com/a/56043248"", ""56043248"")",0.2688172043010752
"=HYPERLINK(""https://stackoverflow.com/a/57579012"", ""57579012"")",0.17333333333333337
"=HYPERLINK(""https://stackoverflow.com/a/57975364"", ""57975364"")",0.31182795698924726
"=HYPERLINK(""https://stackoverflow.com/a/58192890"", ""58192890"")",0.14285714285714285
"=HYPERLINK(""https://stackoverflow.com/a/58278470"", ""58278470"")",0.43283582089552247
"=HYPERLINK(""https://stackoverflow.com/a/58327595"", ""58327595"")",0.4935897435897436
"=HYPERLINK(""https://stackoverflow.com/a/58390486"", ""58390486"")",0.22500000000000003
"=HYPERLINK(""https://stackoverflow.com/a/58583275"", ""58583275"")",0.25000000000000006
"=HYPERLINK(""https://stackoverflow.com/a/58848105"", ""58848105"")",0.2040816326530612
"=HYPERLINK(""https://stackoverflow.com/a/59463305"", ""59463305"")",0.27011494252873564
"=HYPERLINK(""https://stackoverflow.com/a/59833818"", ""59833818"")",0.28846153846153844
"=HYPERLINK(""https://stackoverflow.com/a/59917411"", ""59917411"")",0.22807017543859642
"=HYPERLINK(""https://stackoverflow.com/a/59960979"", ""59960979"")",0.4533333333333335
"=HYPERLINK(""https://stackoverflow.com/a/60172932"", ""60172932"")",0.32
"=HYPERLINK(""https://stackoverflow.com/a/60482892"", ""60482892"")",0.36842105263157876
"=HYPERLINK(""https://stackoverflow.com/a/60677213"", ""60677213"")",0.3735632183908045
"=HYPERLINK(""https://stackoverflow.com/a/60749314"", ""60749314"")",0.1282051282051282
"=HYPERLINK(""https://stackoverflow.com/a/61127401"", ""61127401"")",0.3989071038251367
"=HYPERLINK(""https://stackoverflow.com/a/61130513"", ""61130513"")",0.31034482758620685
"=HYPERLINK(""https://stackoverflow.com/a/61281810"", ""61281810"")",0.20512820512820515
"=HYPERLINK(""https://stackoverflow.com/a/61598814"", ""61598814"")",0.2121212121212121
"=HYPERLINK(""https://stackoverflow.com/a/61878142"", ""61878142"")",0.4774774774774776
"=HYPERLINK(""https://stackoverflow.com/a/62176618"", ""62176618"")",0.12820512820512817
"=HYPERLINK(""https://stackoverflow.com/a/62525998"", ""62525998"")",0.2820512820512821
"=HYPERLINK(""https://stackoverflow.com/a/62670688"", ""62670688"")",0.2083333333333333
"=HYPERLINK(""https://stackoverflow.com/a/62776775"", ""62776775"")",0.3090909090909091
"=HYPERLINK(""https://stackoverflow.com/a/62802946"", ""62802946"")",0.21428571428571427
"=HYPERLINK(""https://stackoverflow.com/a/63330748"", ""63330748"")",0.3214285714285714
"=HYPERLINK(""https://stackoverflow.com/a/64535242"", ""64535242"")",0.42857142857142866
"=HYPERLINK(""https://stackoverflow.com/a/64698037"", ""64698037"")",0.10256410256410257
"=HYPERLINK(""https://stackoverflow.com/a/64754816"", ""64754816"")",0.36764705882352955
"=HYPERLINK(""https://stackoverflow.com/a/64788146"", ""64788146"")",0.24242424242424235
"=HYPERLINK(""https://stackoverflow.com/a/64912831"", ""64912831"")",0.1875
"=HYPERLINK(""https://stackoverflow.com/a/64921903"", ""64921903"")",0.125
"=HYPERLINK(""https://stackoverflow.com/a/65130899"", ""65130899"")",0.536231884057971
"=HYPERLINK(""https://stackoverflow.com/a/65517812"", ""65517812"")",0.26666666666666666
"=HYPERLINK(""https://stackoverflow.com/a/65855304"", ""65855304"")",0.32653061224489793
"=HYPERLINK(""https://stackoverflow.com/a/65872975"", ""65872975"")",0.2852233676975946
"=HYPERLINK(""https://stackoverflow.com/a/67033636"", ""67033636"")",0.2517006802721089
"=HYPERLINK(""https://stackoverflow.com/a/67751849"", ""67751849"")",0.3655913978494623
"=HYPERLINK(""https://stackoverflow.com/a/68499743"", ""68499743"")",0.28787878787878773
"=HYPERLINK(""https://stackoverflow.com/a/68644185"", ""68644185"")",0.45578231292516996
"=HYPERLINK(""https://stackoverflow.com/a/68753986"", ""68753986"")",0.41935483870967727
"=HYPERLINK(""https://stackoverflow.com/a/68790810"", ""68790810"")",0.4583333333333335
"=HYPERLINK(""https://stackoverflow.com/a/68839331"", ""68839331"")",0.24806201550387597
"=HYPERLINK(""https://stackoverflow.com/a/68897149"", ""68897149"")",0.45945945945945954
"=HYPERLINK(""https://stackoverflow.com/a/69500037"", ""69500037"")",0.3763440860215054
"=HYPERLINK(""https://stackoverflow.com/a/69646403"", ""69646403"")",0.33333333333333326
"=HYPERLINK(""https://stackoverflow.com/a/70266976"", ""70266976"")",0.24
"=HYPERLINK(""https://stackoverflow.com/a/70565710"", ""70565710"")",0.4414414414414415
"=HYPERLINK(""https://stackoverflow.com/a/70746339"", ""70746339"")",0.15789473684210523
"=HYPERLINK(""https://stackoverflow.com/a/71579667"", ""71579667"")",0.33333333333333337
"=HYPERLINK(""https://stackoverflow.com/a/72028074"", ""72028074"")",0.525
"=HYPERLINK(""https://stackoverflow.com/a/72037140"", ""72037140"")",0.23076923076923084
"=HYPERLINK(""https://stackoverflow.com/a/72093022"", ""72093022"")",0.39285714285714296
"=HYPERLINK(""https://stackoverflow.com/a/72455301"", ""72455301"")",0.4
