link,Correlation
"=HYPERLINK(""https://stackoverflow.com/q/11528596"", ""11528596"")",0.49235474006116203
"=HYPERLINK(""https://stackoverflow.com/q/17275560"", ""17275560"")",0.5445736434108527
"=HYPERLINK(""https://stackoverflow.com/q/17454139"", ""17454139"")",0.5400000000000001
"=HYPERLINK(""https://stackoverflow.com/q/18640169"", ""18640169"")",0.20190476190476195
"=HYPERLINK(""https://stackoverflow.com/q/20594642"", ""20594642"")",0.38999999999999996
"=HYPERLINK(""https://stackoverflow.com/q/20640963"", ""20640963"")",0.36842105263157904
"=HYPERLINK(""https://stackoverflow.com/q/22698439"", ""22698439"")",0.36073059360730597
"=HYPERLINK(""https://stackoverflow.com/q/23708476"", ""23708476"")",0.3972602739726027
"=HYPERLINK(""https://stackoverflow.com/q/24683428"", ""24683428"")",0.38187702265372175
"=HYPERLINK(""https://stackoverflow.com/q/25674951"", ""25674951"")",0.2794117647058823
"=HYPERLINK(""https://stackoverflow.com/q/27251318"", ""27251318"")",0.3043478260869565
"=HYPERLINK(""https://stackoverflow.com/q/28202645"", ""28202645"")",0.2598870056497175
"=HYPERLINK(""https://stackoverflow.com/q/28220745"", ""28220745"")",0.5057471264367817
"=HYPERLINK(""https://stackoverflow.com/q/28771582"", ""28771582"")",0.5607064017660044
"=HYPERLINK(""https://stackoverflow.com/q/28835613"", ""28835613"")",0.5047619047619049
"=HYPERLINK(""https://stackoverflow.com/q/29387209"", ""29387209"")",0.3854166666666667
"=HYPERLINK(""https://stackoverflow.com/q/30251525"", ""30251525"")",0.24806201550387597
"=HYPERLINK(""https://stackoverflow.com/q/30749167"", ""30749167"")",0.42105263157894735
"=HYPERLINK(""https://stackoverflow.com/q/30765842"", ""30765842"")",0.2975206611570248
"=HYPERLINK(""https://stackoverflow.com/q/30882686"", ""30882686"")",0.32884902840059793
"=HYPERLINK(""https://stackoverflow.com/q/31661232"", ""31661232"")",0.31067961165048547
"=HYPERLINK(""https://stackoverflow.com/q/31721707"", ""31721707"")",0.4166666666666668
"=HYPERLINK(""https://stackoverflow.com/q/31949604"", ""31949604"")",0.3385964912280702
"=HYPERLINK(""https://stackoverflow.com/q/32060196"", ""32060196"")",0.4634146341463415
"=HYPERLINK(""https://stackoverflow.com/q/32493431"", ""32493431"")",0.5681818181818182
"=HYPERLINK(""https://stackoverflow.com/q/32941826"", ""32941826"")",0.4078947368421053
"=HYPERLINK(""https://stackoverflow.com/q/33070159"", ""33070159"")",0.386178861788618
"=HYPERLINK(""https://stackoverflow.com/q/33135145"", ""33135145"")",0.4982817869415809
"=HYPERLINK(""https://stackoverflow.com/q/34221145"", ""34221145"")",0.2907801418439716
"=HYPERLINK(""https://stackoverflow.com/q/34490981"", ""34490981"")",0.3766233766233767
"=HYPERLINK(""https://stackoverflow.com/q/34614582"", ""34614582"")",0.2633333333333333
"=HYPERLINK(""https://stackoverflow.com/q/35424416"", ""35424416"")",0.33088235294117657
"=HYPERLINK(""https://stackoverflow.com/q/35634107"", ""35634107"")",0.380952380952381
"=HYPERLINK(""https://stackoverflow.com/q/35680363"", ""35680363"")",0.46453900709219864
"=HYPERLINK(""https://stackoverflow.com/q/35735675"", ""35735675"")",0.6821705426356591
"=HYPERLINK(""https://stackoverflow.com/q/35895917"", ""35895917"")",0.4079601990049752
"=HYPERLINK(""https://stackoverflow.com/q/35970126"", ""35970126"")",0.2672955974842767
"=HYPERLINK(""https://stackoverflow.com/q/36705708"", ""36705708"")",0.5773195876288661
"=HYPERLINK(""https://stackoverflow.com/q/36763348"", ""36763348"")",0.39473684210526305
"=HYPERLINK(""https://stackoverflow.com/q/37127799"", ""37127799"")",0.21354166666666669
"=HYPERLINK(""https://stackoverflow.com/q/37549591"", ""37549591"")",0.693939393939394
"=HYPERLINK(""https://stackoverflow.com/q/37551299"", ""37551299"")",0.32229580573951444
"=HYPERLINK(""https://stackoverflow.com/q/37737831"", ""37737831"")",0.4376947040498441
"=HYPERLINK(""https://stackoverflow.com/q/38007814"", ""38007814"")",0.36996336996337
"=HYPERLINK(""https://stackoverflow.com/q/38150170"", ""38150170"")",0.26436781609195403
"=HYPERLINK(""https://stackoverflow.com/q/38737196"", ""38737196"")",0.427450980392157
"=HYPERLINK(""https://stackoverflow.com/q/39258083"", ""39258083"")",0.3415841584158416
"=HYPERLINK(""https://stackoverflow.com/q/39963181"", ""39963181"")",0.3757575757575758
"=HYPERLINK(""https://stackoverflow.com/q/40423227"", ""40423227"")",0.43471582181259605
"=HYPERLINK(""https://stackoverflow.com/q/40543314"", ""40543314"")",0.28270042194092826
"=HYPERLINK(""https://stackoverflow.com/q/40849546"", ""40849546"")",0.40928270042194087
"=HYPERLINK(""https://stackoverflow.com/q/40907303"", ""40907303"")",0.3842794759825327
"=HYPERLINK(""https://stackoverflow.com/q/41058261"", ""41058261"")",0.7113821138211384
"=HYPERLINK(""https://stackoverflow.com/q/41058856"", ""41058856"")",0.4657534246575342
"=HYPERLINK(""https://stackoverflow.com/q/41804489"", ""41804489"")",0.31135531135531136
"=HYPERLINK(""https://stackoverflow.com/q/42284205"", ""42284205"")",0.6047619047619048
"=HYPERLINK(""https://stackoverflow.com/q/42385017"", ""42385017"")",0.42857142857142866
"=HYPERLINK(""https://stackoverflow.com/q/42397089"", ""42397089"")",0.24050632911392406
"=HYPERLINK(""https://stackoverflow.com/q/42470472"", ""42470472"")",0.32209737827715357
"=HYPERLINK(""https://stackoverflow.com/q/42512172"", ""42512172"")",0.35964912280701755
"=HYPERLINK(""https://stackoverflow.com/q/42514883"", ""42514883"")",0.6560283687943261
"=HYPERLINK(""https://stackoverflow.com/q/42617163"", ""42617163"")",0.33009708737864074
"=HYPERLINK(""https://stackoverflow.com/q/42964609"", ""42964609"")",0.6263020833333334
"=HYPERLINK(""https://stackoverflow.com/q/42973949"", ""42973949"")",0.6416666666666667
"=HYPERLINK(""https://stackoverflow.com/q/43515721"", ""43515721"")",0.39560439560439564
"=HYPERLINK(""https://stackoverflow.com/q/43549276"", ""43549276"")",0.5515151515151515
"=HYPERLINK(""https://stackoverflow.com/q/43692058"", ""43692058"")",0.4657534246575342
"=HYPERLINK(""https://stackoverflow.com/q/43733918"", ""43733918"")",0.36585365853658536
"=HYPERLINK(""https://stackoverflow.com/q/43919963"", ""43919963"")",0.3785310734463277
"=HYPERLINK(""https://stackoverflow.com/q/44092965"", ""44092965"")",0.31619047619047613
"=HYPERLINK(""https://stackoverflow.com/q/44281612"", ""44281612"")",0.34782608695652173
"=HYPERLINK(""https://stackoverflow.com/q/44339309"", ""44339309"")",0.5895196506550218
"=HYPERLINK(""https://stackoverflow.com/q/44424083"", ""44424083"")",0.37588652482269497
"=HYPERLINK(""https://stackoverflow.com/q/44593469"", ""44593469"")",0.43169398907103823
"=HYPERLINK(""https://stackoverflow.com/q/44641158"", ""44641158"")",0.32000000000000006
"=HYPERLINK(""https://stackoverflow.com/q/44813343"", ""44813343"")",0.5979381443298971
"=HYPERLINK(""https://stackoverflow.com/q/44932098"", ""44932098"")",0.30107526881720426
"=HYPERLINK(""https://stackoverflow.com/q/44940219"", ""44940219"")",0.2805755395683454
"=HYPERLINK(""https://stackoverflow.com/q/44968297"", ""44968297"")",0.3448844884488448
"=HYPERLINK(""https://stackoverflow.com/q/45025520"", ""45025520"")",0.4854368932038835
"=HYPERLINK(""https://stackoverflow.com/q/45464691"", ""45464691"")",0.3280839895013124
"=HYPERLINK(""https://stackoverflow.com/q/45528392"", ""45528392"")",0.39607843137254906
"=HYPERLINK(""https://stackoverflow.com/q/45639166"", ""45639166"")",0.453551912568306
"=HYPERLINK(""https://stackoverflow.com/q/45748564"", ""45748564"")",0.2971014492753623
"=HYPERLINK(""https://stackoverflow.com/q/46080528"", ""46080528"")",0.6286919831223629
"=HYPERLINK(""https://stackoverflow.com/q/46095531"", ""46095531"")",0.32989690721649495
"=HYPERLINK(""https://stackoverflow.com/q/46153863"", ""46153863"")",0.41666666666666674
"=HYPERLINK(""https://stackoverflow.com/q/46243483"", ""46243483"")",0.22292993630573246
"=HYPERLINK(""https://stackoverflow.com/q/46653993"", ""46653993"")",0.517857142857143
"=HYPERLINK(""https://stackoverflow.com/q/46799076"", ""46799076"")",0.5164835164835165
"=HYPERLINK(""https://stackoverflow.com/q/46852111"", ""46852111"")",0.5057471264367817
"=HYPERLINK(""https://stackoverflow.com/q/46977794"", ""46977794"")",0.3515981735159816
"=HYPERLINK(""https://stackoverflow.com/q/47568866"", ""47568866"")",0.4105960264900662
"=HYPERLINK(""https://stackoverflow.com/q/47698386"", ""47698386"")",0.6242774566473986
"=HYPERLINK(""https://stackoverflow.com/q/47702022"", ""47702022"")",0.6129032258064516
"=HYPERLINK(""https://stackoverflow.com/q/47747662"", ""47747662"")",0.6033755274261603
"=HYPERLINK(""https://stackoverflow.com/q/47778076"", ""47778076"")",0.3514056224899598
"=HYPERLINK(""https://stackoverflow.com/q/47908925"", ""47908925"")",0.5647382920110194
"=HYPERLINK(""https://stackoverflow.com/q/48027366"", ""48027366"")",0.45147679324894513
"=HYPERLINK(""https://stackoverflow.com/q/48054670"", ""48054670"")",0.4069767441860465
"=HYPERLINK(""https://stackoverflow.com/q/48064171"", ""48064171"")",0.3421633554083886
"=HYPERLINK(""https://stackoverflow.com/q/48203358"", ""48203358"")",0.3202247191011236
"=HYPERLINK(""https://stackoverflow.com/q/48427215"", ""48427215"")",0.36603773584905663
"=HYPERLINK(""https://stackoverflow.com/q/48530137"", ""48530137"")",0.279926335174954
"=HYPERLINK(""https://stackoverflow.com/q/48625353"", ""48625353"")",0.3882352941176472
"=HYPERLINK(""https://stackoverflow.com/q/48810326"", ""48810326"")",0.4177215189873417
"=HYPERLINK(""https://stackoverflow.com/q/48886537"", ""48886537"")",0.3568627450980393
"=HYPERLINK(""https://stackoverflow.com/q/48951557"", ""48951557"")",0.32666666666666666
"=HYPERLINK(""https://stackoverflow.com/q/49008265"", ""49008265"")",0.24875621890547264
"=HYPERLINK(""https://stackoverflow.com/q/49028835"", ""49028835"")",0.2714776632302406
"=HYPERLINK(""https://stackoverflow.com/q/49047576"", ""49047576"")",0.3640350877192982
"=HYPERLINK(""https://stackoverflow.com/q/49061354"", ""49061354"")",0.4835164835164837
"=HYPERLINK(""https://stackoverflow.com/q/49075982"", ""49075982"")",0.5683060109289616
"=HYPERLINK(""https://stackoverflow.com/q/49174052"", ""49174052"")",0.4067796610169493
"=HYPERLINK(""https://stackoverflow.com/q/49202479"", ""49202479"")",0.5307017543859649
"=HYPERLINK(""https://stackoverflow.com/q/49362270"", ""49362270"")",0.41194968553459127
"=HYPERLINK(""https://stackoverflow.com/q/49411393"", ""49411393"")",0.26406926406926406
"=HYPERLINK(""https://stackoverflow.com/q/49411420"", ""49411420"")",0.7028985507246377
"=HYPERLINK(""https://stackoverflow.com/q/49438358"", ""49438358"")",0.37158469945355194
"=HYPERLINK(""https://stackoverflow.com/q/49480931"", ""49480931"")",0.4326241134751773
"=HYPERLINK(""https://stackoverflow.com/q/49501795"", ""49501795"")",0.5416666666666667
"=HYPERLINK(""https://stackoverflow.com/q/49579526"", ""49579526"")",0.36559139784946243
"=HYPERLINK(""https://stackoverflow.com/q/49608860"", ""49608860"")",0.3149425287356322
"=HYPERLINK(""https://stackoverflow.com/q/49689216"", ""49689216"")",0.4276729559748428
"=HYPERLINK(""https://stackoverflow.com/q/49773582"", ""49773582"")",0.5000000000000001
"=HYPERLINK(""https://stackoverflow.com/q/49885598"", ""49885598"")",0.3448275862068966
"=HYPERLINK(""https://stackoverflow.com/q/50003050"", ""50003050"")",0.6205673758865249
"=HYPERLINK(""https://stackoverflow.com/q/50085699"", ""50085699"")",0.45155038759689914
"=HYPERLINK(""https://stackoverflow.com/q/50124080"", ""50124080"")",0.5406504065040652
"=HYPERLINK(""https://stackoverflow.com/q/50219664"", ""50219664"")",0.2749615975422427
"=HYPERLINK(""https://stackoverflow.com/q/50254178"", ""50254178"")",0.3723404255319148
"=HYPERLINK(""https://stackoverflow.com/q/50431511"", ""50431511"")",0.47422680412371143
"=HYPERLINK(""https://stackoverflow.com/q/50581125"", ""50581125"")",0.41784037558685455
"=HYPERLINK(""https://stackoverflow.com/q/50606139"", ""50606139"")",0.5737704918032787
"=HYPERLINK(""https://stackoverflow.com/q/50611864"", ""50611864"")",0.39361702127659576
"=HYPERLINK(""https://stackoverflow.com/q/50819691"", ""50819691"")",0.3563218390804599
"=HYPERLINK(""https://stackoverflow.com/q/50920389"", ""50920389"")",0.39660795825179385
"=HYPERLINK(""https://stackoverflow.com/q/50965715"", ""50965715"")",0.28645833333333337
"=HYPERLINK(""https://stackoverflow.com/q/51059737"", ""51059737"")",0.5729166666666667
"=HYPERLINK(""https://stackoverflow.com/q/51115988"", ""51115988"")",0.35820895522388063
"=HYPERLINK(""https://stackoverflow.com/q/51249564"", ""51249564"")",0.450171821305842
"=HYPERLINK(""https://stackoverflow.com/q/51341099"", ""51341099"")",0.5643939393939394
"=HYPERLINK(""https://stackoverflow.com/q/51584119"", ""51584119"")",0.46354166666666663
"=HYPERLINK(""https://stackoverflow.com/q/51665333"", ""51665333"")",0.4290780141843971
"=HYPERLINK(""https://stackoverflow.com/q/51669992"", ""51669992"")",0.6181229773462783
"=HYPERLINK(""https://stackoverflow.com/q/51680643"", ""51680643"")",0.3914373088685016
"=HYPERLINK(""https://stackoverflow.com/q/51747696"", ""51747696"")",0.40963855421686746
"=HYPERLINK(""https://stackoverflow.com/q/51881339"", ""51881339"")",0.3849765258215962
"=HYPERLINK(""https://stackoverflow.com/q/51892143"", ""51892143"")",0.5628415300546445
"=HYPERLINK(""https://stackoverflow.com/q/51968742"", ""51968742"")",0.4437229437229438
"=HYPERLINK(""https://stackoverflow.com/q/52103781"", ""52103781"")",0.20769230769230773
"=HYPERLINK(""https://stackoverflow.com/q/52117036"", ""52117036"")",0.47916666666666674
"=HYPERLINK(""https://stackoverflow.com/q/52120546"", ""52120546"")",0.25414364640883985
"=HYPERLINK(""https://stackoverflow.com/q/52352613"", ""52352613"")",0.37837837837837845
"=HYPERLINK(""https://stackoverflow.com/q/52488482"", ""52488482"")",0.38095238095238093
"=HYPERLINK(""https://stackoverflow.com/q/52498406"", ""52498406"")",0.39107611548556426
"=HYPERLINK(""https://stackoverflow.com/q/52513391"", ""52513391"")",0.4439461883408072
"=HYPERLINK(""https://stackoverflow.com/q/53046533"", ""53046533"")",0.32552083333333337
"=HYPERLINK(""https://stackoverflow.com/q/53092916"", ""53092916"")",0.5300546448087431
"=HYPERLINK(""https://stackoverflow.com/q/53110308"", ""53110308"")",0.36206896551724127
"=HYPERLINK(""https://stackoverflow.com/q/53183466"", ""53183466"")",0.30054644808743175
"=HYPERLINK(""https://stackoverflow.com/q/53264898"", ""53264898"")",0.375
"=HYPERLINK(""https://stackoverflow.com/q/53426855"", ""53426855"")",0.6033630069238378
"=HYPERLINK(""https://stackoverflow.com/q/53426907"", ""53426907"")",0.2587719298245613
"=HYPERLINK(""https://stackoverflow.com/q/53465990"", ""53465990"")",0.6001304631441616
"=HYPERLINK(""https://stackoverflow.com/q/53511976"", ""53511976"")",0.4403669724770643
"=HYPERLINK(""https://stackoverflow.com/q/53588040"", ""53588040"")",0.35738831615120276
"=HYPERLINK(""https://stackoverflow.com/q/53598898"", ""53598898"")",0.4316939890710383
"=HYPERLINK(""https://stackoverflow.com/q/53644792"", ""53644792"")",0.3159420289855073
"=HYPERLINK(""https://stackoverflow.com/q/53697587"", ""53697587"")",0.6090395480225987
"=HYPERLINK(""https://stackoverflow.com/q/53770876"", ""53770876"")",0.4680851063829787
"=HYPERLINK(""https://stackoverflow.com/q/53849075"", ""53849075"")",0.3385146804835924
"=HYPERLINK(""https://stackoverflow.com/q/53908238"", ""53908238"")",0.4333333333333334
"=HYPERLINK(""https://stackoverflow.com/q/54191038"", ""54191038"")",0.33812949640287776
"=HYPERLINK(""https://stackoverflow.com/q/54345247"", ""54345247"")",0.47234042553191485
"=HYPERLINK(""https://stackoverflow.com/q/54346986"", ""54346986"")",0.44791666666666663
"=HYPERLINK(""https://stackoverflow.com/q/54401802"", ""54401802"")",0.3750000000000001
"=HYPERLINK(""https://stackoverflow.com/q/54540948"", ""54540948"")",0.6997245179063363
"=HYPERLINK(""https://stackoverflow.com/q/54552022"", ""54552022"")",0.3857142857142858
"=HYPERLINK(""https://stackoverflow.com/q/54746272"", ""54746272"")",0.4220779220779222
"=HYPERLINK(""https://stackoverflow.com/q/54882451"", ""54882451"")",0.5606060606060607
"=HYPERLINK(""https://stackoverflow.com/q/54885921"", ""54885921"")",0.318840579710145
"=HYPERLINK(""https://stackoverflow.com/q/54927475"", ""54927475"")",0.4551282051282052
"=HYPERLINK(""https://stackoverflow.com/q/54968458"", ""54968458"")",0.6551724137931034
"=HYPERLINK(""https://stackoverflow.com/q/55174577"", ""55174577"")",0.2942528735632184
"=HYPERLINK(""https://stackoverflow.com/q/55194145"", ""55194145"")",0.6258503401360542
"=HYPERLINK(""https://stackoverflow.com/q/55272948"", ""55272948"")",0.4213483146067415
"=HYPERLINK(""https://stackoverflow.com/q/55303305"", ""55303305"")",0.2920962199312715
"=HYPERLINK(""https://stackoverflow.com/q/55479366"", ""55479366"")",0.3251366120218579
"=HYPERLINK(""https://stackoverflow.com/q/55539235"", ""55539235"")",0.4600550964187329
"=HYPERLINK(""https://stackoverflow.com/q/55650766"", ""55650766"")",0.3423423423423424
"=HYPERLINK(""https://stackoverflow.com/q/55854377"", ""55854377"")",0.4886731391585761
"=HYPERLINK(""https://stackoverflow.com/q/55873785"", ""55873785"")",0.5862068965517242
"=HYPERLINK(""https://stackoverflow.com/q/55893482"", ""55893482"")",0.5677083333333334
"=HYPERLINK(""https://stackoverflow.com/q/55944455"", ""55944455"")",0.7312153303076147
"=HYPERLINK(""https://stackoverflow.com/q/55959256"", ""55959256"")",0.3700980392156864
"=HYPERLINK(""https://stackoverflow.com/q/56194235"", ""56194235"")",0.3658536585365853
"=HYPERLINK(""https://stackoverflow.com/q/56266967"", ""56266967"")",0.3062500000000001
"=HYPERLINK(""https://stackoverflow.com/q/56367775"", ""56367775"")",0.35688405797101447
"=HYPERLINK(""https://stackoverflow.com/q/56399173"", ""56399173"")",0.5833333333333334
"=HYPERLINK(""https://stackoverflow.com/q/56522685"", ""56522685"")",0.28374655647382924
"=HYPERLINK(""https://stackoverflow.com/q/56523173"", ""56523173"")",0.3952380952380953
"=HYPERLINK(""https://stackoverflow.com/q/56577482"", ""56577482"")",0.3466666666666666
"=HYPERLINK(""https://stackoverflow.com/q/56638496"", ""56638496"")",0.3333333333333333
"=HYPERLINK(""https://stackoverflow.com/q/56666667"", ""56666667"")",0.4047619047619047
"=HYPERLINK(""https://stackoverflow.com/q/56675904"", ""56675904"")",0.35779816513761475
"=HYPERLINK(""https://stackoverflow.com/q/56677557"", ""56677557"")",0.3309352517985612
"=HYPERLINK(""https://stackoverflow.com/q/56693407"", ""56693407"")",0.47882136279926335
"=HYPERLINK(""https://stackoverflow.com/q/56706274"", ""56706274"")",0.6869918699186992
"=HYPERLINK(""https://stackoverflow.com/q/56735588"", ""56735588"")",0.43956043956043966
"=HYPERLINK(""https://stackoverflow.com/q/56779011"", ""56779011"")",0.6000000000000001
"=HYPERLINK(""https://stackoverflow.com/q/56842876"", ""56842876"")",0.49180327868852475
"=HYPERLINK(""https://stackoverflow.com/q/56844187"", ""56844187"")",0.24712643678160914
"=HYPERLINK(""https://stackoverflow.com/q/56917161"", ""56917161"")",0.30027548209366395
"=HYPERLINK(""https://stackoverflow.com/q/56972336"", ""56972336"")",0.3371212121212121
"=HYPERLINK(""https://stackoverflow.com/q/57010184"", ""57010184"")",0.33139534883720934
"=HYPERLINK(""https://stackoverflow.com/q/57080057"", ""57080057"")",0.3385826771653543
"=HYPERLINK(""https://stackoverflow.com/q/57189926"", ""57189926"")",0.5101449275362319
"=HYPERLINK(""https://stackoverflow.com/q/57227757"", ""57227757"")",0.3662790697674418
"=HYPERLINK(""https://stackoverflow.com/q/57229576"", ""57229576"")",0.38805970149253743
"=HYPERLINK(""https://stackoverflow.com/q/57291797"", ""57291797"")",0.47652582159624424
"=HYPERLINK(""https://stackoverflow.com/q/57334551"", ""57334551"")",0.3333333333333333
"=HYPERLINK(""https://stackoverflow.com/q/57347026"", ""57347026"")",0.44591611479028703
"=HYPERLINK(""https://stackoverflow.com/q/57382555"", ""57382555"")",0.39890710382513656
"=HYPERLINK(""https://stackoverflow.com/q/57466654"", ""57466654"")",0.45238095238095244
"=HYPERLINK(""https://stackoverflow.com/q/57471129"", ""57471129"")",0.2631578947368421
"=HYPERLINK(""https://stackoverflow.com/q/57485801"", ""57485801"")",0.36604361370716515
"=HYPERLINK(""https://stackoverflow.com/q/57537087"", ""57537087"")",0.25999999999999995
"=HYPERLINK(""https://stackoverflow.com/q/57570337"", ""57570337"")",0.3634085213032582
"=HYPERLINK(""https://stackoverflow.com/q/57578332"", ""57578332"")",0.3227360308285163
"=HYPERLINK(""https://stackoverflow.com/q/57580680"", ""57580680"")",0.26553672316384186
"=HYPERLINK(""https://stackoverflow.com/q/57584226"", ""57584226"")",0.5408805031446541
"=HYPERLINK(""https://stackoverflow.com/q/57599389"", ""57599389"")",0.5500000000000002
"=HYPERLINK(""https://stackoverflow.com/q/57679839"", ""57679839"")",0.40983606557377045
"=HYPERLINK(""https://stackoverflow.com/q/57689544"", ""57689544"")",0.606060606060606
"=HYPERLINK(""https://stackoverflow.com/q/57689872"", ""57689872"")",0.4566929133858267
"=HYPERLINK(""https://stackoverflow.com/q/57725994"", ""57725994"")",0.42657856093979435
"=HYPERLINK(""https://stackoverflow.com/q/57758996"", ""57758996"")",0.6373301831069108
"=HYPERLINK(""https://stackoverflow.com/q/57960177"", ""57960177"")",0.32808398950131235
"=HYPERLINK(""https://stackoverflow.com/q/57998383"", ""57998383"")",0.4551282051282052
"=HYPERLINK(""https://stackoverflow.com/q/57998468"", ""57998468"")",0.5002331002331002
"=HYPERLINK(""https://stackoverflow.com/q/58011094"", ""58011094"")",0.41207349081364836
"=HYPERLINK(""https://stackoverflow.com/q/58047102"", ""58047102"")",0.25000000000000006
"=HYPERLINK(""https://stackoverflow.com/q/58050712"", ""58050712"")",0.6957831325301204
"=HYPERLINK(""https://stackoverflow.com/q/58092586"", ""58092586"")",0.4057971014492754
"=HYPERLINK(""https://stackoverflow.com/q/58106762"", ""58106762"")",0.34666666666666673
"=HYPERLINK(""https://stackoverflow.com/q/58139117"", ""58139117"")",0.3268608414239482
"=HYPERLINK(""https://stackoverflow.com/q/58139803"", ""58139803"")",0.5347985347985349
"=HYPERLINK(""https://stackoverflow.com/q/58162171"", ""58162171"")",0.3093922651933702
"=HYPERLINK(""https://stackoverflow.com/q/58170202"", ""58170202"")",0.44783715012722647
"=HYPERLINK(""https://stackoverflow.com/q/58278717"", ""58278717"")",0.46835443037974683
"=HYPERLINK(""https://stackoverflow.com/q/58291437"", ""58291437"")",0.4114583333333334
"=HYPERLINK(""https://stackoverflow.com/q/58308187"", ""58308187"")",0.44654088050314467
"=HYPERLINK(""https://stackoverflow.com/q/58334408"", ""58334408"")",0.2682926829268293
"=HYPERLINK(""https://stackoverflow.com/q/58705501"", ""58705501"")",0.3873873873873874
"=HYPERLINK(""https://stackoverflow.com/q/58784773"", ""58784773"")",0.35655737704918017
"=HYPERLINK(""https://stackoverflow.com/q/58813442"", ""58813442"")",0.5454545454545454
"=HYPERLINK(""https://stackoverflow.com/q/58816515"", ""58816515"")",0.5389848246991104
"=HYPERLINK(""https://stackoverflow.com/q/58965946"", ""58965946"")",0.3835616438356165
"=HYPERLINK(""https://stackoverflow.com/q/59146506"", ""59146506"")",0.29580573951434885
"=HYPERLINK(""https://stackoverflow.com/q/59162580"", ""59162580"")",0.33608815426997257
"=HYPERLINK(""https://stackoverflow.com/q/59307865"", ""59307865"")",0.41369047619047633
"=HYPERLINK(""https://stackoverflow.com/q/59309659"", ""59309659"")",0.22125181950509462
"=HYPERLINK(""https://stackoverflow.com/q/59317085"", ""59317085"")",0.3098039215686275
"=HYPERLINK(""https://stackoverflow.com/q/59471469"", ""59471469"")",0.41929824561403506
"=HYPERLINK(""https://stackoverflow.com/q/59487643"", ""59487643"")",0.5512820512820514
"=HYPERLINK(""https://stackoverflow.com/q/59617431"", ""59617431"")",0.4666666666666666
"=HYPERLINK(""https://stackoverflow.com/q/59719085"", ""59719085"")",0.3687943262411347
"=HYPERLINK(""https://stackoverflow.com/q/59729219"", ""59729219"")",0.4067278287461773
"=HYPERLINK(""https://stackoverflow.com/q/59774035"", ""59774035"")",0.4733333333333335
"=HYPERLINK(""https://stackoverflow.com/q/59847830"", ""59847830"")",0.22346368715083798
"=HYPERLINK(""https://stackoverflow.com/q/59873804"", ""59873804"")",0.5487627365356623
"=HYPERLINK(""https://stackoverflow.com/q/59940350"", ""59940350"")",0.47242206235011996
"=HYPERLINK(""https://stackoverflow.com/q/59946230"", ""59946230"")",0.3850574712643678
"=HYPERLINK(""https://stackoverflow.com/q/59947133"", ""59947133"")",0.3666666666666667
"=HYPERLINK(""https://stackoverflow.com/q/59953127"", ""59953127"")",0.48958333333333337
"=HYPERLINK(""https://stackoverflow.com/q/59991017"", ""59991017"")",0.4700000000000001
"=HYPERLINK(""https://stackoverflow.com/q/60056978"", ""60056978"")",0.5112359550561797
"=HYPERLINK(""https://stackoverflow.com/q/60122070"", ""60122070"")",0.34394904458598724
"=HYPERLINK(""https://stackoverflow.com/q/60149987"", ""60149987"")",0.3761904761904763
"=HYPERLINK(""https://stackoverflow.com/q/60180314"", ""60180314"")",0.42198581560283693
"=HYPERLINK(""https://stackoverflow.com/q/60216405"", ""60216405"")",0.42675159235668786
"=HYPERLINK(""https://stackoverflow.com/q/60270069"", ""60270069"")",0.3462783171521035
"=HYPERLINK(""https://stackoverflow.com/q/60275392"", ""60275392"")",0.6588235294117648
"=HYPERLINK(""https://stackoverflow.com/q/60550897"", ""60550897"")",0.26574500768049164
"=HYPERLINK(""https://stackoverflow.com/q/60563604"", ""60563604"")",0.37423312883435583
"=HYPERLINK(""https://stackoverflow.com/q/60633916"", ""60633916"")",0.41530054644808745
"=HYPERLINK(""https://stackoverflow.com/q/60737636"", ""60737636"")",0.3124065769805679
"=HYPERLINK(""https://stackoverflow.com/q/60797040"", ""60797040"")",0.5476190476190478
"=HYPERLINK(""https://stackoverflow.com/q/60841319"", ""60841319"")",0.3066666666666667
"=HYPERLINK(""https://stackoverflow.com/q/60892850"", ""60892850"")",0.391941391941392
"=HYPERLINK(""https://stackoverflow.com/q/60921372"", ""60921372"")",0.4375
"=HYPERLINK(""https://stackoverflow.com/q/60965485"", ""60965485"")",0.4364508393285372
"=HYPERLINK(""https://stackoverflow.com/q/60969780"", ""60969780"")",0.36309523809523825
"=HYPERLINK(""https://stackoverflow.com/q/60981262"", ""60981262"")",0.5607843137254903
"=HYPERLINK(""https://stackoverflow.com/q/61125642"", ""61125642"")",0.32156862745098047
"=HYPERLINK(""https://stackoverflow.com/q/61128120"", ""61128120"")",0.29396325459317585
"=HYPERLINK(""https://stackoverflow.com/q/61138540"", ""61138540"")",0.2278177458033573
"=HYPERLINK(""https://stackoverflow.com/q/61486115"", ""61486115"")",0.3197278911564625
"=HYPERLINK(""https://stackoverflow.com/q/61507982"", ""61507982"")",0.3421052631578947
"=HYPERLINK(""https://stackoverflow.com/q/61539728"", ""61539728"")",0.28571428571428575
"=HYPERLINK(""https://stackoverflow.com/q/61557463"", ""61557463"")",0.39655172413793105
"=HYPERLINK(""https://stackoverflow.com/q/61674597"", ""61674597"")",0.32795698924731187
"=HYPERLINK(""https://stackoverflow.com/q/61692023"", ""61692023"")",0.2624113475177305
"=HYPERLINK(""https://stackoverflow.com/q/61769186"", ""61769186"")",0.4761904761904763
"=HYPERLINK(""https://stackoverflow.com/q/61803264"", ""61803264"")",0.693877551020408
"=HYPERLINK(""https://stackoverflow.com/q/61894731"", ""61894731"")",0.3182199832073887
"=HYPERLINK(""https://stackoverflow.com/q/61894867"", ""61894867"")",0.3640350877192982
"=HYPERLINK(""https://stackoverflow.com/q/61983347"", ""61983347"")",0.5803921568627453
"=HYPERLINK(""https://stackoverflow.com/q/62079006"", ""62079006"")",0.4364508393285372
"=HYPERLINK(""https://stackoverflow.com/q/62228611"", ""62228611"")",0.38004246284501064
"=HYPERLINK(""https://stackoverflow.com/q/62343056"", ""62343056"")",0.24744376278118607
"=HYPERLINK(""https://stackoverflow.com/q/62473520"", ""62473520"")",0.2730496453900709
"=HYPERLINK(""https://stackoverflow.com/q/62489539"", ""62489539"")",0.4347826086956523
"=HYPERLINK(""https://stackoverflow.com/q/62623166"", ""62623166"")",0.4492753623188405
"=HYPERLINK(""https://stackoverflow.com/q/62631896"", ""62631896"")",0.513157894736842
"=HYPERLINK(""https://stackoverflow.com/q/62687546"", ""62687546"")",0.3058419243986255
"=HYPERLINK(""https://stackoverflow.com/q/62706595"", ""62706595"")",0.411764705882353
"=HYPERLINK(""https://stackoverflow.com/q/62765658"", ""62765658"")",0.6258992805755398
"=HYPERLINK(""https://stackoverflow.com/q/62780977"", ""62780977"")",0.25382262996941896
"=HYPERLINK(""https://stackoverflow.com/q/62836278"", ""62836278"")",0.33333333333333337
"=HYPERLINK(""https://stackoverflow.com/q/62843488"", ""62843488"")",0.32075471698113217
"=HYPERLINK(""https://stackoverflow.com/q/62860539"", ""62860539"")",0.33623188405797105
"=HYPERLINK(""https://stackoverflow.com/q/62976352"", ""62976352"")",0.5729166666666666
"=HYPERLINK(""https://stackoverflow.com/q/63135881"", ""63135881"")",0.3135593220338984
"=HYPERLINK(""https://stackoverflow.com/q/63213613"", ""63213613"")",0.4323809523809524
"=HYPERLINK(""https://stackoverflow.com/q/63229065"", ""63229065"")",0.3294117647058824
"=HYPERLINK(""https://stackoverflow.com/q/63334687"", ""63334687"")",0.46818181818181814
"=HYPERLINK(""https://stackoverflow.com/q/63336351"", ""63336351"")",0.38118811881188114
"=HYPERLINK(""https://stackoverflow.com/q/63385351"", ""63385351"")",0.461904761904762
"=HYPERLINK(""https://stackoverflow.com/q/63462513"", ""63462513"")",0.26739926739926745
"=HYPERLINK(""https://stackoverflow.com/q/63508264"", ""63508264"")",0.5539499036608861
"=HYPERLINK(""https://stackoverflow.com/q/63569151"", ""63569151"")",0.3157894736842105
"=HYPERLINK(""https://stackoverflow.com/q/63610554"", ""63610554"")",0.3989071038251365
"=HYPERLINK(""https://stackoverflow.com/q/63667022"", ""63667022"")",0.3224043715846995
"=HYPERLINK(""https://stackoverflow.com/q/63742494"", ""63742494"")",0.42394822006472505
"=HYPERLINK(""https://stackoverflow.com/q/63771896"", ""63771896"")",0.3676470588235295
"=HYPERLINK(""https://stackoverflow.com/q/63839680"", ""63839680"")",0.309278350515464
"=HYPERLINK(""https://stackoverflow.com/q/63907113"", ""63907113"")",0.3264367816091954
"=HYPERLINK(""https://stackoverflow.com/q/63949025"", ""63949025"")",0.27230046948356806
"=HYPERLINK(""https://stackoverflow.com/q/64215998"", ""64215998"")",0.34615384615384626
"=HYPERLINK(""https://stackoverflow.com/q/64216840"", ""64216840"")",0.36170212765957444
"=HYPERLINK(""https://stackoverflow.com/q/64244382"", ""64244382"")",0.5148809523809524
"=HYPERLINK(""https://stackoverflow.com/q/64561968"", ""64561968"")",0.4328358208955224
"=HYPERLINK(""https://stackoverflow.com/q/64617637"", ""64617637"")",0.3948220064724919
"=HYPERLINK(""https://stackoverflow.com/q/64618139"", ""64618139"")",0.4059139784946237
"=HYPERLINK(""https://stackoverflow.com/q/64700093"", ""64700093"")",0.41732283464566927
"=HYPERLINK(""https://stackoverflow.com/q/64819708"", ""64819708"")",0.596078431372549
"=HYPERLINK(""https://stackoverflow.com/q/64849557"", ""64849557"")",0.2827586206896552
"=HYPERLINK(""https://stackoverflow.com/q/64896656"", ""64896656"")",0.29746835443037983
"=HYPERLINK(""https://stackoverflow.com/q/64965314"", ""64965314"")",0.3171390013495277
"=HYPERLINK(""https://stackoverflow.com/q/64966535"", ""64966535"")",0.3546099290780142
"=HYPERLINK(""https://stackoverflow.com/q/65000982"", ""65000982"")",0.3049645390070922
"=HYPERLINK(""https://stackoverflow.com/q/65021206"", ""65021206"")",0.3403755868544602
"=HYPERLINK(""https://stackoverflow.com/q/65044018"", ""65044018"")",0.35338345864661663
"=HYPERLINK(""https://stackoverflow.com/q/65045664"", ""65045664"")",0.6121212121212121
"=HYPERLINK(""https://stackoverflow.com/q/65085959"", ""65085959"")",0.44339622641509435
"=HYPERLINK(""https://stackoverflow.com/q/65088542"", ""65088542"")",0.4716312056737588
"=HYPERLINK(""https://stackoverflow.com/q/65233943"", ""65233943"")",0.3289473684210526
"=HYPERLINK(""https://stackoverflow.com/q/65249110"", ""65249110"")",0.5632183908045977
"=HYPERLINK(""https://stackoverflow.com/q/65408098"", ""65408098"")",0.43243243243243246
"=HYPERLINK(""https://stackoverflow.com/q/65453166"", ""65453166"")",0.3033126293995858
"=HYPERLINK(""https://stackoverflow.com/q/65465114"", ""65465114"")",0.32312925170068035
"=HYPERLINK(""https://stackoverflow.com/q/65521556"", ""65521556"")",0.33928571428571436
"=HYPERLINK(""https://stackoverflow.com/q/65812334"", ""65812334"")",0.5671641791044777
"=HYPERLINK(""https://stackoverflow.com/q/65850262"", ""65850262"")",0.4495412844036696
"=HYPERLINK(""https://stackoverflow.com/q/65871708"", ""65871708"")",0.3700305810397554
"=HYPERLINK(""https://stackoverflow.com/q/66011434"", ""66011434"")",0.6415094339622641
"=HYPERLINK(""https://stackoverflow.com/q/66153580"", ""66153580"")",0.33333333333333337
"=HYPERLINK(""https://stackoverflow.com/q/66200436"", ""66200436"")",0.2678571428571429
"=HYPERLINK(""https://stackoverflow.com/q/66223251"", ""66223251"")",0.5068493150684931
"=HYPERLINK(""https://stackoverflow.com/q/66252010"", ""66252010"")",0.33630952380952384
"=HYPERLINK(""https://stackoverflow.com/q/66343200"", ""66343200"")",0.3559870550161812
"=HYPERLINK(""https://stackoverflow.com/q/66437315"", ""66437315"")",0.6097560975609757
"=HYPERLINK(""https://stackoverflow.com/q/66495126"", ""66495126"")",0.607843137254902
"=HYPERLINK(""https://stackoverflow.com/q/66497772"", ""66497772"")",0.5833333333333334
"=HYPERLINK(""https://stackoverflow.com/q/66504979"", ""66504979"")",0.3333333333333333
"=HYPERLINK(""https://stackoverflow.com/q/66676371"", ""66676371"")",0.5514705882352943
"=HYPERLINK(""https://stackoverflow.com/q/66803742"", ""66803742"")",0.45507246376811594
"=HYPERLINK(""https://stackoverflow.com/q/66861409"", ""66861409"")",0.4604810996563575
"=HYPERLINK(""https://stackoverflow.com/q/66865031"", ""66865031"")",0.28522336769759454
"=HYPERLINK(""https://stackoverflow.com/q/66899120"", ""66899120"")",0.2749140893470791
"=HYPERLINK(""https://stackoverflow.com/q/67020040"", ""67020040"")",0.4879518072289157
"=HYPERLINK(""https://stackoverflow.com/q/67051812"", ""67051812"")",0.4242424242424243
"=HYPERLINK(""https://stackoverflow.com/q/67099230"", ""67099230"")",0.41666666666666674
"=HYPERLINK(""https://stackoverflow.com/q/67132186"", ""67132186"")",0.3718309859154929
"=HYPERLINK(""https://stackoverflow.com/q/67212443"", ""67212443"")",0.3450704225352113
"=HYPERLINK(""https://stackoverflow.com/q/67253077"", ""67253077"")",0.4717514124293785
"=HYPERLINK(""https://stackoverflow.com/q/67272348"", ""67272348"")",0.3529411764705883
"=HYPERLINK(""https://stackoverflow.com/q/67371448"", ""67371448"")",0.4517543859649123
"=HYPERLINK(""https://stackoverflow.com/q/67447825"", ""67447825"")",0.30952380952380953
"=HYPERLINK(""https://stackoverflow.com/q/67460758"", ""67460758"")",0.2754820936639118
"=HYPERLINK(""https://stackoverflow.com/q/67678545"", ""67678545"")",0.3840579710144927
"=HYPERLINK(""https://stackoverflow.com/q/67774604"", ""67774604"")",0.3149078726968174
"=HYPERLINK(""https://stackoverflow.com/q/67823594"", ""67823594"")",0.19047619047619055
"=HYPERLINK(""https://stackoverflow.com/q/67843143"", ""67843143"")",0.24705882352941178
"=HYPERLINK(""https://stackoverflow.com/q/67913798"", ""67913798"")",0.5536723163841809
"=HYPERLINK(""https://stackoverflow.com/q/67926425"", ""67926425"")",0.30402930402930406
"=HYPERLINK(""https://stackoverflow.com/q/67988138"", ""67988138"")",0.32758620689655166
"=HYPERLINK(""https://stackoverflow.com/q/68061084"", ""68061084"")",0.4398625429553266
"=HYPERLINK(""https://stackoverflow.com/q/68117847"", ""68117847"")",0.7031249999999999
"=HYPERLINK(""https://stackoverflow.com/q/68190739"", ""68190739"")",0.30696202531645567
"=HYPERLINK(""https://stackoverflow.com/q/68192602"", ""68192602"")",0.3228346456692914
"=HYPERLINK(""https://stackoverflow.com/q/68214789"", ""68214789"")",0.25416666666666676
"=HYPERLINK(""https://stackoverflow.com/q/68303285"", ""68303285"")",0.3522012578616352
"=HYPERLINK(""https://stackoverflow.com/q/68303753"", ""68303753"")",0.22970639032815202
"=HYPERLINK(""https://stackoverflow.com/q/68310117"", ""68310117"")",0.2714285714285714
"=HYPERLINK(""https://stackoverflow.com/q/68318007"", ""68318007"")",0.550314465408805
"=HYPERLINK(""https://stackoverflow.com/q/68334732"", ""68334732"")",0.390625
"=HYPERLINK(""https://stackoverflow.com/q/68403420"", ""68403420"")",0.6060606060606062
"=HYPERLINK(""https://stackoverflow.com/q/68422221"", ""68422221"")",0.44680851063829785
"=HYPERLINK(""https://stackoverflow.com/q/68423784"", ""68423784"")",0.5376344086021504
"=HYPERLINK(""https://stackoverflow.com/q/68477780"", ""68477780"")",0.38631346578366454
"=HYPERLINK(""https://stackoverflow.com/q/68505595"", ""68505595"")",0.3287356321839081
"=HYPERLINK(""https://stackoverflow.com/q/68532457"", ""68532457"")",0.205607476635514
"=HYPERLINK(""https://stackoverflow.com/q/68547133"", ""68547133"")",0.33333333333333337
"=HYPERLINK(""https://stackoverflow.com/q/68549349"", ""68549349"")",0.27083333333333337
"=HYPERLINK(""https://stackoverflow.com/q/68552136"", ""68552136"")",0.41421568627450983
"=HYPERLINK(""https://stackoverflow.com/q/68563652"", ""68563652"")",0.41333333333333333
"=HYPERLINK(""https://stackoverflow.com/q/68567385"", ""68567385"")",0.27683615819209045
"=HYPERLINK(""https://stackoverflow.com/q/68606277"", ""68606277"")",0.39862542955326463
"=HYPERLINK(""https://stackoverflow.com/q/68628187"", ""68628187"")",0.40909090909090906
"=HYPERLINK(""https://stackoverflow.com/q/68799689"", ""68799689"")",0.4862385321100918
"=HYPERLINK(""https://stackoverflow.com/q/68818073"", ""68818073"")",0.29959514170040485
"=HYPERLINK(""https://stackoverflow.com/q/68912185"", ""68912185"")",0.5198618307426597
"=HYPERLINK(""https://stackoverflow.com/q/68913520"", ""68913520"")",0.4202898550724637
"=HYPERLINK(""https://stackoverflow.com/q/68919823"", ""68919823"")",0.34196891191709844
"=HYPERLINK(""https://stackoverflow.com/q/68955197"", ""68955197"")",0.44258373205741625
"=HYPERLINK(""https://stackoverflow.com/q/69068520"", ""69068520"")",0.33789954337899536
"=HYPERLINK(""https://stackoverflow.com/q/69076270"", ""69076270"")",0.24313725490196078
"=HYPERLINK(""https://stackoverflow.com/q/69082339"", ""69082339"")",0.2577519379844962
"=HYPERLINK(""https://stackoverflow.com/q/69234002"", ""69234002"")",0.38421052631578945
"=HYPERLINK(""https://stackoverflow.com/q/69332418"", ""69332418"")",0.3630573248407643
"=HYPERLINK(""https://stackoverflow.com/q/69360497"", ""69360497"")",0.45147679324894513
"=HYPERLINK(""https://stackoverflow.com/q/69377034"", ""69377034"")",0.44176706827309237
"=HYPERLINK(""https://stackoverflow.com/q/69446305"", ""69446305"")",0.6186317321688501
"=HYPERLINK(""https://stackoverflow.com/q/69451862"", ""69451862"")",0.3798449612403102
"=HYPERLINK(""https://stackoverflow.com/q/69477779"", ""69477779"")",0.5430107526881721
"=HYPERLINK(""https://stackoverflow.com/q/69485936"", ""69485936"")",0.2608695652173913
"=HYPERLINK(""https://stackoverflow.com/q/69499960"", ""69499960"")",0.42473118279569894
"=HYPERLINK(""https://stackoverflow.com/q/69511910"", ""69511910"")",0.6016260162601625
"=HYPERLINK(""https://stackoverflow.com/q/69541138"", ""69541138"")",0.3486842105263159
"=HYPERLINK(""https://stackoverflow.com/q/69645760"", ""69645760"")",0.3483709273182958
"=HYPERLINK(""https://stackoverflow.com/q/69647042"", ""69647042"")",0.3107344632768362
"=HYPERLINK(""https://stackoverflow.com/q/69652390"", ""69652390"")",0.6142857142857144
"=HYPERLINK(""https://stackoverflow.com/q/69711232"", ""69711232"")",0.2692307692307693
"=HYPERLINK(""https://stackoverflow.com/q/69739322"", ""69739322"")",0.3285939968404423
"=HYPERLINK(""https://stackoverflow.com/q/69754912"", ""69754912"")",0.4121715076071923
"=HYPERLINK(""https://stackoverflow.com/q/69757539"", ""69757539"")",0.4694280078895463
"=HYPERLINK(""https://stackoverflow.com/q/69771241"", ""69771241"")",0.4224806201550387
"=HYPERLINK(""https://stackoverflow.com/q/69795917"", ""69795917"")",0.33333333333333337
"=HYPERLINK(""https://stackoverflow.com/q/69801846"", ""69801846"")",0.4121621621621622
"=HYPERLINK(""https://stackoverflow.com/q/69847878"", ""69847878"")",0.37414965986394555
"=HYPERLINK(""https://stackoverflow.com/q/69880325"", ""69880325"")",0.3817829457364341
"=HYPERLINK(""https://stackoverflow.com/q/69920416"", ""69920416"")",0.33757961783439494
"=HYPERLINK(""https://stackoverflow.com/q/69933296"", ""69933296"")",0.37318840579710144
"=HYPERLINK(""https://stackoverflow.com/q/69962965"", ""69962965"")",0.4
"=HYPERLINK(""https://stackoverflow.com/q/70023418"", ""70023418"")",0.21522309711286092
"=HYPERLINK(""https://stackoverflow.com/q/70030634"", ""70030634"")",0.3636363636363637
"=HYPERLINK(""https://stackoverflow.com/q/70044114"", ""70044114"")",0.45406824146981634
"=HYPERLINK(""https://stackoverflow.com/q/70163549"", ""70163549"")",0.5448717948717949
"=HYPERLINK(""https://stackoverflow.com/q/70191087"", ""70191087"")",0.3415977961432507
"=HYPERLINK(""https://stackoverflow.com/q/70207479"", ""70207479"")",0.3774104683195593
"=HYPERLINK(""https://stackoverflow.com/q/70240640"", ""70240640"")",0.448170731707317
"=HYPERLINK(""https://stackoverflow.com/q/70244103"", ""70244103"")",0.45507246376811594
"=HYPERLINK(""https://stackoverflow.com/q/70322178"", ""70322178"")",0.2773722627737226
"=HYPERLINK(""https://stackoverflow.com/q/70404025"", ""70404025"")",0.6488413547237077
"=HYPERLINK(""https://stackoverflow.com/q/70411468"", ""70411468"")",0.2051282051282051
"=HYPERLINK(""https://stackoverflow.com/q/70418018"", ""70418018"")",0.3954802259887007
"=HYPERLINK(""https://stackoverflow.com/q/70424079"", ""70424079"")",0.38297872340425526
"=HYPERLINK(""https://stackoverflow.com/q/70452527"", ""70452527"")",0.40206185567010316
"=HYPERLINK(""https://stackoverflow.com/q/70512043"", ""70512043"")",0.463917525773196
"=HYPERLINK(""https://stackoverflow.com/q/70527598"", ""70527598"")",0.31034482758620696
"=HYPERLINK(""https://stackoverflow.com/q/70585667"", ""70585667"")",0.4092827004219409
"=HYPERLINK(""https://stackoverflow.com/q/70599052"", ""70599052"")",0.41365461847389545
"=HYPERLINK(""https://stackoverflow.com/q/70673890"", ""70673890"")",0.2692307692307693
"=HYPERLINK(""https://stackoverflow.com/q/70820396"", ""70820396"")",0.2586206896551724
"=HYPERLINK(""https://stackoverflow.com/q/70900716"", ""70900716"")",0.37588652482269497
"=HYPERLINK(""https://stackoverflow.com/q/70908018"", ""70908018"")",0.4008438818565401
"=HYPERLINK(""https://stackoverflow.com/q/70916175"", ""70916175"")",0.4657534246575342
"=HYPERLINK(""https://stackoverflow.com/q/70916238"", ""70916238"")",0.2782608695652174
"=HYPERLINK(""https://stackoverflow.com/q/70940773"", ""70940773"")",0.3860544217687075
"=HYPERLINK(""https://stackoverflow.com/q/70976353"", ""70976353"")",0.5395480225988702
"=HYPERLINK(""https://stackoverflow.com/q/70982297"", ""70982297"")",0.8049432197728794
"=HYPERLINK(""https://stackoverflow.com/q/71003200"", ""71003200"")",0.6407766990291263
"=HYPERLINK(""https://stackoverflow.com/q/71059307"", ""71059307"")",0.5019607843137257
"=HYPERLINK(""https://stackoverflow.com/q/71063715"", ""71063715"")",0.44605009633911363
"=HYPERLINK(""https://stackoverflow.com/q/71239957"", ""71239957"")",0.40287769784172667
"=HYPERLINK(""https://stackoverflow.com/q/71279238"", ""71279238"")",0.5512820512820513
"=HYPERLINK(""https://stackoverflow.com/q/71395237"", ""71395237"")",0.31518151815181517
"=HYPERLINK(""https://stackoverflow.com/q/71404719"", ""71404719"")",0.3288288288288289
"=HYPERLINK(""https://stackoverflow.com/q/71454995"", ""71454995"")",0.25700934579439255
"=HYPERLINK(""https://stackoverflow.com/q/71479233"", ""71479233"")",0.5380952380952382
"=HYPERLINK(""https://stackoverflow.com/q/71480531"", ""71480531"")",0.43223443223443236
"=HYPERLINK(""https://stackoverflow.com/q/71511360"", ""71511360"")",0.319634703196347
"=HYPERLINK(""https://stackoverflow.com/q/71526732"", ""71526732"")",0.4464831804281346
"=HYPERLINK(""https://stackoverflow.com/q/71598020"", ""71598020"")",0.30038759689922473
"=HYPERLINK(""https://stackoverflow.com/q/71605243"", ""71605243"")",0.34120734908136485
"=HYPERLINK(""https://stackoverflow.com/q/71609028"", ""71609028"")",0.3725490196078432
"=HYPERLINK(""https://stackoverflow.com/q/71620836"", ""71620836"")",0.5314900153609833
"=HYPERLINK(""https://stackoverflow.com/q/71652051"", ""71652051"")",0.3114543114543114
"=HYPERLINK(""https://stackoverflow.com/q/71682848"", ""71682848"")",0.3184885290148448
"=HYPERLINK(""https://stackoverflow.com/q/71686302"", ""71686302"")",0.4107142857142858
"=HYPERLINK(""https://stackoverflow.com/q/71747263"", ""71747263"")",0.23195084485407066
"=HYPERLINK(""https://stackoverflow.com/q/71748964"", ""71748964"")",0.3270440251572327
"=HYPERLINK(""https://stackoverflow.com/q/71761093"", ""71761093"")",0.4028776978417267
"=HYPERLINK(""https://stackoverflow.com/q/71761511"", ""71761511"")",0.2738095238095239
"=HYPERLINK(""https://stackoverflow.com/q/71872506"", ""71872506"")",0.3923076923076924
"=HYPERLINK(""https://stackoverflow.com/q/71919389"", ""71919389"")",0.5038759689922482
"=HYPERLINK(""https://stackoverflow.com/q/71949955"", ""71949955"")",0.4100719424460432
"=HYPERLINK(""https://stackoverflow.com/q/72106784"", ""72106784"")",0.29310344827586204
"=HYPERLINK(""https://stackoverflow.com/q/72133111"", ""72133111"")",0.27083333333333337
"=HYPERLINK(""https://stackoverflow.com/q/72160670"", ""72160670"")",0.6027397260273972
"=HYPERLINK(""https://stackoverflow.com/q/72196790"", ""72196790"")",0.44285714285714295
"=HYPERLINK(""https://stackoverflow.com/q/72242511"", ""72242511"")",0.427536231884058
"=HYPERLINK(""https://stackoverflow.com/q/72254360"", ""72254360"")",0.3736263736263737
"=HYPERLINK(""https://stackoverflow.com/q/72335818"", ""72335818"")",0.2616033755274262
"=HYPERLINK(""https://stackoverflow.com/q/72465078"", ""72465078"")",0.2946428571428572
"=HYPERLINK(""https://stackoverflow.com/q/72475084"", ""72475084"")",0.3667953667953668
"=HYPERLINK(""https://stackoverflow.com/q/72485151"", ""72485151"")",0.5133333333333334
