link,Correlation
"=HYPERLINK(""https://stackoverflow.com/a/3941531"", ""3941531"")",0.41666666666666674
"=HYPERLINK(""https://stackoverflow.com/a/5848055"", ""5848055"")",0.387905604719764
"=HYPERLINK(""https://stackoverflow.com/a/7917829"", ""7917829"")",0.33003300330033003
"=HYPERLINK(""https://stackoverflow.com/a/9419127"", ""9419127"")",0.45238095238095244
"=HYPERLINK(""https://stackoverflow.com/a/9526572"", ""9526572"")",0.37333333333333324
"=HYPERLINK(""https://stackoverflow.com/a/13570730"", ""13570730"")",0.3962703962703963
"=HYPERLINK(""https://stackoverflow.com/a/14988700"", ""14988700"")",0.44590884129599123
"=HYPERLINK(""https://stackoverflow.com/a/17468170"", ""17468170"")",0.20238095238095236
"=HYPERLINK(""https://stackoverflow.com/a/19471240"", ""19471240"")",0.34615384615384615
"=HYPERLINK(""https://stackoverflow.com/a/20925607"", ""20925607"")",0.41869918699187
"=HYPERLINK(""https://stackoverflow.com/a/21757348"", ""21757348"")",0.3297101449275362
"=HYPERLINK(""https://stackoverflow.com/a/25431664"", ""25431664"")",0.37931034482758624
"=HYPERLINK(""https://stackoverflow.com/a/27255664"", ""27255664"")",0.3432835820895523
"=HYPERLINK(""https://stackoverflow.com/a/29304480"", ""29304480"")",0.4232111692844677
"=HYPERLINK(""https://stackoverflow.com/a/29495886"", ""29495886"")",0.42744063324538256
"=HYPERLINK(""https://stackoverflow.com/a/30087565"", ""30087565"")",0.3454545454545454
"=HYPERLINK(""https://stackoverflow.com/a/30641557"", ""30641557"")",0.367816091954023
"=HYPERLINK(""https://stackoverflow.com/a/30780141"", ""30780141"")",0.4416058394160584
"=HYPERLINK(""https://stackoverflow.com/a/30872172"", ""30872172"")",0.40437788018433174
"=HYPERLINK(""https://stackoverflow.com/a/30944383"", ""30944383"")",0.346938775510204
"=HYPERLINK(""https://stackoverflow.com/a/32423130"", ""32423130"")",0.5833333333333334
"=HYPERLINK(""https://stackoverflow.com/a/32857098"", ""32857098"")",0.30512820512820515
"=HYPERLINK(""https://stackoverflow.com/a/34009192"", ""34009192"")",0.3477218225419665
"=HYPERLINK(""https://stackoverflow.com/a/34342672"", ""34342672"")",0.26811594202898553
"=HYPERLINK(""https://stackoverflow.com/a/34454576"", ""34454576"")",0.35812672176308546
"=HYPERLINK(""https://stackoverflow.com/a/35643096"", ""35643096"")",0.359748427672956
"=HYPERLINK(""https://stackoverflow.com/a/36584067"", ""36584067"")",0.6618911174785099
"=HYPERLINK(""https://stackoverflow.com/a/37302903"", ""37302903"")",0.45283018867924524
"=HYPERLINK(""https://stackoverflow.com/a/37409955"", ""37409955"")",0.4479166666666666
"=HYPERLINK(""https://stackoverflow.com/a/37705346"", ""37705346"")",0.31518151815181517
"=HYPERLINK(""https://stackoverflow.com/a/37729506"", ""37729506"")",0.2750000000000001
"=HYPERLINK(""https://stackoverflow.com/a/37915437"", ""37915437"")",0.5053763440860214
"=HYPERLINK(""https://stackoverflow.com/a/38976398"", ""38976398"")",0.3795180722891566
"=HYPERLINK(""https://stackoverflow.com/a/39208183"", ""39208183"")",0.35928961748633886
"=HYPERLINK(""https://stackoverflow.com/a/39438663"", ""39438663"")",0.6288515406162464
"=HYPERLINK(""https://stackoverflow.com/a/40025404"", ""40025404"")",0.4520833333333334
"=HYPERLINK(""https://stackoverflow.com/a/40405444"", ""40405444"")",0.5587529976019184
"=HYPERLINK(""https://stackoverflow.com/a/40497098"", ""40497098"")",0.28455284552845533
"=HYPERLINK(""https://stackoverflow.com/a/40646079"", ""40646079"")",0.4158075601374571
"=HYPERLINK(""https://stackoverflow.com/a/41054905"", ""41054905"")",0.1872146118721461
"=HYPERLINK(""https://stackoverflow.com/a/41852811"", ""41852811"")",0.4604810996563575
"=HYPERLINK(""https://stackoverflow.com/a/42035906"", ""42035906"")",0.35528942115768464
"=HYPERLINK(""https://stackoverflow.com/a/42983585"", ""42983585"")",0.2773224043715847
"=HYPERLINK(""https://stackoverflow.com/a/43693485"", ""43693485"")",0.27235772357723576
"=HYPERLINK(""https://stackoverflow.com/a/44494241"", ""44494241"")",0.35820895522388063
"=HYPERLINK(""https://stackoverflow.com/a/45569060"", ""45569060"")",0.6805170821791321
"=HYPERLINK(""https://stackoverflow.com/a/45804013"", ""45804013"")",0.5301204819277108
"=HYPERLINK(""https://stackoverflow.com/a/46679864"", ""46679864"")",0.4133333333333333
"=HYPERLINK(""https://stackoverflow.com/a/47557224"", ""47557224"")",0.42000000000000004
"=HYPERLINK(""https://stackoverflow.com/a/47926201"", ""47926201"")",0.2587719298245614
"=HYPERLINK(""https://stackoverflow.com/a/48076658"", ""48076658"")",0.2548209366391185
"=HYPERLINK(""https://stackoverflow.com/a/48257543"", ""48257543"")",0.5395189003436427
"=HYPERLINK(""https://stackoverflow.com/a/49061443"", ""49061443"")",0.2857142857142857
"=HYPERLINK(""https://stackoverflow.com/a/49274704"", ""49274704"")",0.27692307692307694
"=HYPERLINK(""https://stackoverflow.com/a/49729650"", ""49729650"")",0.3171521035598705
"=HYPERLINK(""https://stackoverflow.com/a/49732965"", ""49732965"")",0.2702702702702703
"=HYPERLINK(""https://stackoverflow.com/a/49742372"", ""49742372"")",0.3957219251336899
"=HYPERLINK(""https://stackoverflow.com/a/50005527"", ""50005527"")",0.45765765765765765
"=HYPERLINK(""https://stackoverflow.com/a/50115155"", ""50115155"")",0.5274261603375527
"=HYPERLINK(""https://stackoverflow.com/a/50134084"", ""50134084"")",0.2914798206278027
"=HYPERLINK(""https://stackoverflow.com/a/50184852"", ""50184852"")",0.8067940552016984
"=HYPERLINK(""https://stackoverflow.com/a/50646458"", ""50646458"")",0.2785388127853881
"=HYPERLINK(""https://stackoverflow.com/a/50649004"", ""50649004"")",0.3333333333333332
"=HYPERLINK(""https://stackoverflow.com/a/50928090"", ""50928090"")",0.25870646766169153
"=HYPERLINK(""https://stackoverflow.com/a/50952993"", ""50952993"")",0.5253623188405797
"=HYPERLINK(""https://stackoverflow.com/a/51141667"", ""51141667"")",0.2448979591836735
"=HYPERLINK(""https://stackoverflow.com/a/51828794"", ""51828794"")",0.3728070175438596
"=HYPERLINK(""https://stackoverflow.com/a/52320294"", ""52320294"")",0.2920110192837465
"=HYPERLINK(""https://stackoverflow.com/a/52634607"", ""52634607"")",0.4481981981981983
"=HYPERLINK(""https://stackoverflow.com/a/52979077"", ""52979077"")",0.24113475177304963
"=HYPERLINK(""https://stackoverflow.com/a/53789373"", ""53789373"")",0.8206896551724138
"=HYPERLINK(""https://stackoverflow.com/a/54009141"", ""54009141"")",0.5725806451612904
"=HYPERLINK(""https://stackoverflow.com/a/54079366"", ""54079366"")",0.4714285714285715
"=HYPERLINK(""https://stackoverflow.com/a/54167366"", ""54167366"")",0.49774774774774777
"=HYPERLINK(""https://stackoverflow.com/a/54557946"", ""54557946"")",0.59375
"=HYPERLINK(""https://stackoverflow.com/a/54616314"", ""54616314"")",0.2678936605316974
"=HYPERLINK(""https://stackoverflow.com/a/55062068"", ""55062068"")",0.2517006802721089
"=HYPERLINK(""https://stackoverflow.com/a/55180071"", ""55180071"")",0.3486238532110092
"=HYPERLINK(""https://stackoverflow.com/a/55553190"", ""55553190"")",0.6509433962264151
"=HYPERLINK(""https://stackoverflow.com/a/55713804"", ""55713804"")",0.3475935828877006
"=HYPERLINK(""https://stackoverflow.com/a/55749032"", ""55749032"")",0.4405797101449276
"=HYPERLINK(""https://stackoverflow.com/a/55820937"", ""55820937"")",0.3480392156862746
"=HYPERLINK(""https://stackoverflow.com/a/55959404"", ""55959404"")",0.25114155251141557
"=HYPERLINK(""https://stackoverflow.com/a/56300460"", ""56300460"")",0.26525821596244126
"=HYPERLINK(""https://stackoverflow.com/a/56502031"", ""56502031"")",0.27999999999999997
"=HYPERLINK(""https://stackoverflow.com/a/56738324"", ""56738324"")",0.2568306010928962
"=HYPERLINK(""https://stackoverflow.com/a/56778165"", ""56778165"")",0.35772357723577236
"=HYPERLINK(""https://stackoverflow.com/a/56794146"", ""56794146"")",0.16666666666666666
"=HYPERLINK(""https://stackoverflow.com/a/57561392"", ""57561392"")",0.6645021645021645
"=HYPERLINK(""https://stackoverflow.com/a/57660583"", ""57660583"")",0.2965879265091863
"=HYPERLINK(""https://stackoverflow.com/a/57829754"", ""57829754"")",0.3550724637681159
"=HYPERLINK(""https://stackoverflow.com/a/57952974"", ""57952974"")",0.23108384458077713
"=HYPERLINK(""https://stackoverflow.com/a/57955177"", ""57955177"")",0.2695035460992908
"=HYPERLINK(""https://stackoverflow.com/a/58672858"", ""58672858"")",0.5602678571428572
"=HYPERLINK(""https://stackoverflow.com/a/58706271"", ""58706271"")",0.3010752688172043
"=HYPERLINK(""https://stackoverflow.com/a/58900622"", ""58900622"")",0.543859649122807
"=HYPERLINK(""https://stackoverflow.com/a/58996955"", ""58996955"")",0.30588235294117644
"=HYPERLINK(""https://stackoverflow.com/a/59312300"", ""59312300"")",0.44072524407252445
"=HYPERLINK(""https://stackoverflow.com/a/60087580"", ""60087580"")",0.5087719298245614
"=HYPERLINK(""https://stackoverflow.com/a/60803476"", ""60803476"")",0.32083333333333336
"=HYPERLINK(""https://stackoverflow.com/a/60822281"", ""60822281"")",0.5262172284644194
"=HYPERLINK(""https://stackoverflow.com/a/61213559"", ""61213559"")",0.3980099502487562
"=HYPERLINK(""https://stackoverflow.com/a/61336334"", ""61336334"")",0.30601092896174864
"=HYPERLINK(""https://stackoverflow.com/a/61591209"", ""61591209"")",0.41350210970464135
"=HYPERLINK(""https://stackoverflow.com/a/61831078"", ""61831078"")",0.37442922374429227
"=HYPERLINK(""https://stackoverflow.com/a/61916191"", ""61916191"")",0.3188567186340015
"=HYPERLINK(""https://stackoverflow.com/a/62426945"", ""62426945"")",0.6037735849056605
"=HYPERLINK(""https://stackoverflow.com/a/62792833"", ""62792833"")",0.5757575757575758
"=HYPERLINK(""https://stackoverflow.com/a/63657364"", ""63657364"")",0.29824561403508754
"=HYPERLINK(""https://stackoverflow.com/a/63684158"", ""63684158"")",0.7708333333333333
"=HYPERLINK(""https://stackoverflow.com/a/64118398"", ""64118398"")",0.3581560283687943
"=HYPERLINK(""https://stackoverflow.com/a/64202851"", ""64202851"")",0.3937007874015749
"=HYPERLINK(""https://stackoverflow.com/a/64424429"", ""64424429"")",0.56957928802589
"=HYPERLINK(""https://stackoverflow.com/a/64707968"", ""64707968"")",0.391304347826087
"=HYPERLINK(""https://stackoverflow.com/a/65799418"", ""65799418"")",0.19047619047619044
"=HYPERLINK(""https://stackoverflow.com/a/66005425"", ""66005425"")",0.2945736434108527
"=HYPERLINK(""https://stackoverflow.com/a/66047705"", ""66047705"")",0.4666666666666666
"=HYPERLINK(""https://stackoverflow.com/a/66402028"", ""66402028"")",0.5284552845528455
"=HYPERLINK(""https://stackoverflow.com/a/68164842"", ""68164842"")",0.31556683587140444
"=HYPERLINK(""https://stackoverflow.com/a/68610168"", ""68610168"")",0.48528405201916497
"=HYPERLINK(""https://stackoverflow.com/a/68760059"", ""68760059"")",0.6051779935275081
"=HYPERLINK(""https://stackoverflow.com/a/69259130"", ""69259130"")",0.27891156462585026
"=HYPERLINK(""https://stackoverflow.com/a/69294613"", ""69294613"")",0.3896713615023475
"=HYPERLINK(""https://stackoverflow.com/a/70594775"", ""70594775"")",0.25757575757575746
"=HYPERLINK(""https://stackoverflow.com/a/70897988"", ""70897988"")",0.43678160919540227
"=HYPERLINK(""https://stackoverflow.com/a/71329606"", ""71329606"")",0.22916666666666663
"=HYPERLINK(""https://stackoverflow.com/a/71818565"", ""71818565"")",0.43278084714548803
"=HYPERLINK(""https://stackoverflow.com/a/72170407"", ""72170407"")",0.32413793103448274
