link,Correlation
"=HYPERLINK(""https://stackoverflow.com/q/3936904"", ""3936904"")",0.3647234678624814
"=HYPERLINK(""https://stackoverflow.com/q/5846574"", ""5846574"")",0.5720524017467249
"=HYPERLINK(""https://stackoverflow.com/q/6955870"", ""6955870"")",0.3495145631067961
"=HYPERLINK(""https://stackoverflow.com/q/7545962"", ""7545962"")",0.674347158218126
"=HYPERLINK(""https://stackoverflow.com/q/7915095"", ""7915095"")",0.3616473616473616
"=HYPERLINK(""https://stackoverflow.com/q/8118156"", ""8118156"")",0.40206185567010305
"=HYPERLINK(""https://stackoverflow.com/q/8844953"", ""8844953"")",0.5718654434250765
"=HYPERLINK(""https://stackoverflow.com/q/9424590"", ""9424590"")",0.3149606299212599
"=HYPERLINK(""https://stackoverflow.com/q/9536786"", ""9536786"")",0.5060606060606061
"=HYPERLINK(""https://stackoverflow.com/q/11166087"", ""11166087"")",0.4861612515042117
"=HYPERLINK(""https://stackoverflow.com/q/12651719"", ""12651719"")",0.6083333333333333
"=HYPERLINK(""https://stackoverflow.com/q/13052081"", ""13052081"")",0.3175542406311637
"=HYPERLINK(""https://stackoverflow.com/q/13566634"", ""13566634"")",0.4422442244224422
"=HYPERLINK(""https://stackoverflow.com/q/14515026"", ""14515026"")",0.24761904761904766
"=HYPERLINK(""https://stackoverflow.com/q/14544631"", ""14544631"")",0.4641025641025641
"=HYPERLINK(""https://stackoverflow.com/q/14987200"", ""14987200"")",0.5857142857142857
"=HYPERLINK(""https://stackoverflow.com/q/15342081"", ""15342081"")",0.3794871794871795
"=HYPERLINK(""https://stackoverflow.com/q/15879366"", ""15879366"")",0.30075187969924816
"=HYPERLINK(""https://stackoverflow.com/q/16074360"", ""16074360"")",0.5772357723577236
"=HYPERLINK(""https://stackoverflow.com/q/16886976"", ""16886976"")",0.42158616577221225
"=HYPERLINK(""https://stackoverflow.com/q/16894778"", ""16894778"")",0.24952380952380956
"=HYPERLINK(""https://stackoverflow.com/q/17167718"", ""17167718"")",0.3630952380952382
"=HYPERLINK(""https://stackoverflow.com/q/17322150"", ""17322150"")",0.41899070385126164
"=HYPERLINK(""https://stackoverflow.com/q/17526880"", ""17526880"")",0.42113821138211377
"=HYPERLINK(""https://stackoverflow.com/q/18769924"", ""18769924"")",0.42307692307692313
"=HYPERLINK(""https://stackoverflow.com/q/19807144"", ""19807144"")",0.435244161358811
"=HYPERLINK(""https://stackoverflow.com/q/20402367"", ""20402367"")",0.28205128205128205
"=HYPERLINK(""https://stackoverflow.com/q/20970454"", ""20970454"")",0.27672955974842767
"=HYPERLINK(""https://stackoverflow.com/q/23951650"", ""23951650"")",0.44397163120567373
"=HYPERLINK(""https://stackoverflow.com/q/24154776"", ""24154776"")",0.406060606060606
"=HYPERLINK(""https://stackoverflow.com/q/24266566"", ""24266566"")",0.39583333333333337
"=HYPERLINK(""https://stackoverflow.com/q/24856033"", ""24856033"")",0.35862068965517246
"=HYPERLINK(""https://stackoverflow.com/q/25205371"", ""25205371"")",0.6415094339622642
"=HYPERLINK(""https://stackoverflow.com/q/26265181"", ""26265181"")",0.4600000000000001
"=HYPERLINK(""https://stackoverflow.com/q/26393977"", ""26393977"")",0.3600713012477719
"=HYPERLINK(""https://stackoverflow.com/q/26479964"", ""26479964"")",0.49171270718232046
"=HYPERLINK(""https://stackoverflow.com/q/27144844"", ""27144844"")",0.8310502283105023
"=HYPERLINK(""https://stackoverflow.com/q/27251052"", ""27251052"")",0.47856154910096826
"=HYPERLINK(""https://stackoverflow.com/q/27654422"", ""27654422"")",0.38
"=HYPERLINK(""https://stackoverflow.com/q/27910011"", ""27910011"")",0.5307443365695794
"=HYPERLINK(""https://stackoverflow.com/q/28205136"", ""28205136"")",0.4067278287461774
"=HYPERLINK(""https://stackoverflow.com/q/29284736"", ""29284736"")",0.3634408602150538
"=HYPERLINK(""https://stackoverflow.com/q/30083737"", ""30083737"")",0.6076190476190476
"=HYPERLINK(""https://stackoverflow.com/q/30140393"", ""30140393"")",0.6033755274261603
"=HYPERLINK(""https://stackoverflow.com/q/30603268"", ""30603268"")",0.7525773195876289
"=HYPERLINK(""https://stackoverflow.com/q/30748827"", ""30748827"")",0.6004415011037527
"=HYPERLINK(""https://stackoverflow.com/q/30937903"", ""30937903"")",0.30913978494623656
"=HYPERLINK(""https://stackoverflow.com/q/31283426"", ""31283426"")",0.5548022598870056
"=HYPERLINK(""https://stackoverflow.com/q/31828743"", ""31828743"")",0.47382920110192844
"=HYPERLINK(""https://stackoverflow.com/q/32422626"", ""32422626"")",0.45040650406504057
"=HYPERLINK(""https://stackoverflow.com/q/32431471"", ""32431471"")",0.3402537485582468
"=HYPERLINK(""https://stackoverflow.com/q/33230040"", ""33230040"")",0.3914373088685016
"=HYPERLINK(""https://stackoverflow.com/q/33244972"", ""33244972"")",0.3150684931506849
"=HYPERLINK(""https://stackoverflow.com/q/33266127"", ""33266127"")",0.46453900709219864
"=HYPERLINK(""https://stackoverflow.com/q/33784361"", ""33784361"")",0.5759368836291913
"=HYPERLINK(""https://stackoverflow.com/q/33787648"", ""33787648"")",0.5000000000000001
"=HYPERLINK(""https://stackoverflow.com/q/34354848"", ""34354848"")",0.43529411764705883
"=HYPERLINK(""https://stackoverflow.com/q/34365105"", ""34365105"")",0.5486891385767789
"=HYPERLINK(""https://stackoverflow.com/q/34725593"", ""34725593"")",0.32575757575757575
"=HYPERLINK(""https://stackoverflow.com/q/34948242"", ""34948242"")",0.35864978902953576
"=HYPERLINK(""https://stackoverflow.com/q/35036498"", ""35036498"")",0.49717514124293793
"=HYPERLINK(""https://stackoverflow.com/q/35072299"", ""35072299"")",0.7025641025641025
"=HYPERLINK(""https://stackoverflow.com/q/35378561"", ""35378561"")",0.451219512195122
"=HYPERLINK(""https://stackoverflow.com/q/35434371"", ""35434371"")",0.31490787269681736
"=HYPERLINK(""https://stackoverflow.com/q/35472785"", ""35472785"")",0.40771349862258965
"=HYPERLINK(""https://stackoverflow.com/q/35576272"", ""35576272"")",0.509009009009009
"=HYPERLINK(""https://stackoverflow.com/q/35627916"", ""35627916"")",0.5225225225225225
"=HYPERLINK(""https://stackoverflow.com/q/35671636"", ""35671636"")",0.42446043165467634
"=HYPERLINK(""https://stackoverflow.com/q/36291712"", ""36291712"")",0.5245614035087719
"=HYPERLINK(""https://stackoverflow.com/q/36450108"", ""36450108"")",0.3458333333333334
"=HYPERLINK(""https://stackoverflow.com/q/36481239"", ""36481239"")",0.49624060150375937
"=HYPERLINK(""https://stackoverflow.com/q/36547545"", ""36547545"")",0.612449799196787
"=HYPERLINK(""https://stackoverflow.com/q/36666418"", ""36666418"")",0.3634085213032582
"=HYPERLINK(""https://stackoverflow.com/q/36790684"", ""36790684"")",0.40070921985815605
"=HYPERLINK(""https://stackoverflow.com/q/36906717"", ""36906717"")",0.6709129511677282
"=HYPERLINK(""https://stackoverflow.com/q/36970906"", ""36970906"")",0.3626943005181348
"=HYPERLINK(""https://stackoverflow.com/q/37103036"", ""37103036"")",0.3449275362318841
"=HYPERLINK(""https://stackoverflow.com/q/37183494"", ""37183494"")",0.41324200913242004
"=HYPERLINK(""https://stackoverflow.com/q/37302566"", ""37302566"")",0.5174418604651163
"=HYPERLINK(""https://stackoverflow.com/q/37540703"", ""37540703"")",0.25098039215686274
"=HYPERLINK(""https://stackoverflow.com/q/37671344"", ""37671344"")",0.37218813905930476
"=HYPERLINK(""https://stackoverflow.com/q/37708532"", ""37708532"")",0.3561403508771929
"=HYPERLINK(""https://stackoverflow.com/q/37728314"", ""37728314"")",0.34745762711864414
"=HYPERLINK(""https://stackoverflow.com/q/37966070"", ""37966070"")",0.7505112474437629
"=HYPERLINK(""https://stackoverflow.com/q/38081774"", ""38081774"")",0.28873239436619724
"=HYPERLINK(""https://stackoverflow.com/q/38093505"", ""38093505"")",0.4006849315068493
"=HYPERLINK(""https://stackoverflow.com/q/38173934"", ""38173934"")",0.4970238095238096
"=HYPERLINK(""https://stackoverflow.com/q/38350404"", ""38350404"")",0.4719101123595505
"=HYPERLINK(""https://stackoverflow.com/q/38604841"", ""38604841"")",0.3515406162464986
"=HYPERLINK(""https://stackoverflow.com/q/38632533"", ""38632533"")",0.6390532544378699
"=HYPERLINK(""https://stackoverflow.com/q/39018316"", ""39018316"")",0.29545454545454547
"=HYPERLINK(""https://stackoverflow.com/q/39073386"", ""39073386"")",0.4973118279569892
"=HYPERLINK(""https://stackoverflow.com/q/39150834"", ""39150834"")",0.5346320346320347
"=HYPERLINK(""https://stackoverflow.com/q/39204162"", ""39204162"")",0.37368421052631584
"=HYPERLINK(""https://stackoverflow.com/q/39412846"", ""39412846"")",0.4772727272727273
"=HYPERLINK(""https://stackoverflow.com/q/39433850"", ""39433850"")",0.5570776255707763
"=HYPERLINK(""https://stackoverflow.com/q/40234432"", ""40234432"")",0.426418439716312
"=HYPERLINK(""https://stackoverflow.com/q/40302499"", ""40302499"")",0.30376344086021506
"=HYPERLINK(""https://stackoverflow.com/q/40622083"", ""40622083"")",0.3958333333333333
"=HYPERLINK(""https://stackoverflow.com/q/40779282"", ""40779282"")",0.5641025641025642
"=HYPERLINK(""https://stackoverflow.com/q/40889493"", ""40889493"")",0.6515151515151516
"=HYPERLINK(""https://stackoverflow.com/q/41054025"", ""41054025"")",0.3138528138528139
"=HYPERLINK(""https://stackoverflow.com/q/41081462"", ""41081462"")",0.4234972677595628
"=HYPERLINK(""https://stackoverflow.com/q/41151714"", ""41151714"")",0.26817042606516295
"=HYPERLINK(""https://stackoverflow.com/q/41196237"", ""41196237"")",0.4125950054288817
"=HYPERLINK(""https://stackoverflow.com/q/41240346"", ""41240346"")",0.49084249084249093
"=HYPERLINK(""https://stackoverflow.com/q/41281064"", ""41281064"")",0.34453781512605053
"=HYPERLINK(""https://stackoverflow.com/q/41336102"", ""41336102"")",0.36873156342182895
"=HYPERLINK(""https://stackoverflow.com/q/41416908"", ""41416908"")",0.5736842105263158
"=HYPERLINK(""https://stackoverflow.com/q/41450110"", ""41450110"")",0.2924528301886792
"=HYPERLINK(""https://stackoverflow.com/q/41451123"", ""41451123"")",0.28735632183908044
"=HYPERLINK(""https://stackoverflow.com/q/41468033"", ""41468033"")",0.36708860759493667
"=HYPERLINK(""https://stackoverflow.com/q/42002989"", ""42002989"")",0.3442622950819672
"=HYPERLINK(""https://stackoverflow.com/q/42035831"", ""42035831"")",0.5072463768115942
"=HYPERLINK(""https://stackoverflow.com/q/42097946"", ""42097946"")",0.38208168642951246
"=HYPERLINK(""https://stackoverflow.com/q/42586851"", ""42586851"")",0.4743589743589744
"=HYPERLINK(""https://stackoverflow.com/q/42894727"", ""42894727"")",0.5084745762711864
"=HYPERLINK(""https://stackoverflow.com/q/42931155"", ""42931155"")",0.577889447236181
"=HYPERLINK(""https://stackoverflow.com/q/42980154"", ""42980154"")",0.4810996563573884
"=HYPERLINK(""https://stackoverflow.com/q/42982176"", ""42982176"")",0.5632368703108253
"=HYPERLINK(""https://stackoverflow.com/q/43085556"", ""43085556"")",0.3470319634703196
"=HYPERLINK(""https://stackoverflow.com/q/43234267"", ""43234267"")",0.30128205128205127
"=HYPERLINK(""https://stackoverflow.com/q/43236362"", ""43236362"")",0.4681107099879663
"=HYPERLINK(""https://stackoverflow.com/q/43267641"", ""43267641"")",0.5611510791366907
"=HYPERLINK(""https://stackoverflow.com/q/43313681"", ""43313681"")",0.2896174863387978
"=HYPERLINK(""https://stackoverflow.com/q/43332966"", ""43332966"")",0.788914198936978
"=HYPERLINK(""https://stackoverflow.com/q/43373437"", ""43373437"")",0.3056910569105691
"=HYPERLINK(""https://stackoverflow.com/q/43451568"", ""43451568"")",0.3517915309446254
"=HYPERLINK(""https://stackoverflow.com/q/43540038"", ""43540038"")",0.4811320754716981
"=HYPERLINK(""https://stackoverflow.com/q/43720477"", ""43720477"")",0.3687707641196013
"=HYPERLINK(""https://stackoverflow.com/q/43848376"", ""43848376"")",0.4388609715242881
"=HYPERLINK(""https://stackoverflow.com/q/44441556"", ""44441556"")",0.3192090395480226
"=HYPERLINK(""https://stackoverflow.com/q/44459852"", ""44459852"")",0.5339805825242719
"=HYPERLINK(""https://stackoverflow.com/q/44555015"", ""44555015"")",0.3195402298850575
"=HYPERLINK(""https://stackoverflow.com/q/44571273"", ""44571273"")",0.31818181818181823
"=HYPERLINK(""https://stackoverflow.com/q/44767398"", ""44767398"")",0.5230769230769231
"=HYPERLINK(""https://stackoverflow.com/q/44833659"", ""44833659"")",0.4717948717948718
"=HYPERLINK(""https://stackoverflow.com/q/45429069"", ""45429069"")",0.29400749063670417
"=HYPERLINK(""https://stackoverflow.com/q/45561730"", ""45561730"")",0.5788617886178862
"=HYPERLINK(""https://stackoverflow.com/q/45782023"", ""45782023"")",0.40104166666666674
"=HYPERLINK(""https://stackoverflow.com/q/46369378"", ""46369378"")",0.3254901960784314
"=HYPERLINK(""https://stackoverflow.com/q/46671944"", ""46671944"")",0.5271317829457364
"=HYPERLINK(""https://stackoverflow.com/q/46683350"", ""46683350"")",0.3903508771929824
"=HYPERLINK(""https://stackoverflow.com/q/46871316"", ""46871316"")",0.4285714285714286
"=HYPERLINK(""https://stackoverflow.com/q/47088983"", ""47088983"")",0.3680981595092025
"=HYPERLINK(""https://stackoverflow.com/q/47140334"", ""47140334"")",0.3034825870646767
"=HYPERLINK(""https://stackoverflow.com/q/47445626"", ""47445626"")",0.3676470588235295
"=HYPERLINK(""https://stackoverflow.com/q/47825470"", ""47825470"")",0.47867298578199063
"=HYPERLINK(""https://stackoverflow.com/q/47936399"", ""47936399"")",0.38023450586264657
"=HYPERLINK(""https://stackoverflow.com/q/47954848"", ""47954848"")",0.6126629422718808
"=HYPERLINK(""https://stackoverflow.com/q/47975366"", ""47975366"")",0.6324110671936757
"=HYPERLINK(""https://stackoverflow.com/q/47999199"", ""47999199"")",0.5095541401273885
"=HYPERLINK(""https://stackoverflow.com/q/48252217"", ""48252217"")",0.46616541353383456
"=HYPERLINK(""https://stackoverflow.com/q/48525653"", ""48525653"")",0.29537953795379535
"=HYPERLINK(""https://stackoverflow.com/q/48617076"", ""48617076"")",0.3740530303030303
"=HYPERLINK(""https://stackoverflow.com/q/48639220"", ""48639220"")",0.4613095238095239
"=HYPERLINK(""https://stackoverflow.com/q/48746330"", ""48746330"")",0.3314917127071824
"=HYPERLINK(""https://stackoverflow.com/q/49106333"", ""49106333"")",0.49681528662420377
"=HYPERLINK(""https://stackoverflow.com/q/49161283"", ""49161283"")",0.3768115942028986
"=HYPERLINK(""https://stackoverflow.com/q/49273961"", ""49273961"")",0.6176470588235294
"=HYPERLINK(""https://stackoverflow.com/q/49305362"", ""49305362"")",0.2780337941628264
"=HYPERLINK(""https://stackoverflow.com/q/49364530"", ""49364530"")",0.30598958333333337
"=HYPERLINK(""https://stackoverflow.com/q/49427023"", ""49427023"")",0.4281345565749236
"=HYPERLINK(""https://stackoverflow.com/q/49431314"", ""49431314"")",0.5403508771929825
"=HYPERLINK(""https://stackoverflow.com/q/49828024"", ""49828024"")",0.5788617886178862
"=HYPERLINK(""https://stackoverflow.com/q/49833777"", ""49833777"")",0.543859649122807
"=HYPERLINK(""https://stackoverflow.com/q/49980180"", ""49980180"")",0.30256410256410254
"=HYPERLINK(""https://stackoverflow.com/q/50113374"", ""50113374"")",0.3879781420765028
"=HYPERLINK(""https://stackoverflow.com/q/50182637"", ""50182637"")",0.26817042606516295
"=HYPERLINK(""https://stackoverflow.com/q/50193859"", ""50193859"")",0.39768339768339755
"=HYPERLINK(""https://stackoverflow.com/q/50198409"", ""50198409"")",0.46666666666666673
"=HYPERLINK(""https://stackoverflow.com/q/50452989"", ""50452989"")",0.2419984387197502
"=HYPERLINK(""https://stackoverflow.com/q/50484826"", ""50484826"")",0.26484018264840187
"=HYPERLINK(""https://stackoverflow.com/q/50993858"", ""50993858"")",0.316326530612245
"=HYPERLINK(""https://stackoverflow.com/q/51183829"", ""51183829"")",0.4428739693757362
"=HYPERLINK(""https://stackoverflow.com/q/51304284"", ""51304284"")",0.5157232704402516
"=HYPERLINK(""https://stackoverflow.com/q/51471314"", ""51471314"")",0.36082474226804123
"=HYPERLINK(""https://stackoverflow.com/q/51560452"", ""51560452"")",0.2886904761904763
"=HYPERLINK(""https://stackoverflow.com/q/51591354"", ""51591354"")",0.3965367965367965
"=HYPERLINK(""https://stackoverflow.com/q/51710241"", ""51710241"")",0.30625
"=HYPERLINK(""https://stackoverflow.com/q/51796644"", ""51796644"")",0.5335689045936395
"=HYPERLINK(""https://stackoverflow.com/q/51802045"", ""51802045"")",0.427807486631016
"=HYPERLINK(""https://stackoverflow.com/q/52053776"", ""52053776"")",0.2846153846153847
"=HYPERLINK(""https://stackoverflow.com/q/52210521"", ""52210521"")",0.35294117647058826
"=HYPERLINK(""https://stackoverflow.com/q/52281173"", ""52281173"")",0.41960784313725485
"=HYPERLINK(""https://stackoverflow.com/q/52303075"", ""52303075"")",0.2946593001841621
"=HYPERLINK(""https://stackoverflow.com/q/52359397"", ""52359397"")",0.5541922290388549
"=HYPERLINK(""https://stackoverflow.com/q/52360540"", ""52360540"")",0.5535307517084282
"=HYPERLINK(""https://stackoverflow.com/q/52548947"", ""52548947"")",0.30952380952380953
"=HYPERLINK(""https://stackoverflow.com/q/52558137"", ""52558137"")",0.3609341825902336
"=HYPERLINK(""https://stackoverflow.com/q/52621452"", ""52621452"")",0.5548172757475084
"=HYPERLINK(""https://stackoverflow.com/q/52770709"", ""52770709"")",0.4016260162601626
"=HYPERLINK(""https://stackoverflow.com/q/52810072"", ""52810072"")",0.40350877192982454
"=HYPERLINK(""https://stackoverflow.com/q/52876202"", ""52876202"")",0.3503184713375796
"=HYPERLINK(""https://stackoverflow.com/q/52949241"", ""52949241"")",0.3953488372093023
"=HYPERLINK(""https://stackoverflow.com/q/53154542"", ""53154542"")",0.3025362318840579
"=HYPERLINK(""https://stackoverflow.com/q/53270630"", ""53270630"")",0.6847999999999999
"=HYPERLINK(""https://stackoverflow.com/q/53545179"", ""53545179"")",0.4128440366972478
"=HYPERLINK(""https://stackoverflow.com/q/53550636"", ""53550636"")",0.38487972508591073
"=HYPERLINK(""https://stackoverflow.com/q/53588101"", ""53588101"")",0.5351681957186546
"=HYPERLINK(""https://stackoverflow.com/q/53624568"", ""53624568"")",0.28176100628930817
"=HYPERLINK(""https://stackoverflow.com/q/53627778"", ""53627778"")",0.38418079096045205
"=HYPERLINK(""https://stackoverflow.com/q/53660590"", ""53660590"")",0.47019867549668876
"=HYPERLINK(""https://stackoverflow.com/q/53670396"", ""53670396"")",0.4541666666666667
"=HYPERLINK(""https://stackoverflow.com/q/53670600"", ""53670600"")",0.3695238095238095
"=HYPERLINK(""https://stackoverflow.com/q/53739099"", ""53739099"")",0.4908136482939633
"=HYPERLINK(""https://stackoverflow.com/q/53789057"", ""53789057"")",0.7808471454880295
"=HYPERLINK(""https://stackoverflow.com/q/53849650"", ""53849650"")",0.48370927318295737
"=HYPERLINK(""https://stackoverflow.com/q/53891907"", ""53891907"")",0.3732303732303732
"=HYPERLINK(""https://stackoverflow.com/q/54001315"", ""54001315"")",0.3914373088685016
"=HYPERLINK(""https://stackoverflow.com/q/54035911"", ""54035911"")",0.6220472440944882
"=HYPERLINK(""https://stackoverflow.com/q/54042259"", ""54042259"")",0.4220183486238533
"=HYPERLINK(""https://stackoverflow.com/q/54087676"", ""54087676"")",0.3057851239669422
"=HYPERLINK(""https://stackoverflow.com/q/54148173"", ""54148173"")",0.33676975945017185
"=HYPERLINK(""https://stackoverflow.com/q/54171039"", ""54171039"")",0.33333333333333337
"=HYPERLINK(""https://stackoverflow.com/q/54193723"", ""54193723"")",0.3150406504065041
"=HYPERLINK(""https://stackoverflow.com/q/54319471"", ""54319471"")",0.40891472868217055
"=HYPERLINK(""https://stackoverflow.com/q/54383228"", ""54383228"")",0.2857142857142857
"=HYPERLINK(""https://stackoverflow.com/q/54521080"", ""54521080"")",0.3107344632768362
"=HYPERLINK(""https://stackoverflow.com/q/54557783"", ""54557783"")",0.49567099567099565
"=HYPERLINK(""https://stackoverflow.com/q/54722973"", ""54722973"")",0.402439024390244
"=HYPERLINK(""https://stackoverflow.com/q/54769852"", ""54769852"")",0.3372549019607844
"=HYPERLINK(""https://stackoverflow.com/q/54862099"", ""54862099"")",0.7247706422018348
"=HYPERLINK(""https://stackoverflow.com/q/54884095"", ""54884095"")",0.34355828220858897
"=HYPERLINK(""https://stackoverflow.com/q/55033257"", ""55033257"")",0.2699186991869919
"=HYPERLINK(""https://stackoverflow.com/q/55109739"", ""55109739"")",0.23287671232876705
"=HYPERLINK(""https://stackoverflow.com/q/55151159"", ""55151159"")",0.38
"=HYPERLINK(""https://stackoverflow.com/q/55256079"", ""55256079"")",0.4065934065934067
"=HYPERLINK(""https://stackoverflow.com/q/55376406"", ""55376406"")",0.6382113821138211
"=HYPERLINK(""https://stackoverflow.com/q/55446951"", ""55446951"")",0.46443089430894313
"=HYPERLINK(""https://stackoverflow.com/q/55494106"", ""55494106"")",0.5010615711252654
"=HYPERLINK(""https://stackoverflow.com/q/55863711"", ""55863711"")",0.3639455782312926
"=HYPERLINK(""https://stackoverflow.com/q/55868121"", ""55868121"")",0.6553672316384181
"=HYPERLINK(""https://stackoverflow.com/q/55913876"", ""55913876"")",0.34146341463414637
"=HYPERLINK(""https://stackoverflow.com/q/55954142"", ""55954142"")",0.5539568345323741
"=HYPERLINK(""https://stackoverflow.com/q/55955318"", ""55955318"")",0.4831804281345565
"=HYPERLINK(""https://stackoverflow.com/q/55967456"", ""55967456"")",0.2951807228915663
"=HYPERLINK(""https://stackoverflow.com/q/56036749"", ""56036749"")",0.240506329113924
"=HYPERLINK(""https://stackoverflow.com/q/56196993"", ""56196993"")",0.6568627450980392
"=HYPERLINK(""https://stackoverflow.com/q/56364828"", ""56364828"")",0.38620689655172424
"=HYPERLINK(""https://stackoverflow.com/q/56467472"", ""56467472"")",0.46274509803921565
"=HYPERLINK(""https://stackoverflow.com/q/56473093"", ""56473093"")",0.41441441441441446
"=HYPERLINK(""https://stackoverflow.com/q/56508749"", ""56508749"")",0.5457875457875458
"=HYPERLINK(""https://stackoverflow.com/q/56641285"", ""56641285"")",0.38961038961038963
"=HYPERLINK(""https://stackoverflow.com/q/56830368"", ""56830368"")",0.35772357723577236
"=HYPERLINK(""https://stackoverflow.com/q/56859324"", ""56859324"")",0.380952380952381
"=HYPERLINK(""https://stackoverflow.com/q/56861525"", ""56861525"")",0.4192139737991266
"=HYPERLINK(""https://stackoverflow.com/q/56977131"", ""56977131"")",0.4338235294117647
"=HYPERLINK(""https://stackoverflow.com/q/56978839"", ""56978839"")",0.5533980582524273
"=HYPERLINK(""https://stackoverflow.com/q/57022066"", ""57022066"")",0.24628450106157115
"=HYPERLINK(""https://stackoverflow.com/q/57054299"", ""57054299"")",0.38095238095238093
"=HYPERLINK(""https://stackoverflow.com/q/57063741"", ""57063741"")",0.31258644536652835
"=HYPERLINK(""https://stackoverflow.com/q/57143923"", ""57143923"")",0.2956120092378753
"=HYPERLINK(""https://stackoverflow.com/q/57242692"", ""57242692"")",0.2625
"=HYPERLINK(""https://stackoverflow.com/q/57248072"", ""57248072"")",0.5258215962441315
"=HYPERLINK(""https://stackoverflow.com/q/57390036"", ""57390036"")",0.5213032581453634
"=HYPERLINK(""https://stackoverflow.com/q/57455044"", ""57455044"")",0.4605809128630705
"=HYPERLINK(""https://stackoverflow.com/q/57819173"", ""57819173"")",0.36969696969696964
"=HYPERLINK(""https://stackoverflow.com/q/57852690"", ""57852690"")",0.5
"=HYPERLINK(""https://stackoverflow.com/q/58019278"", ""58019278"")",0.25190839694656497
"=HYPERLINK(""https://stackoverflow.com/q/58091045"", ""58091045"")",0.358974358974359
"=HYPERLINK(""https://stackoverflow.com/q/58377444"", ""58377444"")",0.2666666666666667
"=HYPERLINK(""https://stackoverflow.com/q/58437623"", ""58437623"")",0.5201465201465202
"=HYPERLINK(""https://stackoverflow.com/q/58440889"", ""58440889"")",0.5133333333333333
"=HYPERLINK(""https://stackoverflow.com/q/58553040"", ""58553040"")",0.5701754385964911
"=HYPERLINK(""https://stackoverflow.com/q/58584899"", ""58584899"")",0.3933333333333333
"=HYPERLINK(""https://stackoverflow.com/q/58592206"", ""58592206"")",0.5399267399267398
"=HYPERLINK(""https://stackoverflow.com/q/58644451"", ""58644451"")",0.28143021914648214
"=HYPERLINK(""https://stackoverflow.com/q/58814716"", ""58814716"")",0.5536723163841808
"=HYPERLINK(""https://stackoverflow.com/q/58848965"", ""58848965"")",0.38076416337285907
"=HYPERLINK(""https://stackoverflow.com/q/58899115"", ""58899115"")",0.6692307692307692
"=HYPERLINK(""https://stackoverflow.com/q/58914326"", ""58914326"")",0.5913978494623654
"=HYPERLINK(""https://stackoverflow.com/q/58959438"", ""58959438"")",0.5766666666666667
"=HYPERLINK(""https://stackoverflow.com/q/59201775"", ""59201775"")",0.40721196130167103
"=HYPERLINK(""https://stackoverflow.com/q/59204799"", ""59204799"")",0.2622549019607843
"=HYPERLINK(""https://stackoverflow.com/q/59248805"", ""59248805"")",0.5537190082644629
"=HYPERLINK(""https://stackoverflow.com/q/59311637"", ""59311637"")",0.423572744014733
"=HYPERLINK(""https://stackoverflow.com/q/59593662"", ""59593662"")",0.4481236203090509
"=HYPERLINK(""https://stackoverflow.com/q/59599787"", ""59599787"")",0.7649122807017544
"=HYPERLINK(""https://stackoverflow.com/q/59961548"", ""59961548"")",0.3792048929663609
"=HYPERLINK(""https://stackoverflow.com/q/59995973"", ""59995973"")",0.45625000000000004
"=HYPERLINK(""https://stackoverflow.com/q/60176991"", ""60176991"")",0.7596491228070176
"=HYPERLINK(""https://stackoverflow.com/q/60235198"", ""60235198"")",0.423841059602649
"=HYPERLINK(""https://stackoverflow.com/q/60401100"", ""60401100"")",0.4048582995951416
"=HYPERLINK(""https://stackoverflow.com/q/60437843"", ""60437843"")",0.2826086956521739
"=HYPERLINK(""https://stackoverflow.com/q/60485039"", ""60485039"")",0.2833333333333334
"=HYPERLINK(""https://stackoverflow.com/q/60701956"", ""60701956"")",0.627939142461964
"=HYPERLINK(""https://stackoverflow.com/q/60784209"", ""60784209"")",0.2950450450450451
"=HYPERLINK(""https://stackoverflow.com/q/61277101"", ""61277101"")",0.35884353741496594
"=HYPERLINK(""https://stackoverflow.com/q/61420508"", ""61420508"")",0.6153846153846154
"=HYPERLINK(""https://stackoverflow.com/q/61585373"", ""61585373"")",0.36170212765957444
"=HYPERLINK(""https://stackoverflow.com/q/61678269"", ""61678269"")",0.3333333333333333
"=HYPERLINK(""https://stackoverflow.com/q/61704543"", ""61704543"")",0.4731182795698924
"=HYPERLINK(""https://stackoverflow.com/q/61740109"", ""61740109"")",0.6586538461538463
"=HYPERLINK(""https://stackoverflow.com/q/61794441"", ""61794441"")",0.665016501650165
"=HYPERLINK(""https://stackoverflow.com/q/61796732"", ""61796732"")",0.3061594202898551
"=HYPERLINK(""https://stackoverflow.com/q/61809661"", ""61809661"")",0.40764331210191085
"=HYPERLINK(""https://stackoverflow.com/q/61870000"", ""61870000"")",0.42314335060449065
"=HYPERLINK(""https://stackoverflow.com/q/61871382"", ""61871382"")",0.591869918699187
"=HYPERLINK(""https://stackoverflow.com/q/61878260"", ""61878260"")",0.3214285714285715
"=HYPERLINK(""https://stackoverflow.com/q/62057838"", ""62057838"")",0.591002044989775
"=HYPERLINK(""https://stackoverflow.com/q/62221896"", ""62221896"")",0.5162907268170427
"=HYPERLINK(""https://stackoverflow.com/q/62515770"", ""62515770"")",0.22185970636215332
"=HYPERLINK(""https://stackoverflow.com/q/62701556"", ""62701556"")",0.29745889387144986
"=HYPERLINK(""https://stackoverflow.com/q/62705543"", ""62705543"")",0.6060606060606061
"=HYPERLINK(""https://stackoverflow.com/q/62724337"", ""62724337"")",0.3012477718360071
"=HYPERLINK(""https://stackoverflow.com/q/62770218"", ""62770218"")",0.6445672191528546
"=HYPERLINK(""https://stackoverflow.com/q/62818686"", ""62818686"")",0.4290240811153358
"=HYPERLINK(""https://stackoverflow.com/q/62850913"", ""62850913"")",0.4566210045662101
"=HYPERLINK(""https://stackoverflow.com/q/62866151"", ""62866151"")",0.48076923076923084
"=HYPERLINK(""https://stackoverflow.com/q/63029980"", ""63029980"")",0.5398110661268556
"=HYPERLINK(""https://stackoverflow.com/q/63061965"", ""63061965"")",0.29019607843137263
"=HYPERLINK(""https://stackoverflow.com/q/63143622"", ""63143622"")",0.6939890710382514
"=HYPERLINK(""https://stackoverflow.com/q/63153563"", ""63153563"")",0.2779456193353474
"=HYPERLINK(""https://stackoverflow.com/q/63220037"", ""63220037"")",0.3333333333333334
"=HYPERLINK(""https://stackoverflow.com/q/63300521"", ""63300521"")",0.501103752759382
"=HYPERLINK(""https://stackoverflow.com/q/63479320"", ""63479320"")",0.2877697841726619
"=HYPERLINK(""https://stackoverflow.com/q/63617176"", ""63617176"")",0.4965986394557823
"=HYPERLINK(""https://stackoverflow.com/q/63673223"", ""63673223"")",0.29480737018425474
"=HYPERLINK(""https://stackoverflow.com/q/63683903"", ""63683903"")",0.5852534562211981
"=HYPERLINK(""https://stackoverflow.com/q/63707465"", ""63707465"")",0.6001642036124794
"=HYPERLINK(""https://stackoverflow.com/q/63836412"", ""63836412"")",0.23423423423423423
"=HYPERLINK(""https://stackoverflow.com/q/63844663"", ""63844663"")",0.4871794871794872
"=HYPERLINK(""https://stackoverflow.com/q/63905034"", ""63905034"")",0.5565749235474007
"=HYPERLINK(""https://stackoverflow.com/q/64034340"", ""64034340"")",0.5047619047619047
"=HYPERLINK(""https://stackoverflow.com/q/64067550"", ""64067550"")",0.456140350877193
"=HYPERLINK(""https://stackoverflow.com/q/64118186"", ""64118186"")",0.3035143769968051
"=HYPERLINK(""https://stackoverflow.com/q/64220636"", ""64220636"")",0.40600315955766186
"=HYPERLINK(""https://stackoverflow.com/q/64237745"", ""64237745"")",0.45194274028629855
"=HYPERLINK(""https://stackoverflow.com/q/64238164"", ""64238164"")",0.33333333333333337
"=HYPERLINK(""https://stackoverflow.com/q/64286191"", ""64286191"")",0.4133333333333334
"=HYPERLINK(""https://stackoverflow.com/q/64311163"", ""64311163"")",0.37130801687763715
"=HYPERLINK(""https://stackoverflow.com/q/64370151"", ""64370151"")",0.4120734908136483
"=HYPERLINK(""https://stackoverflow.com/q/64424245"", ""64424245"")",0.44096542726679716
"=HYPERLINK(""https://stackoverflow.com/q/64445766"", ""64445766"")",0.27708333333333346
"=HYPERLINK(""https://stackoverflow.com/q/64466914"", ""64466914"")",0.38317757009345793
"=HYPERLINK(""https://stackoverflow.com/q/64490264"", ""64490264"")",0.5680428134556574
"=HYPERLINK(""https://stackoverflow.com/q/64662745"", ""64662745"")",0.4469357249626307
"=HYPERLINK(""https://stackoverflow.com/q/64862702"", ""64862702"")",0.18716577540106952
"=HYPERLINK(""https://stackoverflow.com/q/65014471"", ""65014471"")",0.3542857142857143
"=HYPERLINK(""https://stackoverflow.com/q/65083883"", ""65083883"")",0.5789473684210528
"=HYPERLINK(""https://stackoverflow.com/q/65091602"", ""65091602"")",0.5780590717299579
"=HYPERLINK(""https://stackoverflow.com/q/65112730"", ""65112730"")",0.2054263565891473
"=HYPERLINK(""https://stackoverflow.com/q/65557391"", ""65557391"")",0.21514312096029548
"=HYPERLINK(""https://stackoverflow.com/q/65587939"", ""65587939"")",0.4586466165413535
"=HYPERLINK(""https://stackoverflow.com/q/65588010"", ""65588010"")",0.44322344322344337
"=HYPERLINK(""https://stackoverflow.com/q/65794703"", ""65794703"")",0.31558185404339256
"=HYPERLINK(""https://stackoverflow.com/q/66004255"", ""66004255"")",0.39065817409766457
"=HYPERLINK(""https://stackoverflow.com/q/66196815"", ""66196815"")",0.6123595505617978
"=HYPERLINK(""https://stackoverflow.com/q/66242735"", ""66242735"")",0.4380165289256199
"=HYPERLINK(""https://stackoverflow.com/q/66301542"", ""66301542"")",0.30701754385964913
"=HYPERLINK(""https://stackoverflow.com/q/66481880"", ""66481880"")",0.28874734607218683
"=HYPERLINK(""https://stackoverflow.com/q/66802848"", ""66802848"")",0.5921052631578948
"=HYPERLINK(""https://stackoverflow.com/q/66850203"", ""66850203"")",0.4435897435897436
"=HYPERLINK(""https://stackoverflow.com/q/66890601"", ""66890601"")",0.5786666666666666
"=HYPERLINK(""https://stackoverflow.com/q/66911104"", ""66911104"")",0.3307692307692308
"=HYPERLINK(""https://stackoverflow.com/q/66978458"", ""66978458"")",0.4276729559748428
"=HYPERLINK(""https://stackoverflow.com/q/66994967"", ""66994967"")",0.6452513966480447
"=HYPERLINK(""https://stackoverflow.com/q/67000519"", ""67000519"")",0.20711974110032363
"=HYPERLINK(""https://stackoverflow.com/q/67017725"", ""67017725"")",0.2607260726072608
"=HYPERLINK(""https://stackoverflow.com/q/67140089"", ""67140089"")",0.44798301486199577
"=HYPERLINK(""https://stackoverflow.com/q/67187727"", ""67187727"")",0.3538461538461539
"=HYPERLINK(""https://stackoverflow.com/q/67220443"", ""67220443"")",0.4439834024896265
"=HYPERLINK(""https://stackoverflow.com/q/67510845"", ""67510845"")",0.32352941176470595
"=HYPERLINK(""https://stackoverflow.com/q/67599026"", ""67599026"")",0.29213483146067415
"=HYPERLINK(""https://stackoverflow.com/q/67665053"", ""67665053"")",0.3058823529411765
"=HYPERLINK(""https://stackoverflow.com/q/67701971"", ""67701971"")",0.3900709219858156
"=HYPERLINK(""https://stackoverflow.com/q/67824647"", ""67824647"")",0.41252302025782694
"=HYPERLINK(""https://stackoverflow.com/q/67858202"", ""67858202"")",0.4363636363636364
"=HYPERLINK(""https://stackoverflow.com/q/67884578"", ""67884578"")",0.5741496598639455
"=HYPERLINK(""https://stackoverflow.com/q/67913372"", ""67913372"")",0.4951456310679612
"=HYPERLINK(""https://stackoverflow.com/q/67986503"", ""67986503"")",0.4608076009501188
"=HYPERLINK(""https://stackoverflow.com/q/68026237"", ""68026237"")",0.4785276073619632
"=HYPERLINK(""https://stackoverflow.com/q/68183782"", ""68183782"")",0.577319587628866
"=HYPERLINK(""https://stackoverflow.com/q/68277786"", ""68277786"")",0.31578947368421056
"=HYPERLINK(""https://stackoverflow.com/q/68301259"", ""68301259"")",0.3360215053763442
"=HYPERLINK(""https://stackoverflow.com/q/68353491"", ""68353491"")",0.2743589743589744
"=HYPERLINK(""https://stackoverflow.com/q/68365432"", ""68365432"")",0.35884353741496605
"=HYPERLINK(""https://stackoverflow.com/q/68406550"", ""68406550"")",0.31410256410256415
"=HYPERLINK(""https://stackoverflow.com/q/68434877"", ""68434877"")",0.3666666666666667
"=HYPERLINK(""https://stackoverflow.com/q/68445784"", ""68445784"")",0.28030303030303033
"=HYPERLINK(""https://stackoverflow.com/q/68455445"", ""68455445"")",0.32926829268292684
"=HYPERLINK(""https://stackoverflow.com/q/68461155"", ""68461155"")",0.540983606557377
"=HYPERLINK(""https://stackoverflow.com/q/68682392"", ""68682392"")",0.5273809523809523
"=HYPERLINK(""https://stackoverflow.com/q/68823604"", ""68823604"")",0.3356112376613515
"=HYPERLINK(""https://stackoverflow.com/q/68841924"", ""68841924"")",0.35526315789473684
"=HYPERLINK(""https://stackoverflow.com/q/68855213"", ""68855213"")",0.27296587926509186
"=HYPERLINK(""https://stackoverflow.com/q/68915712"", ""68915712"")",0.5459183673469388
"=HYPERLINK(""https://stackoverflow.com/q/68990264"", ""68990264"")",0.37527593818984556
"=HYPERLINK(""https://stackoverflow.com/q/69024905"", ""69024905"")",0.5772357723577237
"=HYPERLINK(""https://stackoverflow.com/q/69106929"", ""69106929"")",0.39750445632798576
"=HYPERLINK(""https://stackoverflow.com/q/69226644"", ""69226644"")",0.2118380062305296
"=HYPERLINK(""https://stackoverflow.com/q/69269073"", ""69269073"")",0.42141623488773744
"=HYPERLINK(""https://stackoverflow.com/q/69343391"", ""69343391"")",0.5070175438596491
"=HYPERLINK(""https://stackoverflow.com/q/69430842"", ""69430842"")",0.40625
"=HYPERLINK(""https://stackoverflow.com/q/69634197"", ""69634197"")",0.5279329608938547
"=HYPERLINK(""https://stackoverflow.com/q/69693666"", ""69693666"")",0.31615120274914094
"=HYPERLINK(""https://stackoverflow.com/q/69922626"", ""69922626"")",0.7788778877887788
"=HYPERLINK(""https://stackoverflow.com/q/69938565"", ""69938565"")",0.4613095238095239
"=HYPERLINK(""https://stackoverflow.com/q/69947700"", ""69947700"")",0.4666666666666667
"=HYPERLINK(""https://stackoverflow.com/q/69979524"", ""69979524"")",0.549618320610687
"=HYPERLINK(""https://stackoverflow.com/q/70117426"", ""70117426"")",0.3747534516765286
"=HYPERLINK(""https://stackoverflow.com/q/70268372"", ""70268372"")",0.24195624195624202
"=HYPERLINK(""https://stackoverflow.com/q/70380755"", ""70380755"")",0.3515625
"=HYPERLINK(""https://stackoverflow.com/q/70460327"", ""70460327"")",0.314207650273224
"=HYPERLINK(""https://stackoverflow.com/q/70462753"", ""70462753"")",0.5459940652818991
"=HYPERLINK(""https://stackoverflow.com/q/70503281"", ""70503281"")",0.5417925478348439
"=HYPERLINK(""https://stackoverflow.com/q/70584991"", ""70584991"")",0.4021956087824351
"=HYPERLINK(""https://stackoverflow.com/q/70718627"", ""70718627"")",0.798076923076923
"=HYPERLINK(""https://stackoverflow.com/q/70783834"", ""70783834"")",0.3316912972085386
"=HYPERLINK(""https://stackoverflow.com/q/70956772"", ""70956772"")",0.38048780487804873
"=HYPERLINK(""https://stackoverflow.com/q/71054340"", ""71054340"")",0.6531531531531533
"=HYPERLINK(""https://stackoverflow.com/q/71056275"", ""71056275"")",0.30952380952380953
"=HYPERLINK(""https://stackoverflow.com/q/71137452"", ""71137452"")",0.438860971524288
"=HYPERLINK(""https://stackoverflow.com/q/71141972"", ""71141972"")",0.4324894514767932
"=HYPERLINK(""https://stackoverflow.com/q/71145168"", ""71145168"")",0.4462365591397849
"=HYPERLINK(""https://stackoverflow.com/q/71178934"", ""71178934"")",0.47107438016528924
"=HYPERLINK(""https://stackoverflow.com/q/71209046"", ""71209046"")",0.43468468468468474
"=HYPERLINK(""https://stackoverflow.com/q/71250169"", ""71250169"")",0.533003300330033
"=HYPERLINK(""https://stackoverflow.com/q/71256030"", ""71256030"")",0.6037414965986395
"=HYPERLINK(""https://stackoverflow.com/q/71375452"", ""71375452"")",0.6144927536231884
"=HYPERLINK(""https://stackoverflow.com/q/71474667"", ""71474667"")",0.4812362030905078
"=HYPERLINK(""https://stackoverflow.com/q/71486174"", ""71486174"")",0.3792048929663609
"=HYPERLINK(""https://stackoverflow.com/q/71693539"", ""71693539"")",0.415686274509804
"=HYPERLINK(""https://stackoverflow.com/q/71739677"", ""71739677"")",0.59375
"=HYPERLINK(""https://stackoverflow.com/q/71801133"", ""71801133"")",0.5938864628820961
"=HYPERLINK(""https://stackoverflow.com/q/71941824"", ""71941824"")",0.23913043478260873
"=HYPERLINK(""https://stackoverflow.com/q/71947311"", ""71947311"")",0.37015503875968986
"=HYPERLINK(""https://stackoverflow.com/q/71958719"", ""71958719"")",0.3057471264367816
"=HYPERLINK(""https://stackoverflow.com/q/71973445"", ""71973445"")",0.43832020997375326
"=HYPERLINK(""https://stackoverflow.com/q/71989724"", ""71989724"")",0.440771349862259
"=HYPERLINK(""https://stackoverflow.com/q/72041129"", ""72041129"")",0.375
"=HYPERLINK(""https://stackoverflow.com/q/72059905"", ""72059905"")",0.4732965009208104
"=HYPERLINK(""https://stackoverflow.com/q/72061078"", ""72061078"")",0.2052980132450331
"=HYPERLINK(""https://stackoverflow.com/q/72142357"", ""72142357"")",0.4432624113475178
"=HYPERLINK(""https://stackoverflow.com/q/72164211"", ""72164211"")",0.3027522935779817
"=HYPERLINK(""https://stackoverflow.com/q/72182801"", ""72182801"")",0.44227642276422763
"=HYPERLINK(""https://stackoverflow.com/q/72197029"", ""72197029"")",0.4682926829268293
"=HYPERLINK(""https://stackoverflow.com/q/72257812"", ""72257812"")",0.36512820512820504
"=HYPERLINK(""https://stackoverflow.com/q/72268105"", ""72268105"")",0.39607843137254906
"=HYPERLINK(""https://stackoverflow.com/q/72397057"", ""72397057"")",0.6376811594202898
"=HYPERLINK(""https://stackoverflow.com/q/72422180"", ""72422180"")",0.5950413223140496
"=HYPERLINK(""https://stackoverflow.com/q/72435181"", ""72435181"")",0.3733333333333333
"=HYPERLINK(""https://stackoverflow.com/q/72464761"", ""72464761"")",0.49874686716791977
"=HYPERLINK(""https://stackoverflow.com/q/72492810"", ""72492810"")",0.41875
"=HYPERLINK(""https://stackoverflow.com/q/72493611"", ""72493611"")",0.37817638266068754
